battery_level,memory_ratio,network_reliability,data_quality,rounds_since_participation,reliability_score,data_volume,gradient_quality,should_select,round_number,device_type
0.6034454650254106,0.3893503098193045,0.7990088216247537,0.5598183598656824,0.0762081665569803,0.6230145997948673,0.8083061240230477,0.3606915861102978,0,43,camera
0.8918778145378395,0.815210210325844,0.9917474899508458,0.7566045270678858,0.10372398083170264,0.4008322906159145,0.9282057218888782,0.34533478313500865,1,96,actuator
0.9893953353293725,0.618188139231654,0.8244197493778486,0.2627280318897954,0.16479244967540468,0.9102501309555977,0.20507992422342305,0.28860630084172173,1,68,tracker
0.3336602476740909,0.10751688645736657,0.8855517225131243,0.1981390883906227,0.25504786877667934,0.8918669564686442,0.8041276915180268,0.18568344070651993,0,61,tracker
0.6530505329833709,0.402104872226319,0.6515075301140649,0.4568334834128744,0.26725982678710064,0.5881132537701181,0.36059245574071924,0.1972659435961362,0,5,camera
0.17571117217158627,0.38191582224145565,0.9530020273873789,0.5800400738515069,0.03415414871464709,0.7621343901038571,0.6192751795158934,0.4569804006213019,1,2,tracker
0.4246851086361354,0.835826965943411,0.7588196111925115,0.5907163515572326,0.2840892413283492,0.666431012615938,0.14981225100040158,0.35446255864107884,1,74,actuator
0.5529914999856487,0.9489934864464559,0.9257341798810658,0.3877485784055653,0.03576624245479613,0.6569173588934137,0.38310748558089064,0.22614162768442106,1,62,camera
0.3871059315790538,0.995732476032839,0.8936803151075122,0.47687267798732735,0.009333524265942783,0.5687150396012988,0.3396580751904077,0.24611433963692114,1,64,tracker
0.6834966220439964,0.9009813776704797,0.9953650503187257,0.4703212951067299,0.6232403019983852,0.7611037816909565,1.0,0.3407144634333989,1,44,tracker
0.8425936534863772,0.22714325779358518,0.9711704159665436,0.2708977646366273,0.2653701640379457,0.7892439799296042,0.8436734047245046,0.211054954233418,1,7,camera
0.7199114675320345,0.3039122987687968,0.7893524040617006,0.35323735388650435,0.5726837551826767,0.7489154656045828,0.6144364429633206,0.2731020807640536,0,60,actuator
0.589443851411478,0.46975685723212407,0.9897301096859101,0.30100657693804606,0.11929998528727948,0.7765498759972262,0.11557104515269588,0.24660674288388862,0,30,sensor
0.6036930672777154,0.6877922058017224,0.8035184045575284,0.43236999173690727,0.49082243571852124,0.5218638355035007,0.5321242323537453,0.2197728950400489,0,11,tracker
0.6945939430885014,0.5155309096517741,0.868984072459108,0.6208298065220427,0.15664895594057343,0.743269331826182,1.0,0.5215788453550622,1,68,sensor
0.9079346898577164,0.7088795019083449,0.7877755839790642,0.5101090163467742,0.011434847884557892,0.8563024528398364,0.49260014892016935,0.47045355609467454,1,70,camera
0.6532950335650092,0.5071207684649404,0.8866002516696132,0.7170710890269342,0.12457467494740224,0.8367929699266056,0.7834577977157825,0.6095680217526634,1,86,sensor
0.8909543352297207,0.1258166999048147,0.7723875119344532,0.32848813866407744,0.02884270872821476,0.9222270105453523,0.5573218808208774,0.27591139767115125,1,53,tracker
0.9720774817395763,0.6576378463944912,0.8928055135440692,0.6198447638159793,0.007214779213780768,0.8471441840349634,0.9266457801149299,0.5113799714255571,1,38,tracker
0.5889339599564064,0.8057309173438242,0.770167274399418,0.2097914490965311,0.5627984365580005,0.6782532755398698,0.39203387597492717,0.16869865448950683,0,82,camera
0.9265162075494264,0.11320055234625599,0.9186191600604684,0.8213774075211002,0.0073419087143539825,0.8832577603446031,0.33688325639866606,0.8084476723320715,1,77,camera
0.2428193664203422,0.14396589568080517,0.7401672223450628,0.8019426501538002,0.031011332819775927,0.46481455688670237,0.005774983352142324,0.345512869423436,0,98,camera
0.07836480518615221,0.05065521254991779,0.7831746457499312,0.7708779631602778,0.028947834915691438,0.8372838245590445,1.0,0.6402281559579982,1,33,actuator
0.8097754252636702,0.885173877017626,0.8132563105587266,0.5101092464067103,0.5241215043964014,0.4249123001434695,0.42264443151625974,0.21279613816879103,1,6,camera
0.537544882700574,0.42549531001003243,0.8152198582855898,0.684942391303135,0.47971614024933107,0.8310383298325165,0.3552125375252033,0.6872732265578209,0,61,actuator
0.27097361798705655,0.2960634321098041,0.8277214390547449,0.2449270434085078,1.0,0.6669446908343749,0.9349181472118225,0.18008283939848443,0,79,tracker
0.9602920278861746,0.9798861606565511,0.8735344811420412,0.4983670929227371,0.24295151996920042,0.7685121646667403,0.4045787382697856,0.38235881497799473,1,13,sensor
0.8919414876585694,0.35098011885389374,0.7368851984433982,0.41041620826113756,0.5606637539003204,0.707104468497688,0.49698654028439737,0.30881878661760886,0,28,tracker
0.6201267879541417,0.9809788006855192,1.0,0.23792902354885817,0.03552997472733323,0.6897734821256545,0.8582282483728186,0.16008191429272572,1,27,actuator
0.7654201292795793,0.48523361387557495,0.879834424485384,0.35147134484426,0.232954046627511,0.855847420353419,1.0,0.3132555338519262,1,83,sensor
0.6339610024938457,0.63414912744797,0.7668736606219092,0.9471468461436453,0.7120662582619264,0.7324699186577666,0.3854694044468532,0.7064332264156272,1,81,sensor
0.14861725069264362,0.876925716524707,0.7338522854529194,0.8666850813412817,0.6667122534921459,0.7251933725334863,1.0,0.5760657747233907,1,44,sensor
0.8834607100759427,0.8325672210796626,0.8191477735084197,0.6276153931690842,0.6692041797090595,0.6477592336464376,0.41328126779099345,0.4501973931761121,1,65,actuator
0.40552727683377215,0.5824292510257933,0.712064572118333,0.3054872571624075,0.9705815446089389,0.409912318404976,0.38452409920841873,0.14571618084641347,0,80,sensor
0.5732042579823692,0.5799461063086201,0.8132779946236135,0.4686530509147819,0.14516441444628586,0.9002306980387835,0.8998187201438507,0.48519749262756634,1,76,tracker
0.9905249785386622,0.8746976609673562,0.8783134778298205,0.30495039536220525,0.12086442386862062,0.7369821220941807,0.7210466706700479,0.21985228335080564,1,90,sensor
0.7746028702234503,0.6653729132517836,0.6482476036942214,0.7146246398759566,0.08421702506111675,0.5614953057944861,0.715541089147241,0.4248609937547141,1,65,actuator
0.407210782845115,0.6419144972675426,0.7285314965370381,0.5057649743403706,0.3500192592758771,0.8383772665452711,0.3004402591197731,0.4366074392528801,0,70,actuator
0.6970146345983832,0.9184488574337912,0.9433576382275066,0.18007569976671267,0.5360582217104477,0.6930901169220661,0.56151517475849,0.11086819068547694,0,9,camera
0.995646308413008,0.1939083795931386,0.82363072393624,0.7867945974400943,0.5154551574125964,0.33620455476094974,0.8374650611770326,0.24493821185714165,1,27,tracker
0.38405680406210396,0.9301175885373271,0.8548283569764936,0.6591566616502263,0.06175664334817309,0.7971729121672183,0.9852667884753277,0.5274032609798546,1,64,actuator
0.6465661700458025,0.11072422983751584,0.7381929515801879,0.1589171280942668,0.2314462225528074,0.8254919633558744,0.886687202654408,0.13253346488610837,0,31,camera
0.6814462157740105,0.25773623966987796,0.6854245066632025,0.6736114570084691,0.5701923771712215,0.18012687673946687,0.7250458364817791,0.11349139365352669,0,81,sensor
0.7612205664751446,0.6563971529225405,0.8934116835861585,0.12785632050386175,0.2457238409451779,0.8890735760857835,0.04803405161327212,0.11771411307412065,1,2,camera
0.9573971468628439,0.17978214816383925,0.7012314365407805,0.3432330041483655,0.007557806451485183,0.6874959560098756,1.0,0.2441917625114685,1,84,camera
0.08810813501266272,0.019369129837700217,0.9508273177732205,0.7099898643013802,1.0,0.6767382033206604,0.7659177283014593,0.4895003316903223,0,71,actuator
0.7113026077191114,0.6644985210351884,1.0,0.4445187031016654,0.295682892117271,0.8728575016458223,0.11630699406338475,0.3590887983741585,1,98,camera
0.9225890312540524,0.038236072722983294,0.8968270959959896,0.49715303429053226,0.2418294439819014,0.30877387885610075,0.6813258107603406,0.17610971874602022,0,85,tracker
0.534294518311072,0.5714402970847063,0.8015183045314629,0.9083269263238145,0.3365674557459942,0.8935348912199751,0.2225919225128334,0.7976129760457897,1,26,sensor
0.5749855719991205,0.8852800950203267,1.0,0.9358350706321449,0.02176955362335025,0.9643843999573095,0.20901466377092498,0.7954008473580737,1,87,tracker
0.7634964996882833,0.4654503346383982,0.7441805344208199,0.44047320530370154,0.41224227607842606,0.7577640274891011,0.16131166981921227,0.3832962213323354,1,41,camera
0.9649770326021209,0.8607310390890461,0.8118873787422467,0.2104039394955364,1.0,0.3062310266562021,0.3996677099329068,0.06991354952774224,0,39,actuator
0.3449995660360003,0.3916938885785492,1.0,0.8820805585972218,0.09776818511148495,0.754665690741267,0.5799395307702717,0.6055767168438256,1,97,camera
0.7110198866996008,0.6041441496012602,0.8822918446499696,0.7672154618211438,0.19657308941403584,0.8042239522160568,0.39730498413443704,0.6905536650422167,1,4,actuator
0.6119251404601724,0.9251738235317248,0.6143316249327582,0.38107863880365295,0.28705416157386954,0.6802955520502662,0.5201757286320248,0.26729217348623047,1,37,actuator
0.5930515012838125,0.48906317505851143,0.7915450419093473,0.4958199445012382,0.2628317203816417,0.8668282989169158,0.1738412836924495,0.47498840060501774,0,45,sensor
0.7279493340849258,0.989642512540137,0.8603971380769777,0.7306510289624458,0.26468627758960606,0.7767809802122274,0.9035010700363383,0.6235935765111872,1,70,sensor
0.9966030843182349,0.5036624177425838,0.887567926840466,0.6001926201718123,0.16203465052156907,0.9359553979797139,0.5507968404469128,0.5561543874806435,1,85,actuator
0.8548722356690086,0.4010630135125869,0.7814347107344063,0.4964874625021366,0.05785739890955308,0.3721912106090912,0.3918584271545937,0.20017000080054978,0,31,sensor
0.6775495462954869,0.9351349339826439,1.0,0.42006240057929606,0.018453469914450793,0.1620635960187934,0.39361804911447723,0.06197889020235252,1,2,tracker
0.8149356403624564,0.7824192022939749,0.9982132579197236,0.6009027089373972,0.05412615956413476,0.5256455379461108,0.23915376398014565,0.3205178174256641,1,79,tracker
0.7086514297592903,0.952564982458194,0.8860770078379961,0.27517007510937597,0.26512628210028666,0.8191785379457718,0.77800103625745,0.22820441476033582,1,88,actuator
0.9485112403223416,0.8501329075486197,0.7303927230503013,0.697270466939856,0.2016907672955405,0.5875666983105089,1.0,0.43286337239106054,1,30,camera
0.5888001698599843,0.43759856483201737,0.8784440034794563,0.5865216231284496,0.3886087876073696,0.8058616844056934,1.0,0.6008116302008701,1,98,sensor
0.5544783357003131,0.7841379444865589,0.6874113149359639,0.6937760540581362,0.24998520998762253,0.742798099557924,1.0,0.49157479765224427,1,98,tracker
0.6430636401163483,0.4985328828553005,0.8895534551381215,0.4371829919259175,0.1121271841963917,0.687261374669224,1.0,0.30527373871671604,1,36,actuator
0.9350968822091076,0.22757852987007707,0.7280984488923196,0.5656418359829423,0.7413423903974917,0.7596544960613326,0.35956244471055543,0.4574384362219016,0,10,actuator
0.30471553298579984,0.7416988279454648,0.7485184996495472,0.5716163758862521,0.7420478421888503,0.7199941489047199,0.735654113881897,0.33940701218959757,0,46,tracker
0.17451837443382406,0.32959154761403414,0.8214751827849384,0.329013738889009,0.3251349125384428,0.8032086988190982,0.348647618992346,0.3043725475437564,0,73,actuator
0.5088674580635191,0.3258898703731991,0.7877303683071444,0.1871132131206762,0.5043702956197949,0.632745436291667,0.7359549603485184,0.14185303741860122,0,21,camera
0.41306382590310514,0.9151070174756283,0.8194526187606618,0.3460087563539527,0.1723589077100492,0.9291984397035159,0.6484528461424127,0.3357721602176731,1,47,tracker
0.17833916176660866,0.12926896836302676,0.7753089044091891,0.4739912126419639,0.36041772272307215,0.4410823446317376,0.6245850872107567,0.18212289050696015,0,89,tracker
0.9801686828196944,0.061055461032978556,0.6150931242493297,0.6909596511131865,0.033597947876504636,0.44527941650957736,0.26012243058075046,0.29945213960433237,1,6,tracker
0.41141871975213173,0.9744743122338166,0.8393469770473726,0.6350455475488802,0.9208073266954344,0.7006608269726555,0.30933582109330043,0.43572442734203615,1,68,camera
0.8883737360829363,0.6217959045315858,0.7674978650346864,0.14690754790760477,0.17775223397313417,0.6933412170538192,0.503365228177128,0.09367360436253765,1,87,sensor
0.6793622374367023,0.3736611759837551,0.8282303694355122,0.4025564503398577,0.7650309022361691,0.7210623699154982,0.5119716238491214,0.28032435951968093,0,95,actuator
0.27291861202291345,0.23550063952005437,0.7314195167481594,0.6205803537584079,0.02278030665068866,0.6066023382216388,1.0,0.3626575703604744,0,53,sensor
0.508771055221185,0.1945476076494681,0.735292608993711,0.5862164981226783,0.28829611400513117,0.5246860773798276,1.0,0.33720070637632116,0,89,actuator
0.751832376147146,0.26227218741170055,1.0,0.31159497100654837,1.0,0.6849505740087971,0.9477540414492804,0.2055103882261062,0,46,sensor
0.5671843832568793,0.6559600863181944,0.9912139080688169,0.7604505914182078,0.3156076233254571,0.8712299705401729,0.9049354015893104,0.5564712604235349,1,38,tracker
0.8768690737523662,0.48039245203357556,0.7824206642711947,0.4313705315862368,0.06841536318639684,0.3745604477641231,0.9258605470329644,0.15437440641519887,1,76,tracker
0.5224006835447483,0.8766446946541874,0.6615986977428051,0.535977566714662,0.36070066391000744,0.5899261408343365,0.1745676625801283,0.3433353062548939,1,80,camera
0.4079450890446435,0.9046347249163254,0.9287710338001081,0.5453621740698019,0.8487848734326512,0.3853535825173138,0.4928766906081295,0.198850022954888,0,49,actuator
0.6564317009597439,0.7632074866080568,0.921578633755124,0.7243828641804895,0.031051138866734145,0.9521739411871192,0.5488888684358852,0.5953282066094111,1,79,camera
0.9924250655357132,0.9961600737985832,0.8396102584478893,0.32157522699934266,1.0,0.485158310433476,0.5712163688676385,0.14623875067564504,1,80,camera
0.7903011922550435,0.7658520314805798,0.5856629808924092,0.8624282089586147,0.4725150960835605,0.7641992858430793,0.42256846150823163,0.5751140342960196,1,77,camera
0.6712215204786017,0.5913748771123577,0.7696840641077326,0.523490040847275,0.10891502682696244,0.794462658038786,1.0,0.3725393534456839,1,73,tracker
0.698792373136019,0.7995807070547267,0.8577739133617895,0.28150149110687706,0.054847704739470815,0.5739854095063055,1.0,0.17295735097725945,1,9,tracker
0.9176880390059925,0.05184064625539872,0.87341180952799,0.2643443874667355,0.4290439637999855,0.8097959057863218,0.2584628115070525,0.21399229874121745,0,44,camera
0.9685576982165737,0.33703209301304093,0.8074438948116511,0.603487332567535,0.17304755495514867,0.8417074345695299,0.19638557234159723,0.5278935301637079,1,1,sensor
0.5310234239779237,0.4905528741018145,0.7406785200140481,0.9693039449812837,0.04653107909056529,0.6384318406304019,0.2338082000317099,0.5754865092442699,1,4,tracker
0.7065723281568631,0.9770203426307317,0.9632121858752357,0.583716546175988,0.23009531119148705,0.8858028812114555,0.5653722574489695,0.4833988520193793,1,94,actuator
0.8879310311653453,0.8344006489904239,0.94808821333346,0.20981568666854228,0.6074159319518865,0.37094955472088215,0.3976479715122665,0.09585384181013022,1,31,tracker
0.9250505729672164,0.8445866733415068,0.9939498516008096,0.18553327139879114,0.27492293475133495,0.5208847954622923,0.5196924507099279,0.10185105140501995,1,17,camera
0.9871638662295499,0.9920248251692882,0.8608871987537321,0.6285187332283688,0.4454609312493732,0.7099560035148531,0.8909847527990589,0.34904745195546494,1,38,actuator
0.03642974701971118,0.11513660587522498,1.0,0.8514759150541718,0.32668565219170215,0.8887819198523933,0.9186437823597311,0.7762738444273709,0,18,camera
0.5640296092372614,0.41377644384899703,0.8013899600079781,0.435082646654726,0.060526134131632284,0.7892104526282091,0.3482158184066991,0.36195905385465305,1,57,sensor
0.7004982605009316,0.9418975016115416,0.8463957346618803,0.6697272945370835,0.4105705881554459,0.576182907771382,1.0,0.40877867861570794,1,61,actuator
0.7117679261719693,0.1515509223360882,0.977032238257974,0.43239549748994843,0.44624103571838863,0.7645228277128061,0.5342884768397848,0.3745604726884569,0,9,sensor
0.46603953326696745,0.9659008694812562,0.8670969297661637,0.7596526853355673,0.34166596588809706,0.638585747048137,0.1166237274925014,0.468321479579376,1,94,tracker
0.338386741956022,0.998886272006336,0.9318787956252425,0.09967559260179487,0.2570900310681593,0.723155702808394,0.18362684987832584,0.08648296922852013,0,58,tracker
0.9637604149677489,0.6662742851129171,0.9629392309332945,0.6464862243478329,0.3570987455180844,0.8602512018383659,1.0,0.6465971527784461,1,77,tracker
0.32708341076592423,0.5649056956918712,0.9102390336827483,0.8461678987953651,0.1846840671111901,0.8189275960439938,0.7705955047791608,0.8504438128354878,1,24,camera
0.9378557931634948,0.6181327141551458,0.8164513553283699,0.4722072190995225,0.1458021207142501,0.7385072154236012,0.9099779354022461,0.37784809709883627,1,99,sensor
0.5790043565036245,0.8500093037857959,0.7780105912447579,0.7596157643015162,0.05382404167142367,0.9075457650867472,1.0,0.7763504734223658,1,86,actuator
0.5342668072794471,0.3817533207960748,0.7629360326999066,0.5815346383391136,0.19687801629401516,0.6898921221390345,0.7146159952511427,0.4072555042643367,1,40,tracker
0.10302107615721554,0.0003842709296064683,0.9468897885969672,0.37587041669430454,0.48958589040295103,0.5224042259342002,1.0,0.14606558173553394,0,41,tracker
0.9930664534901108,0.565432647092273,0.8156386984135732,0.3133725933230674,0.6231388578836909,0.7781288474040925,0.391353332662386,0.23513708960414192,1,37,sensor
0.8192505857803642,0.683537779346287,1.0,0.09469248174716882,0.08671873604568645,0.42884245435597335,0.323851370960523,0.03389449407457729,1,48,actuator
0.8296986638396441,0.3500231070192768,0.9161954439852952,0.49590409211311615,0.03491447814917995,0.9714391665804911,0.3624886353513744,0.48152285107567205,1,7,camera
0.7692898542505917,0.9616568019165939,0.589013821958721,0.8677804396514133,0.09156662379308775,0.800237865302831,0.17955472219599095,0.6609019997608886,1,41,sensor
0.9090239707844224,0.6323903365683189,0.7430643361156763,0.8974890069541359,0.8048440049877046,0.7070147511152534,0.30169508877498724,0.6668882953633178,1,95,camera
0.5445889688012369,0.7689738516619474,0.7811760000280132,0.2276194150237996,0.11159798739191569,0.6918706190814402,0.41296611352100526,0.15372502690465134,0,24,sensor
0.8626976779453582,0.7229564512494673,0.7931473587214577,0.5665103506551344,0.1706750555399439,0.915308164189142,0.5402172423368352,0.4765477475943734,1,37,actuator
0.6900446690692126,0.5306157096100839,0.9010872514459908,0.4619137239650698,0.03925214427261679,0.7970788579032051,0.527095316682572,0.39410458862140557,1,11,sensor
0.5286711129147887,0.8370225417851125,0.9218706518037808,0.8966931916613113,0.04038651113585341,0.2125244564086329,0.9171489224110589,0.22522180283253104,1,85,sensor
0.5078682425498786,0.3815366098855319,0.7903193651043058,0.7333303159941433,0.30300729243500457,0.6442882766624969,0.46227558459313517,0.5759668765624973,1,23,tracker
0.867538882610679,0.4404549831118024,0.8963139533369624,0.580929546495422,0.24395353693776087,0.7929432853431648,0.03719020656098996,0.4813571251971508,1,57,actuator
0.7755253669862376,0.15588370258470285,0.7679102393591806,0.5645538583342011,0.11911893046285327,0.7698252161645059,1.0,0.4001532023864559,1,60,actuator
0.9500720237409239,0.4301063020595383,0.7870897395791034,0.6037830205794138,0.0974329692853386,0.5200360053288728,1.0,0.31533896219793184,1,87,sensor
0.8037998668511548,0.6146657004247925,0.7203443552682788,0.9357703838984114,0.2667650750262648,0.9112523961639866,0.6979801089976713,0.9030054413678765,1,79,sensor
0.7137847901357823,0.22977678063925464,0.9630055126596808,0.7870314156661201,0.2914111614445363,0.7443805337494506,0.9141997264847068,0.49871419019855473,1,3,tracker
0.43562883109822936,0.7011675548423006,0.8450075693662454,0.41052203916394664,0.5433682204320072,0.800251279929032,0.8454005398346597,0.28371527068447966,0,36,actuator
0.6553719822981071,0.5952911694107947,0.8271768262226167,0.4447286725482808,0.22297109361896625,0.7584638748524178,0.45036283967280555,0.37362334613820786,1,65,camera
0.5296508065564862,0.09018785189295192,0.9525385587650633,0.8023355584940535,1.0,0.5224451138287092,0.7977537377195513,0.37485908481701274,0,98,camera
0.9284636545855404,0.9664525330488486,0.7779454115638721,0.5682777354338212,0.08088889379062349,0.9633800601317473,0.4260347591716861,0.4496428922349041,1,62,camera
0.8054330491177172,0.8619606707627818,0.5924570021415083,0.11702258335976307,0.21847220586012384,0.6589945643599487,0.40985269094919324,0.08675627437420069,1,46,actuator
0.9080815526368518,0.5156071293378384,0.9191649556271215,0.49964223605034447,0.3037094470999624,0.811859497983907,0.4604949490853454,0.48406492568469794,1,37,actuator
0.9730715375029043,0.8090753891250156,0.9605266323671651,0.2937487244862227,0.2693419138684779,0.9185722254655202,0.356500687359012,0.26123406114731135,1,62,camera
0.9725689096203571,0.7212082910407988,0.9020691620165909,0.7176544226413948,0.3886143885336201,0.6830915147985083,0.4235631201772177,0.4111289775517688,1,60,camera
0.777437994602899,0.052574216100387386,0.8369467792400043,0.6845557467993976,0.6206539689441559,0.5445981586214115,0.5175835876675547,0.401727841634552,0,90,tracker
0.679375265842266,0.9884327689948458,0.7590583344286314,0.08525171669016378,0.04672950961240559,0.9735787608458194,0.10717466697954242,0.08546466721813434,1,89,sensor
0.23803686234325272,0.04090832563363503,0.6955682568380408,0.2530334678061859,0.11737530712254296,0.9306503728685983,1.0,0.2463274306718839,0,93,sensor
0.9379170979818771,0.04551612882834028,0.8042270571553616,0.4923965650955096,0.5427013360000972,0.7289838614085414,0.4655596591267796,0.2928346721231804,0,14,actuator
0.7176278019401398,0.7691749670421765,0.7620113203354925,0.8965662618718441,0.2174654799255618,0.6860195863337779,0.4775663577929704,0.6044558014515911,1,67,camera
0.565522963565547,0.20920434461355042,0.8148226636459548,0.732799396691621,0.15469940257865647,0.7707870176238869,0.5066234430727588,0.5899438972172988,1,61,actuator
0.7089936978033751,0.35282034225544473,0.8055271879294786,0.4585950565289525,0.18379273226849246,0.8019878459021383,0.14045393459431008,0.36778150062124465,0,52,actuator
0.8560110757410686,0.664129430307603,0.7795656042436419,0.03630777752653112,0.1192565049735822,0.9146591019121882,0.8811681882985863,0.03199931085426355,0,47,camera
0.9903641357493378,0.5637565997529884,0.8116612049379931,0.5847518876476068,0.1676410296809491,0.4211877326385949,0.8552062087762321,0.2796429280050284,1,75,camera
0.9271482525688083,0.3305466539293637,0.86298439952559,0.41794021567309697,0.12745936193522028,0.80550175687573,1.0,0.3978797118569602,1,12,actuator
0.6664498776632045,0.401782501592181,0.878885507219873,0.3337737796857682,0.37793173496432086,0.8675660206632968,1.0,0.24474973560407326,1,57,tracker
0.934561018044335,0.6298430275949997,0.7617728586185156,0.4449832208295681,0.3155368485824263,0.6059245845003173,0.5113860449701693,0.2543536528443453,1,3,camera
0.5942125682219599,0.9500862778875756,0.9346386006213183,0.21265193545309358,0.2953864742263587,0.7783414723726519,1.0,0.2017264559102657,1,42,actuator
0.9613160649417023,0.9147785488519351,0.9546009718180986,0.14617832250556786,0.16660560411441958,0.9091510908902211,0.8479324008416574,0.122642745862789,1,19,actuator
0.48542374415591305,0.6505697249701378,0.6430297000352229,0.48932537126655407,0.08084067675671333,0.4164608002695871,0.63677725530051,0.18783514086134073,1,16,sensor
0.9315693139492843,0.8904398273243638,0.8391956075494356,0.4754445659988895,0.049426184023469696,0.9634437517246037,1.0,0.5204276682866826,1,54,actuator
0.3133476406836259,0.429398074110697,0.6070785409886856,0.27401447077373436,0.22477068523753135,0.6488612822893941,0.23719308534087716,0.21037924138806566,0,67,actuator
0.8037235773266039,0.7315342389843857,0.8269409417793581,0.33515393018031553,0.18602120655850155,0.7305708053056871,0.21274553062274473,0.17868480880562052,1,15,camera
0.6306345654327438,0.7575098468273518,0.9477226978693499,0.78428490764021,0.11927613303486476,0.864498737358131,0.47603097736469063,0.6393383704940943,1,55,camera
0.7264837427671251,0.22101652404243546,0.9326898169632138,0.10451530941088184,0.16081381409397147,0.8300089580100203,0.6240180652366857,0.08120041781945005,1,90,camera
0.3403870232088112,0.6292651959749284,0.7840535455003687,0.2747401097318869,0.03045183162506677,0.728613328884967,0.046790053298661684,0.19043568592238927,0,37,tracker
0.9775622985297432,0.6981461122625017,0.9677873924906133,0.45642669961848054,0.03543967592700752,0.9713444172745621,0.3128823656456589,0.4182228794604611,1,68,sensor
0.15224665468372714,0.7997538547915507,0.8756616609420989,0.3871275768538118,0.04572934268330213,0.9480229940258631,0.34271214007107376,0.37182712771436993,0,65,tracker
0.9541480305590098,0.3751697061718559,0.6662505509117861,0.36715138498031274,0.47654819414559607,0.4049782741083863,0.7308478604890963,0.14235737716683092,1,21,actuator
0.7224352136989379,0.5642986398952069,0.8261054795370504,0.3669934397944063,0.08253441212852848,0.9034949568256341,0.4936087741288516,0.366906334076909,1,86,sensor
0.7724712202229856,0.2985812566725016,0.7462201508419066,0.35777083222997064,0.24845269991554503,0.8447641605718685,0.2174559948644144,0.2715118806576591,0,45,sensor
0.8938892721960914,0.9405666138492041,0.8820789799683812,0.7818307853952593,0.1837640538371048,0.5633956603738457,0.37344552506653284,0.375438467207643,1,80,actuator
0.9300973052707485,0.7563950568154797,0.7761530693449215,0.6952931886045478,1.0,0.4616316000712601,0.36174948001002266,0.2840435853824488,1,41,camera
0.8915848297126744,0.4850814725692132,0.8701091769545087,0.5697425956650999,0.7303578551538358,0.7742713638224487,0.4548309589329163,0.4539493457393643,1,53,sensor
0.6089837842384294,0.9964721637940215,0.9003378811483586,0.3318991658564564,0.07514447482524751,0.7167499818871463,0.7938450067397352,0.21758826025256847,1,78,tracker
0.7456762009240067,0.6381182217346265,0.9075338141387075,0.7097305152277974,0.600178651088178,0.33855321983986897,0.09315885217785493,0.2426644087596669,1,21,tracker
0.9796137489691116,0.8385565993845353,0.6681346153193686,0.2298723413877228,0.1812357675809657,0.302771442322074,0.7694413507758413,0.07537991368509678,1,87,sensor
0.32820421781071046,0.8277723420130376,0.9809355534887438,0.0703979164407747,0.7880859206049635,0.6077277905254755,0.5574513848388392,0.04016590019862887,0,28,tracker
0.7567627374462981,0.6256553036097008,0.9485827759929704,0.6749013744086665,0.6082283912026439,0.7605732993086531,0.5605926257780989,0.5953697969619007,1,20,tracker
0.8522032686174782,0.977978774341456,1.0,0.32754519710394087,0.5461314112464869,0.6665222789327916,0.7168786054988404,0.2284085650229288,1,31,sensor
0.3739407142576113,0.6571684952340184,0.9566534041699026,0.7230133232467114,0.09574999951541792,0.3715379947283035,0.4774874325826011,0.29782294797699016,1,47,actuator
0.6326952213551152,0.7316397233272017,0.7529286826154129,0.38326169861641773,0.20649124985198633,0.7024284493522139,0.28713399468407347,0.28221539673026524,1,75,actuator
0.3468943889595773,0.7794441170163474,0.7634378519233747,0.518506321046189,0.05949178496803661,0.8279649550664131,1.0,0.41359508480497276,1,8,sensor
0.44680176183953885,0.7829812208926983,0.708483917868967,0.7606209283849101,0.08758957371907349,0.6273140539420682,0.5942003424680405,0.5098451379625889,1,96,tracker
0.8847409623309832,0.6500116682950247,0.9232274424350992,0.16790041529662952,0.10485299941568375,0.9245513470383817,0.466695374209229,0.1772334757122559,1,53,actuator
0.36030794901921764,0.21580580597482413,1.0,0.6709343080550465,0.5981436455328374,0.7073242987626613,0.5296649426637636,0.44816715841671695,0,27,camera
0.5680131587490518,0.14680434081105093,0.7394957397656018,0.36241357404657853,0.19341332838244146,0.8880842925128791,1.0,0.32595417546763655,0,14,actuator
0.7856725893905679,0.4646895931270778,0.8633586264198035,0.358232113199689,0.23001097373941523,0.4783660655033404,1.0,0.1939751795527426,1,59,camera
0.3452261677410789,0.8732918554382401,0.9485556950449466,0.6123225993661362,0.006767164063718359,0.21766213209905672,1.0,0.13692567946691245,1,14,actuator
0.4203342150961982,0.9540919100756884,0.8606681359897264,0.6075949771567253,0.060512825296868765,0.6210198638998233,0.7235658510683546,0.4617960120352022,1,27,tracker
0.8116230825949717,0.7090923284232814,0.7442681351712064,0.8104249972284756,0.6433683131347158,0.7311153839952149,0.7808661088174512,0.5889636585025911,1,27,sensor
0.48913669009295907,0.9913015877108458,0.8598356266094008,0.7689278681311158,0.7449478250083013,0.33398818833918964,1.0,0.2591537629533209,0,21,sensor
0.9138723646382965,0.4662567848216854,0.8414670751925917,0.24480590983646702,1.0,0.6752777469215505,0.4985300171208489,0.1315560510553124,0,93,sensor
0.4506345906105434,0.6270351225735581,0.7844188526646408,0.21144708962604825,0.39505508043316506,0.7629693290112537,0.4462497678856252,0.1568186369447849,0,97,actuator
0.5225459447529569,0.3311396753361556,0.8493398684106829,0.3910633178984785,0.21320265334712607,0.609333118701616,0.38053436111968963,0.2606480891479173,0,69,tracker
0.9943717147495871,0.5867435045595986,0.7645867134723249,0.13349475490318918,0.04785766600393736,0.858395537404139,0.49847888895517933,0.10651907332049189,1,19,actuator
0.2809699826816924,0.27614091702897103,0.8757032812718843,0.16929380936006877,0.2332166879930139,0.9248049931341903,0.5560586468136699,0.16636944978146456,0,8,tracker
0.7542188345951273,0.9698211303525861,0.644784243543882,0.7025992178963413,0.037015033833752604,0.430939241479406,0.2929151698305126,0.2857359131390367,1,10,camera
0.4151108890158842,0.6158840211789992,0.9221304530349282,0.40509276058616983,0.7521042616660885,0.7309223950339471,1.0,0.28758096100350544,0,64,actuator
0.2730740893853017,0.26559463579674597,0.9371500465958349,0.06620191045205469,0.3068235349114564,0.7452242371296064,0.8911761545217565,0.0511340517113041,0,76,sensor
0.7325288378301411,0.8780303008637789,0.8119046484963934,0.5057892410984025,0.30461131893915566,0.5297220320401811,0.6360607406654818,0.28354188756531135,0,78,camera
0.5809401652983335,0.041559083410793465,0.880910740499195,0.49546792406720525,0.15279454100741394,0.4786640329511668,0.5777487398417681,0.19813704496850681,0,24,camera
0.528376786146978,0.4309507765017754,0.9681139302247013,0.44462315763739146,0.023781146235314028,0.8322352303895469,1.0,0.3265224230082495,1,44,actuator
0.24931444209776674,0.2723319267855733,0.9247197049833322,0.640352079800339,0.5697974118512281,0.4320149398932555,0.4444683594228764,0.2509578365173413,0,1,actuator
0.8006079708441213,0.6369830138540377,0.9353631583505,0.37463619966390244,0.19540430340788603,0.7552915064403717,0.705843194831743,0.28775555099313577,1,45,camera
0.6386027388163175,0.26508828990335825,0.655437636688675,0.12196584866960457,0.13488473570280748,0.9509194369942272,0.9477484693196687,0.10574563309588358,0,59,actuator
0.8137273504162433,0.8984226681013496,0.9403981482916641,0.2553894923360487,0.12227427096221836,0.6233228297390453,0.8471992557549767,0.1414701491239456,1,99,actuator
0.9119445085672335,0.5543397139952262,0.711018024426221,0.505546734349163,0.5654949820167002,0.641744706692203,0.914247988669115,0.34844629290563595,1,75,actuator
0.6409446485632192,0.61833047387555,0.9075816450369121,0.38143352281732923,0.05295375817186006,0.6834618403929258,0.24291097961609828,0.2921973370295615,1,93,camera
0.8826431810020394,0.5802061795659078,0.6722042180554068,0.13522925728245744,0.06178903123307622,0.5375315549232756,0.19464462022194748,0.06894993837842728,0,21,sensor
0.9973588074391982,0.6075073262690917,0.7605979091176452,0.48415213880067565,1.0,0.4087939923493249,0.7278763068727891,0.16199319564569692,0,36,tracker
0.9342604698908604,0.37844114921861066,1.0,0.28593699356284175,0.38683028772142525,0.7138142957452659,0.39417221252262274,0.2266907184329619,1,13,tracker
0.7148073037757872,0.8860444183136604,0.7669310280937649,0.7742533612126717,0.5966935090228385,0.6655611766257297,0.28691865664593974,0.5086309784244212,1,24,tracker
0.893623811919727,0.9612544640535464,0.9261519946868814,0.29384571524251335,0.30273255106738417,0.8290436535350955,0.5102040458568762,0.2467686112679789,1,60,tracker
0.6755735737841966,0.9000255466159173,0.7779273650350218,0.33046250025037355,0.4460312370555554,0.7368216767416199,0.30574537776326555,0.2113804310525504,0,78,camera
0.18107457912101863,0.06174502119875986,0.7795013307103508,0.27359791860692523,0.007523373738124501,0.6595178662802875,0.243768450045452,0.18734935063164418,0,41,actuator
0.7198372628734879,0.13334956936852896,0.9645852727948588,0.31703355556768625,0.006248134133494336,0.3146618956128581,0.501349948263754,0.10561375354541887,0,41,actuator
0.5763648429927904,0.7716816944233738,0.9986889519078852,0.432575471140965,0.04392045849895241,0.6785547880178927,0.5695682432937631,0.2995276546956831,1,17,camera
0.28486795212794735,0.1900087080174818,0.9287754852372356,0.5096435372947457,0.17732932451152936,0.6189643529863934,0.12636256829190787,0.3401017654803186,0,36,actuator
0.3681490529529428,0.01474104711790049,0.9473071934323765,0.7394694082573847,0.025825697318919448,0.9217655496320265,1.0,0.5707524715976735,1,14,actuator
0.7478255459376598,0.08121373370487317,1.0,0.6730863487700435,0.43338537574022074,0.7145801857412514,1.0,0.5081717346890671,1,12,sensor
0.4071078272469175,0.5045701375997474,1.0,0.5017802182772849,0.5197596583593002,0.5960149813654374,0.40412204420218717,0.3057498439076701,1,85,actuator
0.35233296070387526,0.5299007287611263,0.7492997880888419,0.45651900711870946,0.25220394220339815,0.6079557342541061,0.3797382851140993,0.2561020096342838,0,90,tracker
0.42840136018034497,0.37733810859924205,0.8725652018794029,0.3162407749006874,0.781737745556247,0.3155526667133665,0.39664123814189084,0.10646012579019971,0,9,sensor
0.7906347288240735,0.36115026675259476,0.8140718845507589,0.7134351794186711,0.07951697407452682,0.5779154892571812,0.6756953199202657,0.35544510924445627,1,23,sensor
0.3551950830674396,0.8753350171735544,0.7251258864746446,0.7021668550563106,0.31683887709812825,0.845296580031264,0.5197351490550947,0.6077644738626595,1,13,actuator
0.8447554411997683,0.7231570876939876,0.9464453899979666,0.35691276922058357,0.7062644535551821,0.5618287523385146,0.3173664381270365,0.2096614083223207,1,6,actuator
0.9337137710133279,0.9587811123275127,0.7700482236949727,0.8611219907259766,0.2768448197195863,0.47793075721357525,0.07784255268800898,0.41854818339191535,1,82,camera
0.9296303638351725,0.4840286829282147,1.0,0.8722943766680923,0.12943820998465488,0.8749884936610481,0.19263460828414114,0.909054250287941,1,29,camera
0.6616145531965197,0.2229964515673635,0.6182451945981708,0.62929938060366,1.0,0.6236724755159198,1.0,0.4185446773389277,0,39,actuator
0.3965070458735395,0.03482636675080274,0.8600293787380122,0.6639507659872985,0.19404424643999885,0.5068295987510699,0.9397497932588565,0.3290493676296226,0,31,actuator
0.9288543283256865,0.4596100767641833,0.9359964475763716,0.20288406227409442,0.5891309603366481,0.6749422889605661,0.9621217783145226,0.14310737702870016,0,7,actuator
0.9318231364560915,0.9145728307073437,0.5810533695916873,0.1470196903152754,0.057210001342255776,0.9792604747027471,0.36350414343202275,0.13696092638942484,1,57,sensor
0.7597290397121309,0.07096037340826547,0.8638777526945922,0.5560063286196385,0.012538587227821158,0.7325138870748313,0.9549990057013147,0.41311074859300023,1,88,actuator
0.7408799064623449,0.5498323904841648,0.832081081009086,0.42584398705382775,0.19997571559248564,0.936087613534871,0.6227792443195862,0.40050580484945103,1,27,actuator
0.6870796663399525,0.15010049617262222,0.6115366742473296,0.3754312706594028,0.283481827324569,0.41791050621250164,0.8050620864486421,0.1772995907933448,0,42,sensor
0.984853013985263,0.83453163281044,0.6459652421874117,0.4058259813367964,0.03523909009626784,0.7774465556944096,1.0,0.32810582568760144,1,65,tracker
0.39273843329122676,0.020157869185097033,0.9417145997147229,0.17216486801536426,0.2410508820885618,0.7242262549760126,0.2557016526835987,0.12241913545110718,0,84,camera
0.7115873972948559,0.563108030073422,0.6829198174498369,0.5070761654886834,0.2947497363871717,0.8330512508891758,1.0,0.44002663726476726,1,78,sensor
0.24596330835168298,0.24137889401456236,0.8671764874722664,0.6578496719018376,0.4167561499971635,0.8383570271020885,1.0,0.4125237767481064,0,11,camera
0.6737085930004052,0.6767498192874667,0.8772901980575928,0.39613003990897994,0.053060229515676904,0.8144207660969628,0.26911802016013703,0.3319764434517449,1,77,sensor
0.21843415647243114,0.7180326927315851,0.881611669600985,0.42259631762618893,0.022826070707808625,0.9522010428538583,0.5514407606373802,0.44505781183381166,0,86,sensor
0.7640402796248681,0.5451098712472935,0.7771540141658009,0.5613486100842636,0.248031095604807,0.856909388418404,0.3853628044010044,0.4623139244227131,1,99,actuator
0.7976858854776019,0.863172558726988,0.6756446840507282,0.4560818023419496,0.7383943157588195,0.5312326341444007,0.18799529268358642,0.230669992103374,1,5,tracker
0.6660585500213141,0.4242313459696585,1.0,0.10923186577653098,0.07605714370709157,0.6692696524668635,0.29336247020567435,0.07046981157034693,1,20,sensor
0.252370176742979,0.26247216189198747,0.6340677325901879,0.9215097479135034,0.5269088662413951,0.7226082926226933,0.27749846711586473,0.5858835279547329,0,62,tracker
0.8186667525602609,0.6201385119044741,0.8461611707024623,0.21368071354365484,0.002177984620456417,0.7833238717320907,1.0,0.1644256405485535,1,49,actuator
0.6142184429686124,0.7485761378109375,0.8960082466433394,0.7349334792192255,0.08969634318901268,0.7850065614925821,0.718621829578903,0.5470798763714124,1,65,actuator
0.7175608049897381,0.7585553965862757,0.9335337228372467,0.9259312610693651,0.94888877437273,0.7075524036553695,0.32839252421645687,0.6427444947829895,1,15,actuator
0.9137591055658076,0.422718197787076,0.9037990519251204,0.27766175989518577,0.14988025467740945,0.8571067229610883,1.0,0.24989839248547743,1,80,tracker
0.4837875668508867,0.41387176283606963,0.9151045271930157,0.7200599064582581,0.07383715761538813,0.8459424222839207,0.3482620774576461,0.6431500860904922,1,93,tracker
0.8590167900175139,0.8117913066391101,0.7587177864074834,0.49671409824392065,0.3193043356303661,0.7976842256773632,0.7064052488287883,0.4242989166607114,1,78,actuator
0.993418693364714,0.4653790344759801,0.8309337432639269,0.30025567432765454,0.16378964938271978,0.7471941369569416,0.7810643534764423,0.251040206800337,1,99,tracker
0.6669440550137592,0.08289313145479936,0.9727615326420123,0.3211884261739055,0.4936415129673225,0.4825322435457902,0.35699012730955965,0.15653958012470737,0,58,camera
0.4822728680351604,0.3481852833637688,0.811469233719825,0.5895298171756367,0.6097128280492831,0.25815890868959546,0.4608212615069633,0.14769040561032468,0,60,sensor
0.755217820153321,0.6974403667053262,0.7798421835751929,0.25103623219690246,0.43710607214267067,0.2636955302156879,0.4227787748203313,0.07399840738980178,0,14,tracker
0.8149228414439426,0.6559976585984696,0.7981431412505144,0.667237121630214,0.16852504478299313,0.8898123997582013,0.18802808456624268,0.6753048085259133,1,92,sensor
0.6514837197595711,0.9478402429252452,0.8514029667938898,0.46787870219512906,0.10276003999647662,0.6484476596201704,1.0,0.26580547168624924,1,36,actuator
0.8566488139401907,0.040387893973710905,1.0,0.5851392864859565,0.06197825969179167,0.5624102817774114,0.6839447018013093,0.3803164867164065,1,64,tracker
0.7875460645096842,0.6297982589108423,0.8007320079947652,0.6960561254260188,0.12107091605365025,0.7465704362097515,0.29714106003832835,0.5712997620928645,1,11,camera
0.9092071056432615,0.9788834713097283,0.9491456032478154,0.5273477697034997,0.8217081393921057,0.6914334200471903,0.27042292814296265,0.39357199245983643,1,34,actuator
0.7779924546080016,0.8019572158133899,0.8768434402860518,0.5325229318316484,0.359363929162282,0.6144643228746705,0.24410379854953826,0.33914314881770563,1,85,sensor
0.37842661267012834,0.0788997493703626,0.8804808010275588,0.31622704537807755,0.3721051649085625,0.676416034935053,0.7043357171176592,0.2447310483107362,0,56,sensor
0.4716624320389473,0.06154831108361521,0.8712427477127347,0.13509185714843933,0.7474070266407052,0.5588748217854885,0.44534059181763486,0.08606761428731932,0,17,sensor
0.6603585725067646,0.27119554064825235,0.9435408192423004,0.5584226896184239,0.04600513159983986,0.797976689384827,1.0,0.40948551934024774,0,47,actuator
0.8368964678803678,0.1695006232682203,0.8453063444368795,0.6010415747578541,0.4021140691543671,0.7694725262588762,0.5649273755440658,0.4941391424570685,1,32,sensor
0.49283946822328734,0.9662352714763982,0.8580872043801312,0.8544135336649278,0.2839706723494103,0.7564818591140837,0.7076815785440164,0.6351810777098502,1,7,sensor
0.8673257622099341,0.10983022388818829,0.8454351905248059,0.5167570600073607,0.4039388009691528,0.5252641875139864,0.43019908515839295,0.2624154777511681,1,4,camera
0.5115067043152823,0.5303284394220091,1.0,0.48318744936764213,0.6737838010692117,0.765612822937529,0.3841742848910885,0.41097575757914656,0,88,camera
0.7194750530972822,0.32655309080163364,1.0,0.6760602333826982,0.3684336960798458,0.465054850723132,0.8970699720912901,0.28192996713652013,1,15,sensor
0.12568864661822465,0.08347874533846013,0.9048174860987817,0.23604521085731311,0.1675373993013389,0.9112991482378638,0.42221344163231767,0.21501887565612987,0,56,actuator
0.8510799050799427,0.9574027426845148,0.8080908966169786,0.33654017167604966,0.5672970406115845,0.6765761358559226,1.0,0.20840040170742008,1,22,sensor
0.7322653780823554,0.9687906380271499,0.7911039961590395,0.6095348838015473,0.1277021208994134,0.8528872475746968,0.6234720609718541,0.5405638002026039,1,75,camera
0.7139269625257737,0.6805197776180681,0.8417036330568145,0.5323951230327064,0.25750938727287354,0.7698767998757109,0.6273923993819269,0.40931549390278377,1,1,camera
0.19530379779386875,0.23707009521347933,0.9836714029149567,0.3093857915859696,0.34855259881579354,0.7365885915566902,1.0,0.2775678330431989,0,10,camera
0.9977913629809744,0.4109776470345623,0.7903718728790903,0.5369884004392532,0.1761217695884953,0.9088403540354819,0.29069579245688865,0.5547251967872062,1,25,tracker
0.8931416130639305,0.7580161417820639,0.7086375434959351,0.5324067083891054,0.11733222540084398,0.7688821137856192,0.4536908830628521,0.4313266772674248,1,5,tracker
0.8351965633226449,0.8504360032636578,0.8768206977428328,0.3032362020464472,0.4703334014861881,0.6925111862005469,0.3266120687231974,0.19329380855343822,1,50,tracker
0.9769726225802111,0.749426976011133,0.9175008548480914,0.6379113472964161,1.0,0.14106918559020085,1.0,0.07163707062043255,1,21,actuator
0.35253054369745773,0.7448332869627227,0.8538053668517283,0.8190998311094706,0.40187906298306936,0.5114351089969796,1.0,0.43115575483251334,1,92,tracker
0.6467618344638325,0.7859057453771053,0.7810420025306212,0.5078031125573131,0.53919544709833,0.5216006908560201,0.5567316542691259,0.24845033299978814,1,67,sensor
0.9824118966510991,0.9665298561290667,0.8222535473403507,0.14939914631657494,0.03264044151117913,0.7050984419656229,0.6127682616959222,0.11595850960083127,1,77,sensor
0.6270447226314673,0.7484849744134228,0.837537184055228,0.7481022851327761,0.04570122636559278,0.9609479956313606,0.22203839663408173,0.8687022687394396,1,31,tracker
0.5741181518626666,0.7587922918589859,0.8681193053554686,0.4501864494057935,0.05860344759299911,0.6645195269572162,0.8207228986328755,0.29305198135589416,1,58,sensor
0.9490454154618726,0.6249239510090654,0.8168195304482656,0.7805856272529725,0.3335715771230036,0.4504758513833209,0.7206042416210678,0.32424875379801693,1,66,camera
0.44043945563615633,0.36289962434208634,0.8213904467231623,0.25491754838709685,0.21345299235667645,0.5808854829085783,1.0,0.12718142834943097,0,65,camera
0.16932414146807181,0.20591369041836993,0.8933750156308409,0.6772683383722993,0.09074047791449438,0.7376069645255482,0.4107987570645281,0.4651973412106541,1,64,camera
0.9137557511743921,0.7875538942619146,0.9216472702823767,0.18887940811136492,0.022930463438819076,0.8213320125979521,1.0,0.17115837812198925,1,49,tracker
0.35747351455692705,0.46307616395363166,0.8758252569875152,0.5751089047161242,0.08850609331395416,0.7157000356456212,0.784373633527976,0.4749819960404527,1,22,camera
0.7447800249932574,0.8913357631243601,1.0,0.26736677928797953,0.9883839498972492,0.5731939482286752,0.8789118538848697,0.12785544436451968,0,38,sensor
0.5946518836132083,0.4482021370623081,0.9062116620769202,0.19916947737581303,0.7330883003302032,0.41078812268899445,0.5520396580860683,0.09290384023268244,0,10,camera
0.918714875618484,0.3043649800808499,0.9436265797194608,0.3624038730973967,0.48886486371726623,0.6358726821408058,0.1562059809131173,0.20941354558187605,0,26,actuator
0.6625555697631255,0.06051860434314243,1.0,0.44040582417834606,0.07289327761674094,0.9106757724561658,0.3098326749760597,0.37135643104841987,0,77,tracker
0.9975436651476115,0.7421337832328492,0.9206724786431641,0.7292199600949769,0.3268412499334296,0.3915879951564632,0.061961113488400034,0.29863710208969857,1,71,actuator
0.5956627637455278,0.8241330285229787,0.9280603181060323,0.9127651739467652,0.40946676244865393,0.4529979642862339,0.8972247828817782,0.39023296562387955,1,89,sensor
0.1936457936767385,0.03715892404803657,0.9595952446588878,0.5102982392302232,0.14561771630674622,0.9470000257464919,0.3308147959283945,0.43868016079990646,0,51,tracker
0.30124498179906056,0.47070580744538554,1.0,0.678297645705642,0.6723589079250528,0.5202932342885159,0.5781226768973742,0.304866661183082,0,42,actuator
0.9500824832598005,0.48481071167556344,0.9484593257422751,0.5265057547941888,0.5828031443670861,0.7022558517049932,0.983801630457867,0.36379559513053944,1,67,actuator
0.2970905888984004,0.17717861348736744,0.8132350120781894,0.2978268361835658,0.10205245853402829,0.9012685636718912,1.0,0.28923469956513015,0,73,sensor
0.777495010292462,0.974735195700646,1.0,0.5949427017614607,0.08519517272339326,0.8323245122643891,0.8638511218800662,0.48762004622733124,1,36,actuator
0.7188364699226172,0.7239752148257296,0.7427220199725019,0.6317400740656725,0.3770989014683776,0.2779803891882333,0.3380377535319588,0.18903455364589636,1,65,sensor
0.8235191380855228,0.7087722188993536,0.8122726467076762,0.3848306449153858,0.5694397384666481,0.5646596358208041,0.46424500083175857,0.2314795919390905,1,93,sensor
0.44498740466136893,0.32477006085738686,0.8124168909626408,0.3667841416849471,0.35824504740375773,0.8912720138555572,0.1833153011792377,0.30861708035737917,0,70,camera
0.6990143967318851,0.03089414304770612,0.9065326675976318,0.8361341123117735,0.15604733816268343,0.896270839013328,0.1287714171734975,0.7988859571912513,1,93,tracker
0.23807786347248536,0.009056901226286725,0.7720544669078929,0.09595874753812086,0.09332353916227273,0.7714569031545514,0.9793658955052418,0.06747512882952127,0,32,camera
0.9307685219402715,0.42373001670812205,0.8108885385577276,0.41814134398112035,1.0,0.04855815483115697,0.7630975271189355,0.021346551839796342,0,47,camera
0.8511702246867856,0.7388655476107796,0.8440461304986183,0.45803063308152303,0.2299538626038013,0.7986557483140518,0.543014878380045,0.3925535405117192,1,2,actuator
0.7354344130372724,0.6197858110437653,0.8223806594677758,0.20875722805440564,0.010652944525023902,0.826766547116131,0.22274150919859473,0.1728237807937504,1,41,tracker
0.7936840352591392,0.9972592737354038,0.8355226415125909,0.2274830115248518,0.10602124476999064,0.5171940938888161,0.9842624041514906,0.11339993572266834,1,73,sensor
0.9402313033785031,0.7749055372649847,0.8703351174854845,0.6094866256961936,0.11607004017186381,0.8940480734129713,0.3470755574517688,0.5731633942175746,1,28,actuator
0.8308406493536084,0.6921121185985826,0.6528589552298827,0.5361467660426134,0.5552584892153418,0.46808399390299943,0.486235760581387,0.2336610150759033,1,51,sensor
0.9720413379342674,0.7139770710931008,0.8926733787540622,0.6052236054563289,0.07848465064282031,0.9352756732147742,1.0,0.6749452475027221,1,65,actuator
0.17052989084054,0.35442531603495014,1.0,0.11669315812247961,0.14653419787227792,0.8694369416136633,0.11149490134212726,0.1131348513719579,0,98,camera
0.8801034348012181,0.5478434120749567,1.0,0.7641003054018335,0.21606641593274722,0.6773238245776739,0.47813375464458513,0.5296172767981653,1,31,sensor
0.24855212332044535,0.2554511982270531,0.8930908039899677,0.795527020596618,0.394191385090232,0.14974140951405068,0.17418069485729035,0.0976936043094978,0,26,camera
0.4930326687932652,0.3896257517046405,0.9534802823720366,0.319081889225673,0.34416748552344495,0.7968651972588082,1.0,0.24638846117495647,0,96,actuator
0.8940640619457617,0.5194900680404096,0.897689901881374,0.5438890711104483,0.14995568207286372,0.299312897506859,1.0,0.1576977962468679,1,94,camera
0.7051603577947554,0.20683623197792958,0.895149280085968,0.4018606201262131,0.1344244658827361,0.4568797273721568,1.0,0.19997787932765893,1,14,actuator
0.6822182474092262,0.21992213588130333,0.8381847260656772,0.23516021402104229,0.7069975728217072,0.5675185180632586,0.12013786598938102,0.10843642749726855,1,27,tracker
0.6678131103804735,0.22886872704446182,0.920384883614535,0.4269794078224697,0.0037697980668807024,0.7851869478627548,0.5773799874760388,0.3247758473410701,1,6,camera
0.48603857320305116,0.5742353543345856,0.7539160408665349,0.11999390859156353,0.22459456008879358,0.7665965597094102,0.17456793733527579,0.09762187283292738,0,2,actuator
0.8881053752999901,0.5505165002956189,0.7482696556915532,0.46950963654939515,0.10272696239187114,0.8924094110314725,0.36558312727941994,0.4572700791770397,1,36,sensor
0.9378033649439572,0.3135974383447717,0.7864349319448908,0.5380393463918052,0.25610262177077675,0.3759442006431436,0.730354191644011,0.21707868000439642,1,32,sensor
0.9938348471566321,0.2358706144180719,0.7539243528828008,0.8337868709588985,0.24593046369953311,0.879684221153128,0.4599080730629903,0.5891942062635839,1,26,actuator
0.5698420423098385,0.9656922272611826,0.7546054427606462,0.6826910114305733,0.06660305515184922,0.8530629613682296,0.5138325980591342,0.47277976413310785,1,72,tracker
0.8019692529112687,0.7992079477731584,0.7493025035925489,0.15928492160863325,0.17050918691018077,0.792825915347303,0.22734803985037122,0.12645796817529203,1,79,sensor
0.8069782100145447,0.49148094975248696,0.7142209052375942,0.3162657951886846,0.26522094550583236,0.8816464834543645,0.21290592876772033,0.25479689453209897,0,95,sensor
0.7810991831867208,0.1504205249818363,0.9479594924095178,0.4157959483738751,0.6293959026369069,0.728028435396484,0.7543297769153996,0.25476793551196086,0,11,actuator
0.8651137764920546,0.9553032500388785,0.8825305601771083,0.6799014796505755,0.0749886945184004,0.7946053499923007,0.3427239034000294,0.5238001160028853,1,57,camera
0.6633704238862754,0.685081201377419,0.8385624865134576,0.3367523793910466,0.6898554749171637,0.6285496166461237,0.605088673444111,0.21583660557734827,0,28,camera
0.637107833812821,0.666875514365792,1.0,0.5396898187856152,0.2086698239627482,0.8749252036317942,0.7198849917386166,0.5036578942281957,1,49,actuator
0.6792797358987973,0.6190480692967862,0.9836722408040666,0.8156787208199283,0.8706619807394226,0.7348806379249965,1.0,0.6154333097511338,1,39,tracker
0.9405543673416903,0.7000114931576895,0.7735115757776951,0.386766525078876,0.04515955248523784,0.5477711373669338,0.6075222449843478,0.1955207870278586,1,11,sensor
0.42206425827335803,0.37361934600546576,0.6999178176140985,0.8261539442720269,0.8595134920655221,0.3310404346870916,0.6274581088626195,0.29750456563137084,0,67,camera
0.9925678861546827,0.41079481015828234,0.7172192069837655,0.07649212303433486,0.06659047067989057,0.9290668366243792,0.35076161908576636,0.06661276668543267,1,18,camera
0.8083946046502776,0.14692546863372424,0.9335743837549604,0.6866093570402382,0.049229627720695834,0.7258543265191123,0.48328869784561557,0.47492115759859643,1,79,sensor
0.965294892633181,0.5181422229807675,0.8243922877015681,0.5802031493314538,1.0,0.539723685167449,0.6455741564217793,0.29715438453107623,1,89,camera
0.20017947201149489,0.09861535619638594,0.7563145256299636,0.6467463266954895,0.1204637062377147,0.9111102401111614,1.0,0.6822210284995966,0,86,actuator
0.6818412714106357,0.8439027013011705,0.7650271367755173,0.6741249646318275,0.4139063972732905,0.6657796196740003,0.5904454194597907,0.42583007911842,1,88,camera
0.5777623242288689,0.8763364093270338,0.5574180789345851,0.27018173790314115,0.1629415999345187,0.6597514603567967,0.5185256603907048,0.20567277963115355,0,24,camera
0.1273353115041561,0.7622396423632334,1.0,0.2688714572186079,0.23072196269955575,0.8762335807615386,0.5286855541088273,0.2647365745297389,0,70,camera
0.7823759830243564,0.4970594486839831,0.953883361767025,0.7457274310139081,0.13378056464697677,0.8629459463709123,1.0,0.6230802190528099,1,15,camera
0.8684304767195558,0.7441753883718585,0.7838988061349824,0.5740983210037109,0.38472592278791906,0.44214165317783727,0.14144192747848994,0.2540348162154794,1,39,tracker
0.8249457050426411,0.9039755122923004,0.9362782437212982,0.3921508714427419,0.5917111026742524,0.8047269956768758,0.5419916105168572,0.2780413823660626,1,47,sensor
0.8510833078623273,0.24860579339414807,0.8522055894413021,0.3253317734137175,0.11525853385521734,0.606395971850498,0.4395238971235153,0.20132073572985315,1,59,tracker
0.8284668785451221,0.34482126004239033,0.7543131795197324,0.8421897049617963,0.36967940001231014,0.7897174630851432,0.12904288499274993,0.6707930332130523,1,54,sensor
0.9566507690741635,0.14111267320695717,0.9189828994449211,0.4887879072968466,0.1397408820553355,0.8190602775707843,0.04577893441203874,0.3837110868747505,1,9,camera
0.5198698380014906,0.8019352307067193,0.9069443203839008,0.2905503797062002,0.36843457799917495,0.5487434665596832,0.9711040140291443,0.16125774643065777,1,10,actuator
0.7944461957280875,0.5850585760035394,0.7404245076920726,0.7005907975325165,0.22690068879535513,0.6763305960445387,0.5576218723174163,0.5093654381831532,1,47,camera
0.5696746998562182,0.36700281413945407,0.776406785244717,0.7350042994203031,0.3262177206754882,0.7235278145054878,0.2703823778633033,0.589862707272878,1,16,camera
0.6771052125178404,0.9805893584407975,0.9513056282752631,0.2806376028540102,0.8098876946429078,0.06744233146010135,0.5692783546667418,0.016655588998894688,0,57,sensor
0.6876713460408822,0.6931065039658794,0.8865176291452074,0.710819859583473,0.3228434153923736,0.28162295421873573,1.0,0.20182778212919786,1,14,actuator
0.32304504282147767,0.07114392287174726,0.9064204312534138,0.7038529095924778,0.08410940626836251,0.7850663004750708,0.807821622920501,0.5515602014209906,1,18,actuator
0.8890072719501969,0.5629494764127906,0.9433485375984926,0.6587078286043324,0.7180012835783641,0.5088030854909901,1.0,0.3092553920380019,1,35,tracker
0.5624788305800065,0.5523603625169202,0.8721279718003356,0.5787258365500718,0.812018023547117,0.49431005983047627,0.11944006932647411,0.3055497840575068,0,34,sensor
0.9509146457247861,0.9475955182692791,0.6166101152594997,0.3269378696860282,0.032867108387650217,0.8017432847471704,0.4161924192950624,0.24685318435938874,1,1,sensor
0.8875132009755549,0.11757864592996799,0.9325470007165377,0.1911287896011682,1.0,0.6825209857466469,0.4209532811873597,0.12840684285885764,0,76,sensor
0.5365676541653082,0.27981370893623425,0.8706943336091088,0.48183984421817944,0.15500486189224763,0.8181338256018522,0.6375152789628962,0.36623027908530226,0,94,actuator
0.982401604995909,0.48824690052433434,0.976748870638863,0.38718389807975045,0.22564510880877045,0.8743745600511924,0.08975526475844908,0.28996870269243646,1,19,camera
0.8761090411294622,0.2101281519847135,0.7822413637719956,0.1767131628292024,0.013360379311335446,0.3429720383070139,1.0,0.05312419981000252,0,8,actuator
0.8425075156256833,0.49648934136881606,1.0,0.3234207259524734,1.0,0.5982571137457332,0.30381448968211516,0.16274310160855943,0,36,tracker
0.5838695699717756,0.7659946773813264,0.9207499137556953,0.2233223508046224,0.12550476584136167,0.570559029703623,0.4829532443291763,0.14600785748353784,0,59,sensor
0.983025172626566,0.03804202902065039,0.933338551109955,0.2501319081263029,0.17899243285998281,0.506654413368399,0.7975405339665839,0.13912796029918156,1,74,sensor
0.6972929572560682,0.020486289782831856,0.6983923214876243,0.5242707270437404,0.19931539980625107,0.8805109081171165,0.3198508806684599,0.4518359735836293,0,41,camera
0.8312305440842601,0.8611681735545128,0.7298833909773088,0.7861459082943552,1.0,0.453566467508991,0.41850462922327597,0.3413500253320984,1,19,camera
0.2569475996245963,0.0024343710780868224,0.9487776229135781,0.530005399030304,0.30691313393877007,0.7962772011389029,0.23955199418276138,0.40303548096618375,0,92,sensor
0.8794308579553519,0.7454175656756408,0.8590451682161357,0.7199451142602571,0.887854534973956,0.44236996445945276,0.5291695391776052,0.309603145437718,1,59,camera
0.8298172886715774,0.9622452515491446,0.7826651434177234,0.2620882521492236,0.0641962802577775,0.9642810460313097,0.43598007134058153,0.27188470331790937,1,95,actuator
0.9609768583031871,0.7049564046504385,1.0,0.4506426421301894,0.23016221377574148,0.7624025253880423,0.6403208536775757,0.3405617272367755,1,92,camera
0.4868279105182902,0.7599564811619732,0.7724270921846115,0.5604443673376384,0.14048193943513002,0.8281271653609829,1.0,0.5042819396697917,1,73,actuator
0.6483111779896589,0.7464146381395923,0.760178303853641,0.28196482329875505,0.09520013795010449,0.8160789905661923,0.3668112108679246,0.257625372552881,0,36,tracker
0.7189986229382193,0.38546375460120386,0.8350194868112822,0.7917969877818484,0.36491687939430645,0.7191973980031281,1.0,0.631616028432361,1,41,sensor
0.916375552047427,0.4203393932634763,0.9515491080368521,0.214407909987204,0.35202391189809823,0.5471870266954051,0.5401472802921757,0.13484389834787694,1,70,sensor
0.5806721271085464,0.6455714551910536,0.8293444932735786,0.6784033071014824,0.30189401544672084,0.9002722667095537,0.10399102326327475,0.6710923517223397,1,79,actuator
0.4510603385287948,0.8650936150653501,0.782699858352574,0.8397995341968527,0.3094316828344831,0.5919925122556821,0.37054629364616437,0.46932689782107706,1,99,camera
0.9836676015323241,0.4706927383341001,0.9642222718276003,0.39206319663626354,0.6494719205785933,0.6427181825921787,0.1613855625861544,0.2619558429562214,1,22,camera
0.8783741304345105,0.3602518835360141,0.9098680709539143,0.1449055766149799,0.7048594590498455,0.7623116185000401,0.15834300930932585,0.12568763839124203,0,7,actuator
0.3850126137603836,0.5557052018637656,0.7578675687035946,0.7695009646649067,0.1862406976914091,0.7807457914886601,0.7731665911213567,0.5146343250392704,1,2,actuator
0.6820244009264148,0.9347958284730009,0.8075180893445584,0.20639226737806876,0.29204812172478223,0.8461091656964528,0.26544493085161863,0.16578294276811248,1,73,actuator
0.7890940897054931,0.19208150875300714,0.8749374665766521,0.7185776315675712,0.4534117060413398,0.6781098067041867,1.0,0.5996764115500585,1,39,actuator
0.5582604138407311,0.9461178163700632,0.8233745027962599,0.5441412251395483,0.44011955598879354,0.7377536577089894,0.45310859536332654,0.416619071878388,1,83,camera
0.9738741429560142,0.1716896443695829,0.8389074638601397,0.5163872495925916,0.3137306112844841,0.7835792370962678,0.42742246010489154,0.3887730483403385,1,46,tracker
0.8466040117519142,0.3119184098092249,0.9529441821101358,0.29628861948006696,0.5215027677192763,0.6136452767710091,0.12945697463304734,0.1832117698520934,1,48,tracker
0.6502449918489316,0.6101130228533516,0.8146218651327316,0.38572842573683325,0.0005177765329363613,0.5790516378643311,0.6276717071291243,0.22889861845814882,1,72,tracker
0.6052773675424842,0.7117374631633916,1.0,0.3721425541340605,0.6622720212663663,0.26025007496870023,0.533902740283458,0.08579555525861414,0,47,camera
0.45491712866229533,0.9919175046874529,0.6946340903943882,0.6867684746430854,0.42401292374220034,0.5536592101459595,0.36391019779209827,0.40066048307737284,0,96,camera
0.7171816948148473,0.750750729820329,0.973758552353805,0.4721438619743637,0.12148521418859151,0.6705829319365144,0.6582182022062185,0.2775319313644924,1,41,tracker
0.7494164308707538,0.5955694498860348,0.9614256755777435,0.43699251227713726,0.25354451178103027,0.8256815988919136,0.3062904399360406,0.37110252096922036,1,60,tracker
0.7413612994652287,0.5802226046944289,0.6852133416611836,0.5186661793968544,0.5660723443666404,0.8046659148010025,0.23609406973695196,0.4388816923561003,1,82,camera
0.9230758017045566,0.35101847972055855,1.0,0.4075743047773757,0.07844054025451222,0.6805426903322772,0.634685263680873,0.2998230570875355,1,72,sensor
0.906083264726189,0.3848520015392436,0.8531915586441107,0.7127542481634542,1.0,0.6109654854279488,0.6133917741237708,0.4603020434515034,1,8,tracker
0.6228123204783999,0.9399344479079621,0.9296215089766021,0.7751898791973961,0.3208552703983381,0.6066296958180153,0.4008764349907569,0.40679500059470225,1,47,camera
0.25019050365112655,0.2501404571073457,1.0,0.6568468022637113,0.33293729885592144,0.7126036017249815,0.4762669026866077,0.4168358009369573,0,93,actuator
0.44496508108238686,0.4659403896180222,0.8240208261008465,0.4296064721055845,0.05269336461911568,0.882675559542961,0.5996659422729496,0.3886131740499828,1,48,camera
0.24542573404867093,0.7879579002262919,0.909396859485813,0.6254384339588782,1.0,0.3536288388334509,0.683290616465339,0.26009106937428805,0,94,actuator
0.8442206391801008,0.5344678063909502,0.8056038058817365,0.7492870159586146,0.06617806641719891,0.9139695465769786,0.9601172123265134,0.5970862492119571,1,44,sensor
0.7667934184538924,0.9389637112777947,0.8172870398192502,0.9744932312482874,0.2633657958080279,0.8897587923939422,0.9538506574364273,1.0,1,71,camera
0.5988037387415841,0.6721311226865014,1.0,0.4471191493141728,0.26918536183236197,0.808258463614423,0.015714512133411584,0.31128037430815547,1,1,sensor
0.7694215320069289,0.30391939363301135,0.8184206406334692,0.56322850200216,0.0007800637216020055,0.9428152815949352,0.9414652450982208,0.533763607425896,1,88,sensor
0.6485972494742597,0.9975107460321494,0.7652350201713771,0.4725192112612307,0.06765472346814852,0.8361800117909302,0.40378377092659873,0.44334721674208094,1,43,camera
0.49080258621280975,0.9919128809028455,0.7744124411586757,0.6754454883018406,0.4671022288157426,0.6991103638117439,0.3610266179826828,0.3975703010434391,1,85,actuator
0.9136552076009825,0.8870784367786074,0.7084119517736782,0.8264998144037828,0.25563167371651224,0.8527355917751918,0.17761762053117255,0.6445484971321893,1,36,sensor
0.48345422356794965,0.929651679829482,0.7635832422740362,0.7386712541652896,1.0,0.6863937977039755,0.6210581023250668,0.5219753703400142,0,57,tracker
0.48511166396074984,0.5866730932199032,1.0,0.2539598320376385,0.19449749720881454,0.5361390616122487,0.38396317405042196,0.12241630454086601,0,49,tracker
0.12553502457303056,0.38276739373081514,1.0,0.4869133548759901,0.0021683075973478226,0.9045426962656593,0.5757278370264656,0.43083826742170506,0,54,tracker
0.9781607311948535,0.7325487448242073,0.9381978204982964,0.539429677323984,0.5307376423276837,0.5898414103935066,0.21367905540915447,0.2713293075136283,1,29,tracker
0.8643641536567233,0.27326047244551954,0.7861187666867443,0.5228708658541839,0.16049171742375484,0.9106876659720806,0.9448546964898308,0.47979708809743027,1,65,camera
0.4457622286271853,0.28154612689023795,0.905383261511132,0.4261992364107586,0.4736893874917145,0.7556152327291243,0.8413265013675472,0.3247978621870499,0,46,sensor
0.6957781527912447,0.27542577096855914,0.6453503258724266,0.7046541602923436,0.002754674255053708,0.8888590973201745,0.23392200548042386,0.633130124156531,1,12,tracker
0.408819717676505,0.206062443421817,0.8101252775509752,0.270900146676344,0.26920261082500757,0.8915661396603762,0.6232912804442415,0.21880527130562208,0,5,camera
0.6829549542106425,0.7801802282524796,0.7683830240759414,0.04570300100603704,0.03522423598540807,0.7658480675165956,0.9676926191071572,0.0334882803480279,1,21,sensor
0.42643561483548964,0.43819159494180004,0.8815512381144185,0.3441689916136269,0.9105268897321421,0.4520978142380646,0.42179391379119935,0.16446666810555757,0,86,sensor
0.4162861929427157,0.8142949328531206,0.7002578133764132,0.22009025056898054,0.6496982283839134,0.6911175432243094,0.30359046863425815,0.13134868153256693,0,93,sensor
0.8164231108580041,0.9529131011956306,0.8570370791142394,0.25747074519911606,0.4067305502932788,0.7040370136145813,1.0,0.17649349849854187,1,46,actuator
0.9430597442797434,0.47899829539700545,0.8507381797578407,0.3207557379862558,0.5195568325497332,0.7969140790813083,0.14360184320593583,0.24593473300856475,0,63,camera
0.7699837294011899,0.5568738488519205,0.7984277328390341,0.6688809640464921,0.4126558960886135,0.3272745560703551,0.9337814146512039,0.22991229460710913,1,14,camera
0.2958076697582061,0.02177448828427585,0.8841966999162191,0.865349351239337,0.13289234311133086,0.6802609401913006,0.21465209770055577,0.5782724764294307,0,13,camera
0.6193442862643623,0.22495698242237427,0.9369332515277149,0.34768079125309614,0.3010696612222685,0.611915056260081,0.43354875469649423,0.2134497534885522,1,98,tracker
0.8691400263134942,0.7460376912086083,0.903105986735157,0.7265743081905651,0.014415505961141026,0.8276710072002601,0.39463334411272755,0.5623984554425986,1,2,actuator
0.967042384713509,0.9534751089233754,0.835900300154081,0.5473734662891364,0.24187972113223313,0.8122320233608139,1.0,0.5067578296016315,1,1,camera
0.654115163059839,0.5591470997695814,1.0,0.22396006391392295,0.19395984825537713,0.6780784670306733,0.7739296328110699,0.12799540927560185,1,61,camera
0.6199165602424728,0.3778013505539663,0.8877888568985097,0.10855930833212353,0.8354470143852071,0.4978816919573713,0.23913748083914138,0.0507951995234752,0,87,tracker
0.9713486383426009,0.18896064313936184,0.792338873954859,0.5028227624140994,0.06812596509533864,0.9744972083465909,0.5885687714702885,0.5193308854969899,1,38,camera
0.48395089151971654,0.692346021496498,0.8501934764554367,0.2961877037629225,0.07979601931864817,0.7479797149038198,0.529352600450027,0.22251310452046907,0,25,sensor
0.8959249524184214,0.06007091276653218,0.9157333958354769,0.3534827290859928,0.12907127706256044,0.853327520165753,0.23904989743998095,0.33297262605147543,0,22,camera
0.8906639942803973,0.7021307292552502,0.7509139842746144,0.1844517536555687,0.24639624065750865,0.7334427914284559,0.645104465880671,0.12033419626146104,1,67,tracker
0.8646953698367426,0.9752339384120989,0.8670722668698829,0.8239397388887709,0.14206052855244095,0.45875776481861036,0.766684594152264,0.38659594249888307,1,14,tracker
0.6403051075562288,0.6953729100984336,0.8230681906642648,0.5830848032058127,0.032927794642109987,0.7591076868647417,0.1993668575907625,0.40134992431423855,1,45,tracker
0.35622188781554714,0.5874931897715792,0.9080560145146657,0.29157949706038777,0.07305833568749634,0.26681759220360124,0.9115647752749515,0.07517834383209435,0,2,tracker
0.7517576125272869,0.38443164245143635,0.9114511299134643,0.2618406805979228,0.049394092616330945,0.7379050868065904,0.49934009142328056,0.20474247312034827,1,43,tracker
0.4593186417424098,0.6271588392609727,0.7259367569523987,0.8236370501617627,0.19436971187940472,0.7901434943198837,0.3331672876449596,0.6300064013902038,1,99,tracker
0.24287091736226854,0.6089728711657515,0.8278044808755607,0.48160022377648576,0.13437341974061667,0.5001147240985748,0.4098997723291357,0.29733597717719207,0,43,sensor
0.9560490294675461,0.24872878934609097,0.8062242002313109,0.4232832564262089,0.28320548829463377,0.4391537138598706,0.3426474172705164,0.16373801424026418,0,70,sensor
0.6083945354761262,0.7156200501155889,0.8140951027731798,0.4772979261482856,0.8866427103865753,0.5759215707459042,1.0,0.25589916163647,0,26,sensor
0.8095207988448843,0.7669026728947971,0.7165320417429986,0.5327594048777388,0.8757352155099755,0.4212558175131514,0.5648462955248685,0.20531825090192588,1,31,actuator
0.5821470856227186,0.8647024181046976,0.7285858867298521,0.9344147963858436,0.09754957792492451,0.5638434967001469,1.0,0.5539268574575599,1,4,sensor
0.6448679464633896,0.8540921271396612,0.8393977160732434,0.4169463667912034,0.1582771506356459,0.8523577388083569,0.1813521776084729,0.3540436204047322,1,29,sensor
0.24556535896150258,0.06958239309779392,0.7774341184343735,0.28519061926505707,0.07971396188937835,0.866836904700866,0.17807079444157334,0.2119327546547318,0,22,actuator
0.8793748453873736,0.9125184997669573,0.911987405903415,0.37005418632531856,0.14956815729633063,0.923125787882177,0.3926447588836857,0.2878602012503326,1,27,sensor
0.7740152978529862,0.025739906249030865,0.7914933469421452,0.7403426337131227,0.8171268371736637,0.4955032257029986,0.7786809383780487,0.3570772662225426,0,23,camera
0.5948401756198969,0.45679778678074556,0.89290534743092,0.37891809618221856,0.1243667601567148,0.7787732307522062,0.8807253402575218,0.31995948272165703,1,95,sensor
0.8362261462612194,0.3690425520093072,0.8400721963834665,0.40093263601395435,0.027899632704327364,0.8205704767475118,0.44528353368543716,0.33373561801183177,1,67,actuator
0.9818821302216344,0.7758741085743077,0.7391916712871545,0.6748029984675249,0.01518997617942163,0.5201604057240146,0.197482621409266,0.361202258095011,1,70,actuator
0.6698905223501288,0.42653226983247733,0.8608300299959464,0.6795050831356307,0.0784848170215614,0.5092723173949567,0.3204965364937406,0.32582168598886174,1,68,camera
0.2421107524359058,0.10708656546042955,0.7623651058794261,0.8016350610025846,0.6692446177468808,0.7618726636591475,0.7159634798445622,0.556538403845081,0,7,tracker
0.891913756308154,0.6194201085910601,0.8524302743196187,0.6727772202792395,0.040039888726910534,0.8756234523229034,0.41644624646282363,0.5739139931982128,1,62,sensor
0.830435202307254,0.6202579749924334,0.6774026968039887,0.7473081315078974,0.11937598798048048,0.8998632765654898,0.7096842280192585,0.6596920289532008,1,56,tracker
0.8295902187232037,0.4266604769039511,0.8109861500412722,0.515240719259509,0.16013129628629388,0.45593188818147556,0.509567087074698,0.23032777412394428,0,6,tracker
0.685472620272218,0.9816647611157453,0.9457154830754064,0.8349796672545088,0.10520704722167858,0.8532824735450134,0.08041238221105394,0.799274871967286,1,5,tracker
0.3820314231716783,0.7796795661263194,0.9625068359205595,0.5380471752080268,0.949353510560195,0.4025763118835803,0.09419806482912664,0.22302906064455513,0,65,sensor
0.8267619936380403,0.9586314129974574,0.8967506245436009,0.6670458295358461,0.614244863447159,0.7107208714654549,0.3618719536863512,0.3731194887604031,1,12,actuator
0.4167838652689385,0.9505055260651406,1.0,0.8687367351566082,0.3147692352046937,0.6981391871395585,1.0,0.5430721382260936,1,14,camera
0.644481053226941,0.18947919472011188,0.8423249373843424,0.6336893859805715,0.2017573753969924,0.821924956085597,0.45354273687337027,0.47425716739525997,1,11,sensor
0.5960661799382607,0.8528038766733523,0.8730546675129591,0.7620183236358886,0.17971689727918932,0.32627705512787936,0.22551867708162351,0.30436886882709335,1,55,actuator
0.7455425796837032,0.9458696285425781,0.8012884978890258,0.5309484942829374,0.06160934582146095,0.48848227022905893,0.1320430229942727,0.25023613898266944,1,97,actuator
0.44340253983821076,0.9536876313897008,0.8007255319423784,0.6568795901248438,0.5827611327737194,0.4323567409552906,0.324073470848057,0.2622228216887967,1,70,sensor
0.82016197933164,0.7273771676604438,0.8862944239560819,0.432385772083892,0.08990839958704303,0.9540015555653829,0.3978023394133509,0.47304345816953913,1,9,tracker
0.9549603069257987,0.7768878792895407,0.8383474582140116,0.5498997250246068,0.02850629866226865,0.8260201742165258,0.6114058255624977,0.47343691000661214,1,7,tracker
0.7991093560848029,0.3812382053224543,0.8893593415678204,0.9905813438867527,0.05225626184697989,0.343471595469113,0.21448230903097873,0.2907063616751056,1,41,tracker
0.919236953444784,0.9853974153241382,0.846100799781612,0.3160904195920279,0.05142655796832046,0.735983237747257,0.19419918327276528,0.1958026530685792,1,93,sensor
0.4067885391535545,0.23843598660623633,0.8160222300712883,0.5515360657488271,0.7112798319218159,0.6765209849909388,0.32134891320901166,0.4037053505280964,0,14,camera
0.3715101966929519,0.9431541064084971,0.9811000554956966,0.5094280575764789,0.022716528885116244,0.8435368899712328,0.5776138904940169,0.4311918598706317,1,64,actuator
0.5759852234082158,0.26051958758331983,0.9955984068604445,0.3026788771502959,0.0208539294650161,0.8134837938225596,0.5455807213436958,0.23905077265647845,1,90,sensor
0.8735873079604592,0.9062057446577296,0.7782765880065334,0.5849386556274654,0.649316979646985,0.5708382723354767,0.6171768611352034,0.3418910628013,1,23,actuator
0.9267070358904625,0.9882258588826944,0.6606261912269932,0.25395561702684083,0.27248455819759154,0.4364349432280359,0.7901383807775703,0.10826345008607464,1,17,tracker
0.9181065578104332,0.9546273447928688,0.7359431390410792,0.6719085125570957,0.5897401715884043,0.6021788700111976,1.0,0.3818619309594144,1,4,sensor
0.38136588836710594,0.9160256443008988,0.9058423993434349,0.6551533282630874,0.35294447302523074,0.8034374410552451,0.4581864825112127,0.5058188056540228,1,39,sensor
0.9415717093700405,0.978531133110672,0.5996648117019312,0.41816858354713277,0.4331112352948948,0.8631947215437668,0.7111761288747479,0.3628821679522289,1,80,actuator
0.36059716946855525,0.8830338815722613,0.9641561756608492,0.8049203539329239,0.22644220940817483,0.4771323168475207,0.13246662049919622,0.35970094147125636,0,52,camera
0.2064566986344202,0.39483578778242134,0.7576815622958788,0.07683730729573103,0.7252778807257677,0.6200124581048174,0.4483139831324365,0.04657600719459685,0,25,tracker
0.6126382171401584,0.3377098084433409,0.773109393001683,0.41959819763153083,0.20462614492121506,0.5353302839205488,0.675872141017746,0.23732181987525838,0,29,tracker
0.7817662274033578,0.4914858669879499,1.0,0.9365454143283155,0.6317784382023872,0.35568670316934997,0.4279390360738833,0.308025734542092,1,11,camera
0.5783810428336781,0.38269328551099197,0.7605707382415109,0.8084829489997533,0.151557844934958,0.8242933488705413,0.07198987011746781,0.6614384323772363,0,38,sensor
0.779497668837744,0.4940173802262894,0.7347713680831722,0.5191223289430037,0.18774242299128246,0.699443147308631,0.7660390355534098,0.384398340066282,1,74,tracker
0.6496134208721551,0.5653108825750011,0.7892775464786578,0.6945440885155034,0.7964048993535602,0.4474740041333246,1.0,0.31647213244076217,1,51,tracker
0.6179502955462132,0.8468762237101072,1.0,0.6888638551956405,0.23245398927682004,0.5788408147854971,0.6084896661951041,0.342941088954745,1,60,sensor
0.9646131328169002,0.9723459104207669,0.8483228871770334,0.8305125227960698,0.010830231585570182,0.5081900087002006,0.7088446701657741,0.46457905948123074,1,42,actuator
0.9074166964114158,0.6305432698499307,0.837140660672784,0.46355039243192503,0.20726837071441423,0.631587146905684,1.0,0.35205696650848,1,47,tracker
0.5007273795266173,0.8200964423836454,0.988143195793463,0.04462049740587163,0.09741672554233169,0.36849296682095606,0.41428852888458706,0.01729629244670045,0,54,tracker
0.6028381027997134,0.2552157991803898,0.8076668042477411,0.7723500194418764,0.6308772275001016,0.6410861918803372,0.4447401426857647,0.4837002802366303,0,22,tracker
0.7332452938435264,0.0317547181633836,0.8141025350940085,0.25113998813406274,0.11208409218549802,0.2640399770944739,0.059899352537303,0.06974556408223719,0,44,sensor
0.20189283346254827,0.3612407835409226,0.9400732829492618,0.8191795259596323,0.30278620857986016,0.5074547327629433,0.2897741536452715,0.4883523031992463,1,95,actuator
0.4506644400261417,0.38041910827187725,0.7178114682743086,0.5665495297799138,0.21048125437997758,0.861477830409615,0.39710417223699007,0.5551714778586884,0,18,sensor
0.9002007657668265,0.9305452626152654,0.7736482713764375,0.631630840902201,0.030339425343646392,0.8607435017781867,0.3628639682918258,0.693117682655572,1,8,tracker
0.5602351570465898,0.9454158052976694,0.8214139712547732,0.692250150430131,0.204548973963898,0.6662920854134222,0.01762418905358778,0.4478838741392671,1,10,camera
0.8429623387203553,0.1216024103314999,0.9809234716616747,0.3790874487485656,0.046053876848355386,0.5583565213857967,0.5218194378066948,0.24220240874957627,1,47,sensor
0.7416441806589317,0.5927770429915458,0.7915801545892429,0.28099155003954024,0.14834285186482105,0.6216736966082429,0.5002255593083399,0.1849294193960947,1,74,actuator
0.290439254234309,0.22931297382823065,0.8553253676918344,0.1771868078622861,0.3117773660295072,0.257565999974132,0.9435063677830432,0.04758859516531579,0,90,actuator
0.22624378028849806,0.012416553885048275,0.9184202148111821,0.550530070620908,0.13631116750522615,0.7193700655510576,0.6048164079835684,0.3220141887226432,0,12,sensor
0.6658725048943192,0.5030593974553117,0.8780404874339959,0.7147608621440017,0.05439722251753243,0.4991118202580636,0.946675978775445,0.3642187978104737,1,49,actuator
0.7490876893975722,0.5806131098513664,0.8760005361169585,0.8363795520256463,0.1459132413254775,0.49639694037436155,1.0,0.40702514667523965,1,82,camera
0.42257780167629005,0.6920124625326997,0.8465243612199045,0.24490048240990867,0.319978200134838,0.7838094697911078,0.7125656636130098,0.21148458985959243,1,54,actuator
0.6868770991037288,0.6430756161756256,0.8493702735796291,0.49597712168691543,0.1284009543460498,0.5179472235617381,0.24135201288108143,0.2290200037492294,1,22,sensor
0.9885558836613341,0.8855411565915227,1.0,0.4967891728646035,0.0010225689061284227,0.8383094298146431,0.9575938665038699,0.4564032490504661,1,54,camera
0.9786390722117838,0.10997962202876764,0.8475163321024578,0.31385493584064367,0.02361973752278266,0.7971623252123051,0.4595804175394512,0.23089007580277487,1,58,sensor
0.8622258261715586,0.6300518388302133,0.8203807274965805,0.8605278186993683,0.518022997789732,0.8260166090625047,1.0,0.755457416462057,1,26,camera
0.6905781348360773,0.6346589362576328,0.9402277500897974,0.2705276205586339,1.573816639607014e-05,0.9904382977679451,0.32151701328839566,0.3272088723110741,1,86,actuator
0.8199143055826307,0.26558705973353436,0.8495079151588893,0.3175365232635451,0.4879838394182096,0.6931820042877807,0.45741654442023194,0.2503886972442123,0,64,actuator
0.9481865592594648,0.43630798072390875,0.8767956274854304,0.2180568962538212,0.55672032509723,0.6821340201394172,0.13856753825919366,0.15552532259570367,1,72,tracker
0.2349602130257752,0.2655604941934233,0.9260248031213004,0.6873626126053812,0.9526459897256048,0.540913069721161,0.378273677842283,0.33988530463923183,0,62,sensor
0.07229263892700223,0.1154006369564613,0.8649846738757782,0.623311000265289,0.1936005574616567,0.8174387259092034,0.30864523253552756,0.49829531158798746,1,15,sensor
0.9889878854350349,0.5282276643167043,0.9134032071433863,0.5499740420010265,0.18722765113231105,0.8448187998820056,0.46369947062512085,0.5325177220362598,1,2,tracker
0.702085111196725,0.8995714350835187,0.9218463935675991,0.7055413984324534,0.15887235106636627,0.8528876520043636,0.9049374557930132,0.4840773819809473,1,93,tracker
0.2341749677337627,0.047201548722654224,0.9970396359629633,0.6848057613166962,0.23482350275307778,0.8469986239726357,1.0,0.6526653340187054,0,20,camera
0.7855630353258619,0.9584649421845649,0.8396963687011845,0.21922958459855899,0.08037727686730219,0.8323825362272432,0.8883220428561304,0.19986839434064776,1,83,camera
0.3504923456834026,0.35869411400127854,0.8266368445541156,0.213343504827977,0.37537292253800364,0.7063674612031281,0.37709567382123416,0.1623387107243646,0,59,sensor
0.8350030593442204,0.3203504461005803,0.7870013422960205,0.46447237430510524,0.24456346535742216,0.8992747616321415,0.6769484841955387,0.4375476397071648,1,69,sensor
0.9114844940930159,0.13339089916322233,1.0,0.6679296810441299,0.3967586816816264,0.6742132148728522,0.4210889272410373,0.41858004696736006,1,4,tracker
0.7814495664499627,0.6889462385361605,1.0,0.3715264250939161,0.19781524397843767,0.8347143853946993,0.2866122547931335,0.3075907014323566,1,67,sensor
0.18928894079542274,0.2619509924060364,0.9158116652802315,0.12621499772938166,0.10093375762707665,0.9247551125860892,0.43084082140408,0.10652331863112718,0,25,camera
0.7629167930948425,0.33736235016343474,0.7663980121835201,0.49167560715380093,0.31594290237372463,0.7528880546415795,1.0,0.3133330673681058,1,77,tracker
0.5957776718097465,0.6490709987195319,0.6838963900825148,0.7838919999875714,0.014412163839030958,0.9105014922293299,0.4222190196433242,0.6164738454691461,1,78,sensor
0.2534557327738171,0.24442215371997034,1.0,0.23789782039092297,0.22723901547950484,0.8303793514937048,0.11335186421486093,0.19344999909632357,0,55,sensor
0.6054211403594443,0.46577355543225807,0.7921418596063243,0.6117577752494412,0.0333591742442665,0.7053799058079033,0.17703736791296482,0.4998748197005907,0,13,tracker
0.7662204897022244,0.5142927823856234,0.7523820593207373,0.28026710000301563,0.3154517582883201,0.5066735380888301,0.29704335111500146,0.14622665508368585,0,56,sensor
0.6287848750170422,0.9142446381370012,0.8538187864371487,0.8162937466170279,0.27210065135373007,0.8536855054542435,0.45642977413480457,0.6876605516701821,1,21,actuator
0.9048387234515137,0.41962749087989243,0.7130320131635202,0.5227833653477124,0.07533261129499556,0.7177257315599347,1.0,0.41547928417786534,1,78,camera
0.7733077167776323,0.45298859717813555,0.8823745862019756,0.8083374152470602,0.2558038807885423,0.7578196720423065,1.0,0.5483855290246011,1,20,actuator
0.4228176458464802,0.4594190991974238,0.9454001178041733,0.35234575859081085,0.19483485179723342,0.8359085677286751,0.4356752159496858,0.33333288006545203,1,94,tracker
0.3067414784558182,0.9625575705699873,0.9377479521538421,0.3669317635487396,0.02270094869500895,0.8543753518042294,0.5603196723606357,0.3441417628038806,1,69,camera
0.6342448710925404,0.24984985620161285,0.8377768853753216,0.25373777428420224,0.36792195666545524,0.7778924479639945,0.17153964984398437,0.17896239696404745,0,30,tracker
0.9017612588851636,0.7130338365985733,0.8827027203916318,0.5241031273722965,0.07819214975396291,0.7849924034555761,0.487761859125429,0.37591111695958,1,77,camera
0.9765805278923111,0.8543060288854057,0.8494977032210098,0.7058364258168579,0.7041166217609054,0.6463361032140773,0.2706524777833951,0.3986699302526209,1,89,camera
0.9337851232950881,0.7804749446129845,0.7744520397691899,0.5882080331312791,0.008222781215800244,0.8772131624685807,0.4607606365762244,0.5421694981480649,1,63,actuator
0.6063710603888712,0.8193206356727659,0.6305770311088245,0.48669897165711895,1.0,0.6857972404697379,0.4354227121697721,0.3413511220675982,0,9,tracker
0.5558367073215356,0.9791162928066898,0.7700084502504498,0.3890622353977973,0.9135203364897677,0.28284863948137523,0.026501286092570745,0.10669853656036692,0,25,sensor
0.5875312567688648,0.38726032672257443,0.7369126547079996,0.35562157992255206,1.0,0.34410565398546267,0.2844274425853806,0.13408435448074735,0,55,actuator
0.8736315901099068,0.08077704487937697,0.7781867253043607,0.5920317282632248,0.383149552322059,0.46948256644121966,0.7379709637079163,0.26987289173139134,1,8,camera
0.7690485700662445,0.9290355399801745,0.9003332697402064,0.5114112976601731,0.13142996037020033,0.4885128202623624,0.729668598477397,0.21332348402796714,1,53,tracker
0.3126410453811835,0.9595558082173599,0.8813537160440449,0.7219721774310782,0.26901331676846924,0.9122733074476987,0.17721793854488163,0.6555936324038055,1,15,tracker
0.9992125724136008,0.9623726860874863,0.7986650980153979,0.4811627348941838,0.1806902855356122,0.8532872575912525,0.22604977833995804,0.38747409916495895,1,17,tracker
0.809084589491248,0.4271511860068985,1.0,0.18899971186716977,0.14223369721086032,0.516357074995871,0.6077322611059337,0.10602425190648733,1,63,actuator
0.8465668249559468,0.1754440300175841,0.8578464342315039,0.6482693123751837,0.27083564605710425,0.7629835636394913,0.20533980672229613,0.48131502978424767,1,47,actuator
0.9416639250523804,0.8126958235373812,0.8370753056764286,0.5027692856184265,0.5461220130048157,0.534364586133313,1.0,0.29094020349400346,1,9,actuator
0.893019776937622,0.4884992618493807,0.7888805983794438,0.34978040425060036,0.20381815804150832,0.5762412807807707,0.3264425772860728,0.2273416252837882,1,99,actuator
0.9272251180226249,0.7560857098055948,0.7696497822680817,0.6917333232809588,0.08810399021541894,0.9014163865295537,0.6231481435156548,0.686255016644373,1,78,tracker
0.6898419841721491,0.9677245377856237,0.7128032532185798,0.18023383418949732,0.20494482006470793,0.5780111384658179,0.18823846610172676,0.11491844737994811,1,58,camera
0.03464855569912919,0.31214057326505623,0.8279863134168408,0.40459235624380885,0.39236829937159906,0.8161031825027587,0.8684086829505243,0.3319363746291167,0,95,camera
0.7249280522182688,0.1938813262757938,0.6800052806320859,0.6801219606262627,0.11850559070464232,0.8355208377871087,0.346578958023562,0.5839601455362083,1,15,tracker
0.4243994092986944,0.9631106167219423,0.7933933259213263,0.8335297752391325,1.0,0.6223430671684534,0.22956582725362046,0.4654753194591898,0,36,sensor
0.5089668643472087,0.7092493733191358,0.8064338734855604,0.32802256371274313,0.018224096697414507,0.7413718784936832,0.6102832584151131,0.20931204346782809,0,43,tracker
0.817697805748592,0.5064609282798171,0.5633884820062216,0.7299892003995114,0.2102809115102175,0.6432660604948651,1.0,0.35712141046447415,1,65,camera
0.16297028411273282,0.440829058484289,0.818940783239776,0.4927749672000823,0.46201060162914304,0.5143372021325467,1.0,0.29632663055664027,0,70,camera
0.621249136401262,0.8232715079984367,0.9804036997461695,0.877834484802627,0.22603225166800778,0.6778230959288065,0.4394757769720206,0.5095928908125958,1,5,sensor
0.5751370681128498,0.887062065286933,0.7016994473280511,0.43978225905085616,0.09813737980897473,0.7309010123149399,0.7054363762151975,0.2863420404107598,1,28,sensor
0.7041996307340104,0.9660498220659463,0.941629701835999,0.6981592862243731,0.2256983602615211,0.8817764835713652,0.9463597409944955,0.6665324561441734,1,51,actuator
0.8890810577033743,0.43790561461141686,0.8414946946115158,0.8026766866733878,0.48830727708737615,0.7386741518384016,0.11271758890181754,0.5705715284065905,1,67,sensor
0.8099466106024014,0.22281640376329612,0.9120049095050483,0.3848205522711705,0.06700049231583242,0.6307652344561844,1.0,0.2671365143096415,1,95,sensor
0.9537573538457538,0.2820537541925626,0.7116413385352642,0.7692709013697329,0.31688688566677314,0.7928802836825922,0.08241532566713332,0.69415126475723,1,74,sensor
0.5318157931047539,0.7978277747400283,0.7389555624961015,0.5040242137778046,0.9760663771974917,0.22350471024142582,0.7564752993529568,0.11340063125340769,0,7,actuator
0.9050486789519859,0.8161843427902974,0.6509987914364012,0.3602099812576343,0.2735155058735051,0.7176756424112857,0.3011431411256891,0.25074343259591325,1,64,sensor
0.8426929264497663,0.5000183199283326,0.8656826624690978,0.5284205761799738,0.7690642073317682,0.7541364864661597,0.3726627354825896,0.41365964397614,0,76,actuator
0.3789228018497307,0.8248870655263223,0.9368796017612872,0.7383700288222834,0.3282146245681979,0.8825386113053814,0.36207432733661843,0.5385431982285624,1,56,tracker
0.8680188868940237,0.9976346907618922,0.8327519656304706,0.08762940176247962,0.03145625206961984,0.8128131102914639,0.16599858602185918,0.07196022875080516,1,53,camera
0.3869800427925659,0.42842309695008346,0.8820862613309602,0.5955373262017987,0.8767046831256755,0.42246657855715075,0.2914198180187229,0.23615943972407868,0,44,sensor
0.5528147630803513,0.5647017000047813,0.875011726740651,0.30159483225847006,0.30822071913544596,0.8258560229150487,0.2521341639182522,0.1929224471635654,1,42,actuator
0.9570332900995624,0.7966790922646195,0.8309989173683736,0.12187946771842678,0.17720499105853996,0.7329581962246922,0.5702134368326603,0.09961209919484826,1,77,tracker
0.8797079406659982,0.8564052936634676,0.9649259044018247,0.4814427707656519,0.45387910992908614,0.86234272884206,0.40994870002511224,0.44175976078355866,1,30,actuator
0.4057577976880155,0.6450173955591567,0.8148393588073071,0.8633425532971162,0.007629737525164789,0.8331698002113921,0.8231164408554384,0.6292040068673015,1,33,actuator
0.7554107146067267,0.77044783651659,0.889389770353661,0.7114230651890405,0.20333674767199902,0.3707722171344235,0.15641628508513686,0.266669785923874,1,11,actuator
0.9473517697608915,0.7104714819224316,0.9217186901756675,0.7806571087539431,0.7164852636652984,0.7779359524363547,0.20347457388161116,0.7104809283132144,1,59,tracker
0.6339030674931736,0.8904841741310315,0.9014814051417949,0.3063966653732359,0.47185121740890723,0.6459102266446797,0.18408050466622072,0.19748385966286192,1,59,sensor
0.8670935853044678,0.19898159258981088,0.8181381824292177,0.771930403883878,0.024967773156012635,0.7164143257430707,1.0,0.5956032622849188,1,57,tracker
0.6654052585688636,0.6986492956270609,0.9601972164569823,0.14219390246909644,0.10704368985488003,0.8226772689699103,0.33250077706572273,0.11809357736183806,1,49,tracker
0.74489457651753,0.6337954547057268,0.7648846759449267,0.28649180404570007,0.038153240161006075,0.7186894554605618,0.6356272187683424,0.20948224355074427,1,15,camera
0.7496775813291298,0.37965630572323295,0.7087696998101859,0.3336453427379447,0.1534891910551412,0.7479000754845369,0.7762741907842249,0.2594220314059474,0,38,actuator
0.845761183610831,0.09381200162001381,0.8858836771395482,0.28711185147545654,0.06896013514921817,0.8919794277788767,0.24717990865196465,0.22908485427415257,0,10,camera
0.3234551221272334,0.5306370330556376,0.8388107468240258,0.22631227006851837,0.055786239098249236,0.9830790812938232,0.30283575438741583,0.18758236712907997,0,67,camera
0.8761100218177552,0.8488336577506048,0.8977729615802185,0.906376212605571,0.24597700741302564,0.8647677156590191,1.0,0.8551220128685741,1,42,tracker
0.07080259072057259,0.20070446655472607,0.89496411559871,0.37802977401894616,0.37648236630197385,0.8152595937868438,0.20737782119177403,0.3215233250976265,0,81,tracker
0.2677390011028861,0.43615560692877364,0.5794341340269739,0.390247636818277,0.19116777429595722,0.9230515919264407,0.21980452674786619,0.397580685722053,0,73,camera
0.7724782357668052,0.6982014077226433,0.7134390755794138,0.4392563195236223,0.2920267964051523,0.6325077700621231,0.2670739445227165,0.23490947958033076,1,18,sensor
0.020073132125512462,0.019073717391923064,0.8289861700895516,0.9465205690698655,0.5509528467888705,0.18253014266814122,1.0,0.16147413750008618,0,79,tracker
0.8235641951735486,0.39781246209439225,0.99784362877052,0.4956248569554219,0.4578955394855194,0.40047465234433166,0.2868142263757992,0.20968350192528765,0,71,tracker
0.7683014401205144,0.7501984257070754,0.8974144462585607,0.624501022345425,1.0,0.4188449584865037,0.8959284485115108,0.30785211965935555,1,36,actuator
0.5421989151167378,0.7310653498990302,0.8073271477028336,0.771171306883169,1.0,0.6121620569936376,0.8393594441197106,0.4785598005977429,1,61,tracker
0.6049016294974088,0.6479369291786011,0.945473260377291,0.33375219692355745,0.12998283493867285,0.433492191244865,0.4902842513993487,0.1347119612134779,1,80,sensor
0.7310287651174516,0.5363937694853579,0.9760348229482119,0.8597476164196275,0.7583734131345181,0.6204116693722466,0.31325933408037276,0.552601583432264,1,86,tracker
0.5811633591453537,0.11858199069360002,0.9029947696233188,0.5926034510230671,0.04142684236639908,0.937054030359184,0.5092902976988039,0.5933166776222507,1,20,tracker
0.6522361533038761,0.6675442001686526,0.8472074853307882,0.8355666234348768,0.2726070243550275,0.5620775493579606,0.8959271206415479,0.41277106908965117,1,69,sensor
0.8087413250454373,0.5545073938051361,0.9435291369499991,0.23687914702862314,0.33767802295065014,0.8977010162440336,0.33498770252186955,0.20467230304423423,1,87,actuator
0.050262580461380484,0.018417240241392286,0.7938071909626749,0.842873770875568,0.11598175825465298,0.4116917538425595,0.31635259615452843,0.32409196955043484,0,49,tracker
0.9895958771489934,0.9851692535424506,0.8552931028925661,0.4855972612493531,0.004466235123682946,0.9817980518771219,0.3864782997386112,0.4754434731620588,1,15,camera
0.940643607983558,0.7429817122456598,0.8259985234091856,0.6496738664078058,0.14333164638787235,0.55342639482525,0.48643714731067644,0.32887827438863565,1,15,sensor
0.41591135311606225,0.4751791969179971,0.7924378163600727,0.4672169105051498,0.1261986633737451,0.6616733356738905,0.26664828614486713,0.28575126545440993,0,6,actuator
0.7790923388711162,0.12675965029360342,0.8388358366672239,0.5635553441630703,1.0,0.6411243294015663,0.5221899337344549,0.31618651035156903,0,2,sensor
0.7387551082758511,0.9276891282813458,0.8387837143695008,0.7182164328058561,0.14270310184556087,0.7940807373912679,0.80895699378034,0.6279264081801723,1,1,actuator
0.6049868070718327,0.24875185965253147,0.881510794570941,0.401761185564047,0.018623241332884965,0.9610150217132525,0.4192132781529727,0.4743962445796791,0,73,tracker
0.7372432137140522,0.6203307328016304,1.0,0.5793628510423009,0.05830064984093206,0.9396297428031621,0.8286006622245332,0.585912280045712,1,29,camera
0.5125533545027062,0.6578483105560456,0.7486045783394008,0.27096369607723625,0.2466661281592443,0.712185767215544,0.41352927657648764,0.22384126487541403,1,28,camera
0.6503496140882196,0.17927803710165066,0.7345918756732668,0.4449786833464411,0.22878242806975,0.8084331220298295,0.6297832331179547,0.3938302934660104,0,13,sensor
0.5872415642588947,0.24739446186337646,0.8182271209441383,0.2945451901848227,0.04629527007547314,0.5404796331465779,0.1569964627622344,0.16895707957566486,0,89,actuator
0.0969971954803701,0.49761068958678645,0.9042306613173864,0.9408237425071795,0.9249794930670209,0.5473900471646768,0.17681201389070245,0.44512742219735385,0,6,sensor
0.7830263843623293,0.7990091700952824,0.972250144643473,0.11272800135764893,0.26497121273241453,0.617588475627346,0.6037623640188315,0.060792343673649316,1,51,camera
0.8974111782454871,0.0982518063008643,0.9285515837338877,0.6210753951300886,0.0050547841686702615,0.6482376680185143,0.21496326316713518,0.4088955464250881,1,8,actuator
0.4159519716186913,0.508001306359658,0.6795523932625578,0.8773853067344883,0.0614829695542096,0.830697052764626,0.20595265203736038,0.7429412187003579,1,53,actuator
0.5173083764446299,0.8673102499650525,0.953199730586084,0.8291795701727523,0.005960993494294442,0.9909474221891222,0.2702761420014561,0.770598625236814,1,99,actuator
0.6504629535806629,0.9111296833019447,0.8272024315810774,0.5578089702707318,1.0,0.4851955105320119,0.03501142036098698,0.26316429031009164,1,45,camera
0.4339753183121612,0.9685958467656262,0.7890359381215136,0.7052357655473631,0.425156188977937,0.6349980204573785,0.12271436900466773,0.47087837472968924,0,99,camera
0.9743102589439605,0.9557844254627986,0.7930664153959675,0.6079593584792098,0.445754755105105,0.2895600035261604,0.2757195404518486,0.1948507993971911,1,71,sensor
0.5871129232999648,0.4075900545647997,0.8790948652715733,0.7748520637023568,0.2497048123797525,0.9157856971963845,1.0,0.7039172127212449,1,35,camera
0.9275285786742359,0.3592142989756548,0.9045321133601258,0.5936704559247307,0.04563227720870106,0.9282872307853719,0.42083708345194143,0.634296427940478,1,92,sensor
0.8128954494825709,0.1144885536184712,0.8723220415862387,0.5877398772158814,0.8294317505124589,0.704442500858989,0.8916561635824757,0.3654944177745952,1,26,sensor
0.9149130664807955,0.4280096085397771,0.9051906658951231,0.4582271802242949,0.01715931599626719,0.33715128268910594,0.5508758396238499,0.13417345560873728,1,27,sensor
0.8573957763904944,0.47800604863484547,1.0,0.4459434818726782,0.15864312214566184,0.5714167577926185,1.0,0.29036803082910007,1,40,sensor
0.5536529000353697,0.7594884058881778,0.865696005151756,0.31963039994158676,0.31450913029185595,0.5438400069158936,0.6731723405894434,0.1910599424474547,1,18,camera
0.23944336264837254,0.44402291872566607,1.0,0.13359102131360243,0.8775627019219435,0.5044920224278825,0.5454450864919613,0.05601367450415809,0,39,actuator
0.9717151837262252,0.674555153279525,0.8666069982608655,0.8873140383220903,0.349303008994239,0.48224874961758957,0.5441152525138124,0.4486335213206398,1,75,camera
0.9790161353636692,0.667948535805954,0.9617372016857446,0.3200650118825958,0.12556975340920634,0.8819034329600268,0.25314806955916336,0.266719784710192,1,33,tracker
0.8331501500729177,0.26756896799676533,0.9813525310016832,0.5315875879515892,0.178499044941828,0.784351139519753,0.29653405239723596,0.37558370099638944,1,13,actuator
0.7095086444331994,0.9289890615682147,0.7554103859168835,0.5017623443606954,0.35095928665231124,0.8179155248817571,0.7519448394178638,0.45170130942442244,1,81,sensor
0.49031877073715713,0.31626952862756474,0.9464217253822848,0.41244332182532745,0.4145559519056922,0.5697952412471382,0.45857763599405343,0.2615620926573653,0,48,sensor
0.8413821876234275,0.7791036731276089,0.7520740966912761,0.11690355725370617,0.08953182754394254,0.7064595259134017,1.0,0.08269440230921285,1,19,actuator
0.9791130975759601,0.32647856086478605,0.8257500144379485,0.08066949588274012,0.6871466060970032,0.7046049326404951,0.7333460484577947,0.05914481140908964,0,33,sensor
0.32387784208318404,0.15735648886339348,0.7143094493174839,0.339618028443678,0.08696123172178516,0.3377171148137489,0.4584478786858662,0.09982100894066669,0,82,sensor
0.9173046905202458,0.7118020412417949,0.8669361175181319,0.3722683038788861,0.059390887120308766,0.875505169274736,0.6855270411345876,0.39537810744436447,1,82,tracker
0.6224551137631344,0.6554656111759997,0.9467573484740368,0.516130918898079,0.38667922005728517,0.8665062738531694,0.7786224775446097,0.528333050257147,1,27,actuator
0.29801944164959515,0.40959490388647884,0.8589888421122509,0.9173770851262005,0.09073923495222733,0.8048430023019124,0.35798269717272435,0.8420177931177993,1,40,actuator
0.666118595026134,0.9542289062787158,0.8610519747357451,0.2765083063254124,0.10528569115545121,0.8689083289678483,0.06968839605475351,0.22313045521267444,1,72,camera
0.8141860393121072,0.16252958983070678,0.6066365001320941,0.48169462230277604,0.0436037529331755,0.4321052373368374,0.3158003152420699,0.20581428597766316,0,59,sensor
0.8687554767870989,0.05253437828634635,0.8741034264108413,0.736906137133506,0.4746248422631633,0.7035139019084486,0.13334488740160105,0.5324206046850832,1,1,actuator
0.9361180987232404,0.4738317319752202,0.907697710915675,0.47365700859635496,0.14373369928508478,0.7177431668906814,0.4108193635559324,0.34395062411497174,1,17,tracker
0.5223672650607621,0.8763878923317087,0.6925780462350828,0.48623150558797007,0.053729391921447156,0.7917475142125194,0.468642126998254,0.3623387333570483,1,89,tracker
0.6123542560796921,0.8905764930095544,0.8295090460577312,0.4960849624242142,0.06677269636052008,0.8204064871235949,0.5391141959633399,0.44678113735902786,1,48,sensor
0.7808401325513106,0.4544490356400905,0.8935264274031981,0.5967085458598751,0.8768630817606013,0.594375286591125,1.0,0.4016298918968025,1,81,sensor
0.8706195303330858,0.8996715040114203,0.7884473456957087,0.10929170893446957,0.38812904442941054,0.6933752672757622,0.7671187100947895,0.08888970921807748,1,17,tracker
0.744422848875243,0.8561726624790267,0.6900783548282261,0.10263220907771535,0.5660086316873195,0.6277253332637412,0.18119722778214867,0.06084936818015519,1,48,camera
0.8124967173229435,0.3286154740324892,0.9982441162723328,0.8391135057985594,0.0588766234524825,0.93243115969865,0.579408978791597,0.9487704883240501,1,9,sensor
0.30314133524388953,0.09632702611809563,0.6209941007102159,0.5802103605332601,0.2760807686231106,0.5817270993937677,0.3655792999017378,0.3184478416258863,0,20,tracker
0.7329265942949041,0.9220119937410994,0.8864894246763699,0.12976995619741355,0.35066147436991824,0.7278889923500913,0.44299086475368726,0.09116530361242618,0,24,sensor
0.9462880716490105,0.7945361490607894,0.9422230465912986,0.5582604768967183,0.08642046180848892,0.7753796613913059,0.2544673362298178,0.43754347669815247,1,88,camera
0.5983084621049676,0.5959000061496197,0.9700295378906925,0.7952387065175233,0.6582531414009217,0.30992586151311136,0.5852423866783791,0.23738069008152424,1,73,sensor
0.8036453373312373,0.4085906728122694,0.771329898872932,0.737366178303512,0.039093410180883706,0.4171739990313021,0.6353539595285992,0.2730217033468658,1,59,sensor
0.7158496208680594,0.8790613362677673,0.7458266299063361,0.22168801629703663,1.0,0.4502256626101938,0.4214367088686395,0.10482086370420379,0,42,tracker
0.43313465964640485,0.6085508638568559,0.8227610926525883,0.4062717112589936,0.15958346810677704,0.7689390227681525,0.40050110809846057,0.2900110779180369,0,53,actuator
0.6025082467229597,0.8858253523321256,0.8793356759208315,0.49101108327304704,0.729543988004081,0.4999743876371631,1.0,0.27198747383098504,1,36,camera
0.36332872485589135,0.636993978763441,0.6791283172089482,0.49997331191338235,1.0,0.5504913338855071,0.9353553303042181,0.26846167327443776,0,6,camera
0.6161419718145734,0.9155869987270943,0.7379020600899118,0.7422390156170212,0.019380587856185086,0.4722702081984969,0.7777454932443781,0.37864826336493085,1,72,sensor
0.9685239925349332,0.9356918421644963,0.9260173076828901,0.1839627725247191,0.7284955127268719,0.7496787534760441,1.0,0.14023154352745248,1,74,sensor
0.6212009087932995,0.09059185907690864,0.9835349215935701,0.9575449145919734,0.31417376274766456,0.41578111773212645,0.29542965107932856,0.3476410911713989,1,61,tracker
0.9790001659021412,0.8234411683203067,0.9437554568393149,0.6061246026927054,0.06338120429457306,0.6472451562545218,0.7259052500119164,0.4076962432243223,1,9,camera
0.8945455233329402,0.9699009341838588,0.9417051736409672,0.583821487113016,0.009133719297039414,0.8710649335272242,0.6185151374487672,0.5442444037898877,1,79,camera
0.09861223847415117,0.652066216941939,0.7523698667214748,0.5083403855105135,0.5522469625425472,0.7959216894603441,0.7942486778357316,0.4593616715770781,0,66,camera
0.5904407428108891,0.5878427092093665,0.8718778500899903,0.5329899440977173,0.5355618634014803,0.7458588513854811,0.28024682208281415,0.40472933418263707,0,59,tracker
0.1687848906094214,0.603475738713295,0.7794120368492786,0.4393310295762343,0.1431646634168086,0.8688381657593809,0.5648539745145253,0.3991244671230473,1,92,camera
0.3281957737246687,0.6513523320373839,0.8825964333339766,0.2899193188254424,0.3940416319872238,0.7268585943498729,0.46144777267029297,0.21084140499196574,0,14,sensor
0.702211622917193,0.5615309500580219,0.7975450535228306,0.3418352427016017,0.2887035578976089,0.6174124838888052,1.0,0.1888102920421918,0,50,sensor
0.5763936643574126,0.6918681983851052,0.8407614168380982,0.44169170570702065,0.3027565390912389,0.44253998609129996,0.6100605344853308,0.2095045912637029,1,9,sensor
0.9499046189416984,0.6893131527972107,0.8281447591050642,0.5117149643349822,0.8916308174709172,0.4718229262177647,1.0,0.21814692261545585,1,99,sensor
0.6589599062798471,0.8651409019567009,0.9016774409781512,0.6529889011287406,0.598675430827449,0.541869863683272,0.676454229121502,0.34946883694581576,1,37,actuator
0.3677081516203762,0.8256728516478932,0.7439723626233267,0.8318327379238253,0.22815568912538167,0.48595980727237365,0.9217507558241422,0.3692217838653513,1,6,camera
0.802691898211612,0.769265438409025,0.6135353233475902,0.2874283031870571,0.39856381402244256,0.6148151050676136,0.2618340457593116,0.15677498055645087,0,72,camera
0.8275091796938225,0.7060851649827286,0.9127181482953304,0.6571970107658978,0.37268934671015375,0.08729853863543256,0.583756240354495,0.05618490375335489,1,62,camera
0.8810222005729779,0.8770339446794133,0.9277212643457802,0.5671453062644184,0.03183505333600188,0.706227276211438,0.534563769755565,0.4254473307519271,1,41,camera
0.9189336235114275,0.6643420633893674,0.8334458191250682,0.6999816391993136,0.2820406389765188,0.8916778551791447,0.18008505128220362,0.5221769105832667,1,12,tracker
0.531081456765276,0.868826785713105,0.886313886254848,0.5895097304613924,0.155332745622048,0.42355317430751355,1.0,0.24926500674349256,1,15,camera
0.5955764294457969,0.3801573913371227,0.9968500451160219,0.2234361993770256,0.5603829947155983,0.2772435736505366,1.0,0.06519343146598847,0,61,actuator
0.5863709740086042,0.47479450412418683,1.0,0.12368214778864374,0.26668497825820686,0.9173200450138975,0.40717386975753866,0.09977507099917997,0,94,camera
0.7950369938970926,0.3373289841303771,0.7992178616335199,0.7227954670661351,0.20437618036607536,0.6053786292348025,0.2261633362099389,0.47181709698908153,1,21,sensor
0.6301603924501921,0.6027377172378833,0.864684240588946,0.5061534181063646,0.12352756480420828,0.91949623666772,0.9303158068378954,0.45023831458337393,1,41,camera
0.9494160598576701,0.5910387655705829,0.8416029721116438,0.37667961548143386,0.09477143859409856,0.7887065517374949,0.5070472597488604,0.32279358191527224,1,71,tracker
0.6700362116900396,0.8634601639227911,0.9291940003273405,0.7055496908634933,0.1315141282298034,0.41301374877217006,0.6208475907015618,0.3016072633160911,1,98,camera
0.8946560992915732,0.41876557771005124,0.846961763150793,0.04863194571043805,0.6259203305376395,0.6003166665408977,0.41018379976088254,0.022814370368502673,0,2,tracker
0.8087415348798392,0.5117220001718175,0.7861697374846668,0.7167479993924445,0.056469726193683935,0.7759138202565671,1.0,0.5054309321818518,1,38,sensor
0.09613414305904891,0.35216088068873075,0.9260783090969607,0.48339816540383956,0.011622941932520715,0.7024115521151331,0.9438221227235624,0.3254338660549701,0,61,tracker
0.7091927459040946,0.9716578298827679,0.8889268372988947,0.47388238082317863,0.5540879193998005,0.6096350357694957,0.6536872267127792,0.30621601307950774,1,49,tracker
0.3953581888950299,0.9562159482420572,0.7706599750185552,0.06062236982619589,0.30928288450435143,0.5961068301061645,0.07093924914907485,0.040393938259458494,0,55,camera
0.796286012982737,0.565390955886176,0.9495281521818365,0.5150875924067427,0.05200095160083219,0.8783212294850712,1.0,0.5159402589314361,1,32,tracker
0.18766557231529446,0.09634028281488939,0.9753607557151693,0.35532417289006835,1.0,0.39422691504432494,0.12557197572943646,0.14633617732611123,0,92,actuator
0.676872607586991,0.8359172362128645,0.8219669773000128,0.48076311970397084,0.027228026098383866,0.9310831644021341,0.7352864091183221,0.49832322231614,1,6,camera
0.47265917661539353,0.9424876599851368,0.8769822748607251,0.23004574246434914,0.1438538303178038,0.16750671741427403,1.0,0.0366763577337468,1,68,sensor
0.7476105946641153,0.939904246813178,1.0,0.7067060702052077,0.12580891498148686,0.8727226385039963,0.2851598044430201,0.5823507277730456,1,4,actuator
0.4113691371804548,0.8148500784952464,0.8027640291613443,0.8733748772263326,0.19949721092362216,0.3299552406801778,0.2294590501415403,0.3068445851005433,1,7,actuator
0.8984225588895889,0.21472909923880948,0.8964383664165582,0.5940197300036021,0.14002060229763935,0.8354472386347127,0.1912816142851157,0.5697586263463343,1,12,actuator
0.8650275255191526,0.7581910507165245,0.9540182908946836,0.5205151753734912,0.006269873234068852,0.9801936386317567,0.5644899617245712,0.4793451131250087,1,82,sensor
0.930553675756489,0.9098245812424046,0.7779140465593842,0.489861843376434,0.08354058826046226,0.9713018155479034,0.8330451074884685,0.3844120998191413,1,18,tracker
0.8682005002524219,0.2619655059598716,0.8496301282354171,0.3629920782096451,0.01664248571532322,0.49998440689925167,0.49315148919743024,0.18560560356143918,1,59,camera
0.9934388717113803,0.21047738102005834,0.8913442624116131,0.2512891930026573,0.139244018509316,0.21475278323824268,0.10424210156234316,0.04518643264054544,1,4,actuator
0.8965715731642127,0.99666539027812,0.7294418314899168,0.26020250281622403,1.0,0.6486170200934631,0.07399152349488253,0.17677095212943206,1,34,sensor
0.7560244271645526,0.987251468183148,1.0,0.215395747667096,0.1768086925844566,0.8554763182638206,0.3505598050686743,0.19023275163392436,1,11,sensor
0.9275368989512734,0.738385141370794,0.9826123651562091,0.862844916577694,0.008955761778658661,0.4955367523060539,0.2271552521557915,0.47736756490122767,1,44,tracker
0.30845076779631303,0.7378641468183845,0.7601113617842157,0.7004341211411851,0.4163466569174812,0.7494499683518396,1.0,0.5105611917674944,0,92,actuator
0.49049256560647697,0.8153788728403487,0.8254737819151957,0.24114745692893944,0.04920443842249166,0.9290640978690532,0.5479523368799191,0.22374067806729594,1,82,tracker
0.09596715964685279,0.2717464425528096,1.0,0.7461928453143094,0.27903102568582316,0.7297523965016398,0.33001380027958876,0.517737059909866,0,49,sensor
0.7202743522444939,0.6040438338072637,0.7396017094730063,0.3967654566174635,0.30303679302936953,0.7886716111322207,0.2377133670382704,0.3244312010056749,1,64,camera
0.9349435595750046,0.7883251552933416,0.7326773607456447,0.8945830192175759,0.15773710643221137,0.8208756057211317,1.0,0.7375964973038129,1,40,sensor
0.28144753361111624,0.02658474372836567,0.8795178326681529,0.5457037549561069,0.4605347985926492,0.4678813095980399,1.0,0.2601906595052842,0,42,sensor
0.706384392066754,0.667297429605311,0.8410490578329091,0.21871052495471244,0.023603409942284343,0.697520488130896,0.12854446921462565,0.1733455065237674,0,91,sensor
0.7923956442054361,0.8083929868330376,0.7545438362929522,0.32529759860423907,0.9464622734330618,0.6140266116711005,0.45555600671826746,0.1764342981541278,0,25,sensor
0.7880079824666846,0.7183126289474943,1.0,0.510669723403666,0.3172516978758194,0.445110409920961,0.9578411665751442,0.22367200196274004,1,7,tracker
0.8432516270301259,0.06317493871495503,0.788746283240823,0.1632816505371653,0.05744131092074191,0.6267395589997805,0.31949339598613974,0.10618022472501921,0,48,tracker
0.3635155523806495,0.852709923799022,1.0,0.7846629641593592,0.07548921911329423,0.7848859271997869,0.921405369833413,0.6796264343037133,1,48,tracker
0.9135571565446421,0.5801113607533482,0.7392030122324331,0.5238314187718491,0.20885085667548192,0.853869548927715,1.0,0.4841100808664867,1,39,tracker
0.47979940066919363,0.9054203249293945,0.7211795201012471,0.40326561554720325,0.16620033788584146,0.8453403035476613,1.0,0.3434516781058293,1,57,camera
0.8879422001788407,0.8134921097950732,0.8979026111488316,0.5213687344980356,0.19523796948797317,0.613127237025183,1.0,0.33096402374641776,1,60,sensor
0.6828829432278571,0.7535568996797758,0.907268606358309,0.19821049333523721,0.01186167698417705,0.6565691684680866,1.0,0.11701173711621284,1,62,actuator
0.9688752202108648,0.8629634952204781,0.9085655452757029,0.533249981646429,0.42429795993173547,0.7350379888935983,0.5093600728994047,0.38092021121110176,1,28,camera
0.7027653902610175,0.9716851904105882,0.7026294269906785,0.15592771183730897,0.7970850471843953,0.7330187954006036,0.8791310659560915,0.09505812467389307,1,37,sensor
0.5580852118548362,0.15746646307963888,0.836168300933455,0.11858181593239348,0.5962136281960561,0.5150970118434026,0.13284667324352822,0.05796760916923257,0,91,actuator
0.8577434217255863,0.599437478698208,0.9955199909507523,0.12499594307151217,0.2771444539049578,0.6908777309975455,1.0,0.08891280556993778,0,6,tracker
0.15648493092902074,0.5800469533043683,0.8138227228151481,0.08102590330024746,0.18449788473668402,0.8111088444271284,1.0,0.0624953333933495,0,39,camera
0.2460560227523244,0.11765702980936216,0.7239409208612624,0.5196046460256255,0.18046042016222424,0.7057363103584029,0.12028354258354766,0.3867513485013842,0,44,sensor
0.5986326859554749,0.556602432203847,0.7699031081090293,0.5406138785705187,0.10389240238722393,0.7683766408459101,0.6953491405155546,0.42400190857951153,1,24,sensor
0.049031266611472314,0.7694607095479115,0.7776068781726994,0.6325987036908943,0.6923131395196988,0.5083313173871025,0.2325424393084664,0.3058645412595484,0,79,actuator
0.5313370052682639,0.8204850605348217,0.8718296329601585,0.5861421798214538,0.5955631027741723,0.6329051541661999,0.47666883397269905,0.33213000639432383,1,77,camera
0.7771453800309059,0.34866267700564746,0.7755814819052607,0.5031183317443129,0.0050201853504072995,0.7523121780513751,0.13835036468409923,0.36281225288207525,1,84,actuator
0.47710457626547986,0.5296886595777083,1.0,0.3306085875186903,0.014086542662690271,0.8624393799467089,0.5581333036336947,0.3297123927791458,0,49,camera
0.7389757573749368,0.41455055243596983,0.7644058163906178,0.5548013732956992,0.07673406407768979,0.701392909238805,0.2976270950284019,0.3758411127143462,1,87,sensor
0.3339511548250168,0.6894243198983121,0.8638868384252624,0.7406595015483364,0.07254516886651252,0.8249009636978851,0.5246500357428817,0.5963668574931801,1,74,camera
0.8034019339259765,0.8090935382417483,0.9651390961896615,0.7788882273080316,0.36410642548882566,0.6614452538475818,0.11623807667212663,0.4547522267247132,1,2,sensor
0.8811808442303178,0.4786922283891116,0.9319088900564807,0.5406887287648732,0.2741827803488777,0.42776334961176893,0.10697456526853995,0.20246719011309483,1,50,actuator
0.7099183863335793,0.41277942917182675,0.8927089635971003,0.7793321544680379,0.050705927195436984,0.6464069349578169,0.9096204737679092,0.5241997584918706,1,61,camera
0.5778235033051415,0.11159992651346415,0.8079981140814186,0.9256413276627398,0.044139710636755716,0.9733530689908517,0.3750639322671648,0.8492144495984922,1,6,tracker
0.8972325489157593,0.7625896296408273,0.909364991905752,0.3310615763417501,0.11680394562517368,0.8353518166164279,0.8650571005434662,0.22972466411746173,1,55,actuator
0.6966059161556487,0.8300702995871807,1.0,0.8705239693087483,0.5790041612376964,0.5285160104700701,1.0,0.40108763852995294,1,10,camera
0.8146753075754435,0.3011745047116434,0.9345843743624727,0.6191497646571738,0.3819751080444168,0.3210475242257651,0.973924582825285,0.19787123450157795,1,4,tracker
0.6635145127802164,0.9942907041203648,0.912825204894096,0.5947143555604014,0.14623516811004872,0.6414852279946024,0.2007120681868921,0.39311846770326486,1,48,actuator
0.3103648748372465,0.33404088079596167,0.7905986529227823,0.3787601653534968,0.03534335866343043,0.29456377962712077,0.4132919964918866,0.10416664288574831,0,58,tracker
0.6800339323531378,0.981566376990316,0.9510578748364973,0.3374489716338799,0.6450145986534489,0.8045173979346005,1.0,0.2740898761204034,1,36,tracker
0.5048627607670948,0.290253494786967,0.7957555571452436,0.07433810717478384,0.009225808921711601,0.7808181134243098,0.6566398128902862,0.04992256791651778,0,97,sensor
0.8863534433443425,0.02141148868231016,0.9042112902785393,0.5871880216728879,0.1608481309863859,0.6818721336468312,1.0,0.3349923782470251,1,96,camera
0.36263059682060966,0.3781559464600801,0.7653432607748362,0.3891428452306019,0.1822205565852828,0.7703729027465307,0.13013975096366423,0.30639361365158746,0,33,sensor
0.8359571555381111,0.08629115569332593,0.8271846323327325,0.29484656959270494,0.18077962562763744,0.7241064408105873,0.6700383714385744,0.21320505503845405,0,19,tracker
0.9919250643554447,0.7767819383947481,0.8009867482458541,0.38887227846944616,0.7602341196043824,0.22517766169693199,0.42036568609689845,0.08222624970737746,1,32,actuator
0.9693434672187317,0.836040367365172,0.853958921591357,0.5983480802418749,0.13804150474753904,0.8469388747526362,0.21972482981573546,0.5085557872554758,1,65,camera
0.508056156261273,0.5363453527116662,0.7823407825079853,0.43917206903318695,0.021403764199057113,0.9739539740015873,0.13211248358120958,0.454469553038282,1,3,actuator
0.8790419003169148,0.428079074251374,0.8006022058433101,0.5198494850793707,0.3845754974795473,0.7795283679877238,0.3999551375945459,0.3691311024340283,1,39,camera
0.8684366961895663,0.3727454288469366,0.8972045714961109,0.7674055393446834,0.07696950757663133,0.6998817537813613,0.703190517416086,0.5890845205877594,1,51,sensor
0.3746093228462338,0.8718778980095924,0.8519529851877572,0.5386913201019022,0.15108245861345643,0.9356784422648354,0.9066237125697669,0.5296775159243384,1,33,sensor
0.8511276171778371,0.92044707505407,1.0,0.8065215556943054,0.1746042918871062,0.9406419389439495,0.43259536619010824,0.7235153813055795,1,38,tracker
0.9827057048833786,0.8690033266653576,0.844848792882783,0.07263354220665846,0.06675622034226394,0.6572792343569416,0.40711002532291257,0.04908212996881186,1,78,sensor
0.8948654958551053,0.555594357330312,0.7710100910538511,0.43714919208736236,0.30479305353942404,0.4523291468832979,1.0,0.1634934655161572,1,97,camera
0.9195656997021587,0.20724035522688208,0.8814098908774071,0.12541594639591458,0.06674923017701948,0.6430320951434555,0.30745963129429327,0.08771448494166761,1,53,camera
0.7237759626353694,0.9192162246820226,0.7784876415721813,0.6125895025038492,0.01842633095199503,0.6554394805963486,0.049092220793881446,0.38877712919271074,1,97,tracker
0.30926441094480916,0.42832482124832555,0.8834004663966206,0.43815827974218735,0.035402945324956143,0.7795457351082946,0.34279270265915723,0.318639623955442,0,79,sensor
0.9497892857770941,0.5440524882163127,0.9008667675092791,0.42404885423739497,0.6312970460960925,0.7741646995950099,0.6782069173288751,0.3618676161273214,1,93,sensor
0.43313412502122345,0.7165495679879804,0.8601948872926495,0.4036273280926172,0.06351526495162828,0.36320642226039807,0.05995024254948131,0.14561146484017967,1,47,actuator
0.9858360507971234,0.4548829167084787,1.0,0.2070469018402325,0.35881640875634496,0.5519192387325955,0.41390058750469266,0.13562644425908119,1,6,sensor
0.8786227911272798,0.9144388088685605,0.6688092098695572,0.15559845829676452,0.27552643055317005,0.7505633820611842,0.8373641882826903,0.09548447172676336,1,18,camera
0.21735063881892336,0.7414547814756527,0.9581477851271617,0.6562586980487239,0.07027619025288945,0.21117162449803223,0.3155704634978665,0.14048672444182297,0,97,actuator
0.7829203175729973,0.4427519493237753,0.9600324290374819,0.782495357588376,0.07244042816627655,0.8204810418032251,0.13837552683481785,0.6103461540295886,1,60,sensor
0.19295667969402858,0.027369327567162805,0.8493361595630999,0.507696257549425,0.5659602243246434,0.7969983458939608,0.9164173318864679,0.45624284930532105,0,41,camera
0.3553266180371341,0.8105952627391718,0.8319320086178734,0.021082714569832624,0.10566819696221415,0.6506934562985781,0.1745367394949093,0.01625565252383321,0,51,tracker
0.295768297991804,0.08135162840877515,0.9977462587725567,0.3794175013012311,1.0,0.3090055945547503,1.0,0.11070615452813225,0,80,tracker
0.8917383907848176,0.8793194103551815,1.0,0.7079631897859041,0.4347910746115945,0.8648923155436555,0.991310850858167,0.6509651620992627,1,19,sensor
0.8435608279853798,0.6915337690703794,0.8553195417212427,0.4536693942547319,0.3616614930737975,0.8047186523874391,0.7096857529995463,0.41669893721082246,1,24,camera
0.79894189749956,0.5284025475514385,1.0,0.3617880958014365,0.15302054324488434,0.5805907821407574,0.6710260499537302,0.23462065908196514,1,81,tracker
0.9123827952919732,0.9339092318269675,0.9060176965764437,0.983941026297862,0.08274693597328076,0.9386228276991713,1.0,1.0,1,84,camera
0.8317440570925794,0.42122362548908737,0.7994075462740269,0.36391993612876655,0.5986612731439145,0.380570242720357,1.0,0.1330694725564088,1,85,tracker
0.47558670711780243,0.6910049531861515,0.7937142346228695,0.6533155103809426,0.5821340427774582,0.5898997859373009,0.5940465258626463,0.42394134223052177,0,15,camera
0.6673273152509847,0.7366384419660206,0.9085638666096251,0.4723093831067779,1.0,0.5210046867151255,0.5427477891724323,0.25993442636128916,0,15,camera
0.9244249834960266,0.8560250180290194,0.7399810890727138,0.35105389789702707,0.07288755196362,0.27498717967171815,0.23111107713717616,0.10653944227388874,0,69,camera
0.8250820802140011,0.96341996364466,0.8061117002523426,0.9005371958703802,0.19091774568718475,0.8295881315327088,0.27040237576318965,0.7133155092259376,1,72,sensor
0.9949734884394515,0.7333834300966868,0.8020685744425817,0.5910065868306962,0.198994939792475,0.7271812379938624,0.27070970853551135,0.3903271186564839,1,50,camera
0.9640805214867118,0.7718856886792438,0.6988137303275367,0.26479081630938506,0.24968048997913064,0.7083231544425493,0.9290743381190765,0.2146378769722997,1,10,sensor
0.6355852492477421,0.8749696905862827,0.6960297950610902,0.6462663695613541,0.2372123700538573,0.8971887621166401,0.07241084854527324,0.6047274691843891,1,32,tracker
0.7871923919182524,0.5539269345241664,0.7317041722236559,0.6248633219965086,0.3777589251866421,0.5872264547652273,0.6816405104540001,0.3414726759557146,1,20,actuator
0.9322718819177701,0.9379652838867172,0.7642795888873075,0.17049098513241898,1.0,0.4295952469299767,0.5094098059132243,0.07152289887167705,1,72,tracker
0.8960667547522888,0.4697413585613955,0.7928389869960866,0.23775098370333295,0.18404678634779703,0.8918044028423718,0.2135832004919884,0.16821683254635333,1,4,actuator
0.9017736561291662,0.9518222877823367,0.9612924662587259,0.37173646969674295,0.19330152718673052,0.8666614575033101,0.15196207847476828,0.26289696146467223,1,58,camera
0.687375950784302,0.49474160834155434,0.7084662887806776,0.46526611661183903,0.37529008134232505,0.37724484042121115,0.19877255987968,0.18914190057549174,1,97,tracker
0.6421453783614361,0.8764649383922781,0.9128746961460179,0.5250236637977614,0.051160871190395175,0.39527550512162096,0.41778253830901074,0.21109169189997243,1,5,camera
0.8144102143429301,0.7901186920215918,0.9099085245172996,0.3923234595925122,0.4538245923496646,0.6091288240189692,0.8544881151595288,0.23943360387422835,1,23,sensor
0.4376873300293739,0.9918003911605958,0.842060778368407,0.6254576985271114,0.30359815769722875,0.8692283142396516,0.5151066793352832,0.45990777752400014,1,84,camera
0.8791033907588789,0.33050891054580855,0.9122676635735364,0.4954476255535711,0.09579928769603833,0.7557115772519204,0.2349227303268592,0.3876836940603512,1,1,tracker
0.47863630615794117,0.3330680060206328,0.797736908122195,0.38939529204466494,1.0,0.6498032914830701,0.4201606343113428,0.19833871883316886,0,28,sensor
0.8626262734936782,0.8354923470595376,0.7163623845122056,0.5876785928126763,0.23974443609080082,0.9108694126983846,0.7192231056028696,0.5237168261028161,1,80,tracker
0.945123929331269,0.8431063554609206,0.8332746362214896,0.37623602236585224,0.02456274900132389,0.8463593640382315,1.0,0.26082859963144783,1,68,camera
0.8191773059433357,0.48971396691436686,0.8554774631693941,0.5499949049892471,0.28178780288542343,0.889249914392056,0.6413577939748492,0.48054946537303067,1,65,sensor
0.7313019439260419,0.549202959810079,0.7913113694304367,0.664711141892146,0.32507437629744407,0.7256255263994986,0.9617323828319038,0.3959472231490933,1,37,tracker
0.7912773180634046,0.6401443003023912,0.8391394694352824,0.4348923950775767,0.29839189911198133,0.7512287350383308,0.30474858955152867,0.2637032323619476,1,41,camera
0.17968560399184366,0.20692772344249125,0.9099870266532804,0.6293421047635522,0.018898529176440013,0.7588081188213133,0.7708179451733607,0.4806076838275675,0,72,actuator
0.8748979703836397,0.9855575507023145,0.7505932356103067,0.3445298318422419,1.0,0.6364666667703234,0.4160427462424403,0.23071555972948926,0,65,actuator
0.8909447735291903,0.15867268684124528,0.9933718845691124,0.48978757918445925,0.24150375999852222,0.885426293574932,0.18450812635735456,0.3571288263337561,1,37,actuator
0.7117002349259146,0.7069148034243887,0.8000200625052595,0.8082490274814021,0.3011085978612571,0.8183948753447075,0.6371063067719107,0.5856242485259042,1,24,sensor
0.5020986483065957,0.35188275307144173,0.8075735469393452,0.42788710998244633,0.03140452397404621,0.6366024313260482,0.6204140746829677,0.28129260159848735,0,76,sensor
0.3407928791348274,0.8906342787951386,1.0,0.14614835207169716,0.7113150366091029,0.1688276671072029,0.12359530027847232,0.024286780676248492,0,42,tracker
0.2141732627197952,0.14647767791053234,0.7477589670567865,0.3554514121118371,0.2251797206860846,0.6945221249972429,0.2611058504232679,0.20851038574017858,0,67,tracker
0.3086771789428233,0.7262989981844246,0.8939860962693517,0.33578174022703416,0.10673602774738138,0.7005653612369952,0.4783944790580572,0.2455696675945129,1,13,tracker
0.8143357709109746,0.9034320726097793,0.8385908524534952,0.6863277195171361,0.26250836563881474,0.6014925689714273,0.524688018651032,0.329509851026985,1,52,tracker
0.8235686149451837,0.5259127579809256,0.936654139084717,0.3215374597616512,0.3723691147161644,0.8202591203766847,0.11064843967964863,0.30156047067000896,1,48,sensor
0.3279728186868241,0.39464465316558056,0.8001571355268879,0.510788934345103,0.577205386764589,0.35416851541933697,0.938207884967025,0.18777103158682923,0,77,camera
0.9352761922671847,0.8086623589401802,0.9091615837846406,0.8382935771825221,0.021436402426415764,0.8807476137075708,0.25526186583498744,0.7029805362576196,1,72,tracker
0.8153494628198414,0.5889799647810652,0.8391484076863664,0.8140357560001239,0.4890308068883593,0.6272101941548789,0.30489695250031845,0.4798866120529799,1,13,sensor
0.8305739145924131,0.2830827364603789,0.7743342055711055,0.5562833549331877,0.0014723170397794103,0.5361355404757054,0.3597103381398913,0.2774782303255336,1,99,tracker
0.9231058657644832,0.9610615084440934,0.8260381305734987,0.556007624610874,0.005307925448210715,0.50811744489093,0.22862179842664748,0.3126171910397542,1,82,actuator
0.3940455628303312,0.4619450441646888,0.9878132392513717,0.7154099261791874,0.030505873524829398,0.9733481101789676,0.6836992606578285,0.7811542309258865,1,57,actuator
0.32700589240299166,0.926187808030642,0.8620884731009198,0.5558547333322007,0.927083639958604,0.3726571559477654,0.5607149899369633,0.20867770296908422,0,24,tracker
0.858735975183327,0.5293546046387559,0.9911002207400523,0.35359259139597676,0.2249692794319175,0.7577533393692998,0.5940048842583178,0.2571107557934382,1,11,tracker
0.47696325061517,0.3423221945335286,0.8375234919648876,0.286199076381199,0.09539043794758248,0.931740966348425,0.0914154608975551,0.26074651603985516,0,77,camera
0.49970278209889657,0.5992016575104802,0.9624711004867198,0.6543788172405389,0.09997508413314096,0.693355756661201,1.0,0.4395126011879016,1,5,sensor
0.07972232037300023,0.08553478246574736,0.8147742777142754,0.8552880893738856,0.11093017891768109,0.5835455546202984,0.7341573142685799,0.4500077426928146,0,82,actuator
0.8313927746370899,0.6334411250021823,0.763484341671549,0.28536935871418734,0.07224468680625423,0.6770101131197453,0.28914593325739857,0.1538558273434797,0,76,sensor
0.49781246935849743,0.7846543800499723,0.6884489517626938,0.786375371328575,0.5227872703904202,0.6393795573919672,0.3912843693181523,0.4643418626572586,0,87,camera
0.7725626990903401,0.9847933228222572,1.0,0.41094379924588,0.2206475107548374,0.5740419589540198,0.8973008856631992,0.22865203350369953,1,58,camera
0.8476821140802238,0.4880476107994975,0.9006549208138128,0.08378206614926478,0.2473363873363294,0.7972671110787192,0.5982043265482736,0.0645450511106134,0,66,camera
0.7506313624085467,0.6392223248619092,0.7863486823798403,0.30236012723873523,0.0022747161506397407,0.5174277894434359,0.1350148597805607,0.16531980989700265,1,57,camera
0.6418070633965655,0.9059835943113306,0.9857082128003367,0.7236928896768039,0.016693946322594848,0.7093738689017958,0.8503246058397677,0.48315857652901284,1,80,tracker
0.7127604698110673,0.6733716875599385,1.0,0.3774705772354491,0.6506148956154361,0.0902356809250084,1.0,0.026836834302693995,1,24,tracker
0.7074371958529987,0.8953293593873023,0.8642954850047805,0.07897711628124938,0.358779931167422,0.5503871832368785,1.0,0.04448966243070629,1,31,tracker
0.3210350938710094,0.7158796069714521,0.9698616677936064,0.39368494547579785,0.14489895072659195,0.5694776403710597,0.28759702098859036,0.22053110083340915,1,60,sensor
0.6008539354978225,0.8633832544558161,1.0,0.7934953714616361,0.2577830922724431,0.8301595061339311,0.27867026248762816,0.7294697891789159,1,82,tracker
0.6033305294541716,0.9840215564769851,0.8366913001494403,0.4425044393977563,0.182460578399079,0.8063666309917129,0.6749006073481028,0.3422674125410421,1,40,camera
0.9951038087717677,0.9398493258091467,0.9699292428261495,0.28995162088244897,1.0,0.6624293779598868,1.0,0.19754233852736094,1,11,camera
0.4406452452160139,0.8729094247737583,0.9596466897814138,0.78843561232475,0.13027097328938364,0.5684331177225934,1.0,0.38505483464237483,1,72,tracker
0.725631935712293,0.8765467449743823,0.929425837564653,0.3605132102985883,0.17136563542495908,0.8446721359079749,0.2474387012542315,0.35468198632208575,1,13,camera
0.8417622036793979,0.7056191066208296,0.9132487183366282,0.16769199776634902,0.2984494357905751,0.7794533324736954,0.6189699768828755,0.13039227504460682,1,99,actuator
0.6978342734354773,0.17858738209906758,0.8639624446091423,0.1827173830449586,0.25226786539222673,0.831487555681351,0.17628566256909087,0.1765660628962513,0,10,camera
0.9858758065151757,0.30454111264776856,0.8044911361396819,0.9295932785012954,0.08531840314184132,0.8267813282167508,0.30389028917062083,0.7541749021518145,1,84,tracker
0.7767508751108445,0.46593526751263864,0.7998269045873649,0.3618923797355478,0.03158636297473879,0.8831870978127422,0.10722062914820375,0.27972000057626556,1,55,sensor
0.7651719322462615,0.8605361788758911,0.8573916466956234,0.6648276738578527,0.36213539883003004,0.5186123042954272,1.0,0.38322985460642217,1,64,tracker
0.49727918272573984,0.6458230217478876,0.7903363978354635,0.32286144503585573,0.3468298089228245,0.6094713529834349,0.06754505358786238,0.19977819453473555,0,36,tracker
0.964364323105056,0.5328946658928857,1.0,0.4288918983245929,0.43011672314938326,0.7181826750840253,0.12679734175034993,0.27648768488757913,1,3,sensor
0.49147602278202235,0.5169325847554816,1.0,0.3204994548932821,0.07049666140774757,0.30883143114983924,0.24983393701567025,0.11015172770873882,1,96,tracker
0.6388954107377951,0.6904729059422282,0.8200545447290772,0.628928532641491,0.30375090555127143,0.5043106991805975,0.492984556385074,0.2910480501631596,1,48,camera
0.8716585444764959,0.9858913466209148,0.9947100027621566,0.2815644663726204,0.2937344032908661,0.7476226126841363,0.42767680485207954,0.246709572401453,1,55,camera
0.7606665170729909,0.6113548061614402,0.8127957301001297,0.5225899637824934,0.039510201494445674,0.6703163178315545,0.9551329081246198,0.347002283602145,1,68,tracker
0.42099324158699825,0.9048189971179493,0.7671852654098404,0.9433639657536865,0.4930136323640391,0.6701968353351822,1.0,0.6004417519639794,1,10,sensor
0.3628038814962887,0.36082827250759497,0.8478091672503733,0.45587653522980887,0.28515865736547336,0.4978421628202251,1.0,0.20322050492680918,0,61,tracker
0.9277252895495723,0.6108827853006347,0.9325071284657633,0.4079309644463655,0.024708347194556328,0.8695639469135752,0.9300625373233862,0.34619000158194285,1,77,sensor
0.8207811576745948,0.5286826192263617,0.930490324064952,0.5196392085935032,0.5458537068289393,0.7605804137785438,0.2228472852420369,0.407817248020644,1,53,actuator
0.6827389710147821,0.04261448648911889,0.9210540448847364,0.5917330022283324,0.2135260987440101,0.8545683797143699,0.3259841600764965,0.4147887491514455,1,65,camera
0.8076307625672351,0.7526036114468223,0.7823960616539916,0.4481488617464874,0.25076316808513766,0.9187981905351579,0.9672033223294363,0.49032782497038147,1,16,sensor
0.9829194482619483,0.2865840104281132,0.6789715980689216,0.5427106624155349,0.4254105167411475,0.5416623164855767,0.5299563924679522,0.30552573298893587,1,18,actuator
0.9153452988169106,0.657557135821048,0.8132427741332979,0.7173362933569621,0.5159321436689479,0.7550894595589674,1.0,0.4726915998516289,1,7,camera
0.9146425037540215,0.8613411373921139,0.7978471716042994,0.4980701240867038,0.29550319764179,0.5605926401366372,0.1840876344918749,0.2447757373555852,1,67,tracker
0.9170020580281555,0.7914923131511421,0.9281647936908326,0.43247004606977035,0.5918567036024035,0.8117341978198391,1.0,0.33327875578683824,1,72,sensor
0.42230359677592993,0.7230655118188962,0.712240353861835,0.5632169340982864,0.5052473115490981,0.7049501543544859,0.6530176067765047,0.3408106796121125,0,85,sensor
0.7994525911423285,0.34841668102102014,0.7969619489795738,0.6579928002492827,0.11599603501904956,0.9145828945503085,0.2187587031850993,0.629594557505804,1,91,sensor
0.9222835633363322,0.6288585500903889,0.8268901933416022,0.4593936480078821,0.2385438899582935,0.7591607036071124,1.0,0.29657973625514505,1,21,camera
0.7590931317512106,0.8607533329109751,0.8437023670505609,0.25586877332187374,0.8044370706232904,0.7569682550556341,1.0,0.22535613142642436,1,55,camera
0.22516670794923485,0.41342813937600204,0.9448866266137701,0.6966270085091861,0.34801359403694915,0.4115852272460185,0.07236953084467937,0.3060245998737966,0,81,sensor
0.7915838058714021,0.6480593712779097,0.8659212687896843,0.058062643235959006,0.57481321302889,0.6018142142694443,0.08462469014274639,0.037600102018218055,0,4,actuator
0.7632583397492662,0.5244325441418496,0.8015210862245743,0.7504397722171123,0.05827889533043712,0.9435271120528635,1.0,0.6618502552019491,1,28,tracker
0.4327995490754916,0.2964773670997904,0.868782928650801,0.5043737558218094,0.3212246645776567,0.5382406241964569,1.0,0.3174685492691839,0,15,actuator
0.8682377664709452,0.4886676549148716,0.9336017048768245,0.3515732529451076,0.3106222942516178,0.7006522789301481,0.0985581138327558,0.23581620278840806,1,83,sensor
0.7624692695604048,0.5342017678686408,0.8842762114215974,0.5128414497928044,0.6429758839008457,0.22795050391910662,0.5071903992324444,0.11316817100907804,1,46,sensor
0.9716835791800551,0.8545307203989908,0.7526377769718802,0.4382346671155501,0.006426240471348141,0.8921131968158427,0.6276893812276223,0.3428822300433961,1,30,actuator
0.6150766002017672,0.6242236145879475,0.9226206244442983,0.5780983814860241,0.35969763886815054,0.7826784434033396,1.0,0.45783404828903607,1,78,camera
0.7416001085127574,0.9761846441029347,0.7836440982281065,0.46142366287174114,0.03419009052670607,0.5236524743924293,0.32907823418439713,0.24722867648957214,1,98,sensor
0.8318575315884078,0.9664617547913741,0.7896692572638618,0.6415029946424595,0.27447638698514504,0.2346203982336688,0.2564162079232389,0.1530840701045266,1,78,actuator
0.9860500300421376,0.7227104290765987,0.7959268856317709,0.40184066090369974,0.03472107582632042,0.8439863065542424,0.25121157729525423,0.3700091400539913,1,11,tracker
0.9259629955145802,0.12579756672112782,0.7678765475675657,0.6004199574031781,0.9863909830363028,0.3616463564880405,0.6989504000745653,0.19501858914658626,0,63,sensor
0.9192421143589147,0.7500665858865329,0.7432823697607647,0.5396895517889527,0.2698828652902495,0.5133588100611469,0.6632781052823348,0.24463085737995302,1,51,sensor
0.2525308857810483,0.0757470795607844,0.9182001932857815,0.3244362981335571,0.4771173404980892,0.8432556011599479,0.5137236212588284,0.21060846034567435,0,13,camera
0.5471838335776421,0.4830335675606439,0.7116429568105966,0.6893066000334641,0.07025724987255523,0.8093456792085071,0.4874381811916568,0.5937412019059326,1,37,actuator
0.7168681781602886,0.0832036835779816,0.8950299435350467,0.6708052235878104,0.1292036463172475,0.7457587917665102,0.7444056744001796,0.46361521428238045,1,30,actuator
0.9763572918035333,0.9242126491960361,0.7768361968307274,0.5327266002554625,0.07238329052115627,0.8377530609302765,0.8022376698542298,0.42601117308085357,1,79,sensor
0.555063537132601,0.3782025439166096,0.6507878606584018,0.7064938791012731,0.3168003820533912,0.6009328048006067,0.5939500547376743,0.45792281861168227,0,37,camera
0.9326261101355672,0.7010606703718775,0.8918377268984975,0.558097642015488,0.06058505936798829,0.8375955385988081,0.31237771479244203,0.4585901588962884,1,58,tracker
0.47052097589530506,0.21266084676534164,0.8108241212837874,0.665310750178179,0.41240566778951504,0.8180885573428516,0.30570362041603544,0.5324675026614415,0,84,actuator
0.38239802939747286,0.7380520010175635,0.8132100821158992,0.7030222342310395,0.021620034255510834,0.6900189861342032,0.45011725505747807,0.44521622900259855,1,24,actuator
0.8024131897389424,0.3191911726101182,0.8410368604942398,0.8850312684754987,0.227776086989238,0.8868147313932747,0.6921258947831747,0.7892355484891557,1,88,tracker
0.9860819998271968,0.9751843823986446,0.9209801168939561,0.49147236349004725,0.18263037228940865,0.5523175508119978,0.440623469403503,0.2559147217729126,1,55,actuator
0.9082449830529696,0.316054248756577,0.8657378933135493,0.6378619116408143,0.22831425667752314,0.7251144808010577,0.7359864050608235,0.5048880899454452,1,6,actuator
0.787045697352303,0.9488524413067917,0.9663166234273056,0.5907418717783395,0.0027195298612815557,0.8305980600741555,1.0,0.44788264079030893,1,88,sensor
0.6939270608885597,0.8615823510515845,0.8187095341054909,0.43812410799408763,0.24989320404378246,0.9223490261556551,0.17674648749879443,0.4218075835331446,1,23,sensor
0.9644491623004733,0.8697453782890782,1.0,0.6859845423894048,0.07518767472232357,0.8634114046502441,0.17579412377365475,0.581521901227248,1,66,sensor
0.1834429936774307,0.5798784174820492,0.7369246701360153,0.8919997375584461,0.5594816245578111,0.6299413563305946,0.2656017582205553,0.6067281177804441,0,82,sensor
0.9303891539865723,0.5772800726794052,0.8252092864932686,0.34219078946775694,0.628511047789901,0.7673246340884742,1.0,0.22985521283813173,1,58,sensor
0.9184063457308577,0.907202605684297,1.0,0.7175720036385808,0.2582560084775361,0.2955674832527618,0.4820615576869153,0.23773056444303067,1,55,sensor
0.8757228377794161,0.5443649225804659,0.7823357017489074,0.9168868872470207,0.17350032291585699,0.7440753414997298,0.8214192841258655,0.7603506913832304,1,76,tracker
0.5009579139241119,0.2525830857155355,0.8503129199211321,0.42489961490902667,0.15178086022164378,0.8338866195609046,0.4738981281691239,0.36155367432678226,0,30,actuator
0.48770868940723955,0.9748051461491613,0.7760469169096931,0.37755640101584664,0.03803426473710438,0.9703654655382249,0.34916522387898224,0.40071803059098277,0,12,camera
0.5682011280590178,0.46513581404791804,0.690726627228887,0.6535623830769763,0.8918538384346538,0.6226451952866439,0.7018649655699313,0.43775051531425085,1,62,sensor
0.5510776947578447,0.3522107387208305,0.6713184880509193,0.4683055683074409,0.7507027940402962,0.5804359593426469,0.1893268838258977,0.28099329195316414,0,62,tracker
0.9224489660611163,0.4733139827929414,1.0,0.9141660320953834,0.208781878963105,0.8366997456640551,0.2257689586940725,0.7331565932547005,1,71,actuator
0.9241204825838245,0.7372057667327955,0.7803595071121349,0.37392881901781994,0.1337702129779601,0.1583224610260494,0.6503447377914379,0.06368277051507674,1,8,actuator
0.9549478504254799,0.36649589544446204,0.8064144661634994,0.42773209674400686,0.5833313385198544,0.7448643841284952,0.567374846074745,0.30867577157281473,1,23,camera
0.6339759207379996,0.9185781519217908,0.9089486574344315,0.4047806076163084,0.3823663652189964,0.7843297832259181,0.007784356432493445,0.2756619115173587,1,63,camera
0.6090597687147623,0.6663652172939271,0.9033794178213655,0.6561597151225448,0.5715523019176896,0.806250347262537,0.6600110126786031,0.4733841426868724,1,85,sensor
0.4235829215589572,0.8986025710631462,0.8402675443501142,0.37359056238949295,0.570895033081966,0.5629659033169198,0.9328123335733256,0.24731200390541705,0,4,sensor
0.8017771976913322,0.7651857718629668,0.7277977815839473,0.4497828216503681,0.17531335131738518,0.8970064319334201,0.07239417906938829,0.4418738751358857,1,75,sensor
0.9559630499381168,0.8357821558328034,0.7158418092327411,0.7599327908536544,0.19840999036096515,0.8072981821896619,0.4874980482183908,0.6782500000138654,1,72,sensor
0.9890335411500953,0.69797042055336,0.9169726288710082,0.13966822542112298,0.06784749423040488,0.8923946996072967,0.11471892065626162,0.13376229965093842,1,79,tracker
0.338471439882243,0.6962614455406436,0.7980920572052544,0.1557259594104073,0.612253433915385,0.6935615036259422,0.9137652997755965,0.10017780537088783,0,6,camera
0.9364429829857887,0.7302955823921488,0.7786304245120015,0.6001172127980734,0.2722417299390679,0.6634523255326645,0.1387146971770083,0.41368769987864534,1,33,sensor
0.6528319606927845,0.36394499925835355,0.7370465890139957,0.594496238019696,0.3282966679606727,0.7505512113816146,0.5032883045683268,0.5105579661604185,1,94,sensor
0.9700265891673158,0.872767095599291,0.7982056901794565,0.4148033769263097,0.09887437137512675,0.8967452677077343,0.22510077579288845,0.40948843727931133,1,9,camera
0.9468038639770132,0.8229995970994711,0.7368295934059751,0.5617131414786164,0.5164322661734296,0.7627266170228871,0.5590910673611326,0.4635777402643299,1,38,tracker
0.6927898283835204,0.19386732161923012,0.957046194217105,0.6063526079918826,0.20847003911594966,0.7621549430633793,0.8077961725554929,0.3516233777350219,1,81,sensor
0.4970103565607518,0.892213825218606,0.7503314174872402,0.858071041472025,0.5322631283280062,0.7025912057755986,0.2908904851275399,0.7421282019161519,1,63,actuator
0.9335809406197053,0.7554250279459849,0.7014872306237693,0.3810361910002531,0.14275541703671735,0.8016792496605761,0.47240338832129636,0.3185583227277388,1,4,actuator
0.9131548239794015,0.4596939561860832,0.5962329928761136,0.39204391217226964,0.1071537664791474,0.4850689457294514,1.0,0.17715724752089607,0,92,sensor
0.36946370973999537,0.6453894166795633,0.9527964682614882,0.3297435525340261,0.2520696864872962,0.5746677514928711,0.4233689518460388,0.19940703976413074,0,32,tracker
0.9724302758326346,0.7892617739127884,0.8494848376474339,0.37458601457057833,0.08602858472663706,0.5131515619381511,0.16141503998281792,0.1870919288341523,1,66,actuator
0.6034760514856153,0.7851625448034824,0.741698446646617,0.5608546219061943,0.21753433418082588,0.6873377090631956,0.7488476879221455,0.34980063825129315,1,96,sensor
0.8998388612577329,0.5940539491971157,0.9185041901756837,0.14360470113204304,0.10735297209179544,0.58938738980535,0.4398133463026835,0.09277275655481593,1,23,actuator
0.7997830559032405,0.6426285738605265,0.7528544665282237,0.7350701956293397,0.11402814054712249,0.6691155423841117,0.2344088147031868,0.48177628803819333,1,82,tracker
0.5692191797691681,0.6447398142131433,0.7640967228022836,0.8595519021412356,0.09074756066657384,0.7581847007583962,0.9392850688739627,0.6038478144402739,1,94,tracker
0.5855345096690499,0.896965330272238,0.8443184765106675,0.7077778537328581,0.06004163153560762,0.9053110285351235,0.24329300134013393,0.6076221593862272,1,59,actuator
0.9613625823687411,0.9258182933759129,0.9032374638891123,0.8762628304956125,0.21497281878115748,0.708855055572762,0.9777978762819386,0.6801230688857018,1,44,actuator
0.4517964095384774,0.853335411456022,0.862114141165582,0.1747260246441231,0.033492739504259884,0.8911921053229571,0.9653387141852057,0.15237311877368237,0,22,actuator
0.7772834748198613,0.5477534673733054,0.7819341898687956,0.554930649520504,0.3779379652572549,0.5260282791573342,0.692033280894414,0.3114929902954638,1,76,actuator
0.6836908550714026,0.2446572851165398,0.7033581447145674,0.3657863308297515,0.19505699464225762,0.630893379166299,1.0,0.208674563080216,0,80,sensor
0.3901377792375057,0.6868710056611969,0.8645440093295701,0.35937857409346485,0.2884801468524357,0.793666006521511,0.921793198806016,0.223804241559757,1,38,actuator
0.8601372742792195,0.3602031328169601,0.9761209863938325,0.5690778173436286,0.17648483950675314,0.642234362346926,0.7934487529251874,0.3396903826104415,1,48,actuator
0.8913390707802764,0.9680021942913675,0.8762989793851487,0.5483464886984858,0.10731118602438061,0.7020940835792812,1.0,0.35592042336762375,1,7,camera
0.9900084265372716,0.7404720939728248,0.8383679176075297,0.6971170616384879,0.007592818635497637,0.7315803984745979,0.16203795253793643,0.5226380868347289,1,79,camera
0.7995888316086219,0.2328203462737622,0.8319604838556698,0.675484686406411,0.019651696973717814,0.7162873243889687,0.5434662935807802,0.442310596268391,1,88,tracker
0.9718453869702623,0.3604528284966665,0.7377572148396495,0.569792094814525,0.02419799146245124,0.5935462416638686,1.0,0.3485674441313156,1,78,sensor
0.6995830100710413,0.8504015369614227,0.9345003983498477,0.4154648275679004,0.15020139183131848,0.2939426952668544,0.3328787580616457,0.1186941137650438,1,62,tracker
0.278882312628163,0.12104960072190324,0.7545588206131307,0.4040358096942567,0.0984562610960938,0.9327485870621413,0.3468445458013874,0.37765076029364536,0,83,sensor
0.8416001359149021,0.3015493567185176,0.9105705643651507,0.38203796201658935,0.0351591345028094,0.7734736800976081,0.5550886434477122,0.2742874123190074,1,69,actuator
0.7331979974050531,0.6274245673884963,0.9259860313113901,0.23387017429169682,0.22794364114759275,0.3701882397139938,0.8345803933989014,0.081259742984358,1,99,tracker
0.496122795518233,0.278536162280854,0.6179501846528241,0.4472212608103683,0.23923950228920082,0.8690288644825683,0.9346443580068443,0.3968237492962992,1,73,actuator
0.4404611852229715,0.33644267962137336,0.8093329629871939,0.4506259719947827,0.13579322219511764,0.7016435345802201,0.5440223068448886,0.3499712984341468,0,66,tracker
0.12226646498599113,0.2820849483507835,0.816535297954006,0.7917136774698578,0.058960532382617684,0.7244000135493666,1.0,0.6265824278633441,0,19,sensor
0.9978250725346796,0.7793225954532447,0.9288850850753454,0.627838607999346,0.2542962948523928,0.733599941338079,0.05602695830760048,0.44753227943692336,1,55,actuator
0.12125155538708932,0.08825888927488539,0.6671231859808733,0.21021160700861424,0.06845541998599683,0.693859499926305,0.5141094402578176,0.1406651346186973,0,64,tracker
0.4732246577579462,0.9856790979302621,0.8951668660482724,0.5265825374196659,0.4116690673450291,0.3817700607176822,0.8162930499059644,0.1664884242685621,1,70,tracker
0.8315808928997127,0.733159415418289,0.9270976610623815,0.3304672289060865,0.4046424773346775,0.8099825044431633,0.6585203444572982,0.2304973955248873,1,82,tracker
0.7586291057836575,0.8010548901250395,0.8520068645204646,0.1557366456157134,0.1113184429197133,0.8934980725336176,0.27951343512431964,0.15594099804461786,1,12,sensor
0.7591727792316715,0.8075146661606145,0.8376195309362413,0.3895578242346324,0.09920505816212505,0.6686707899044546,0.4671249076149586,0.28053889685856503,1,47,camera
0.8714624125264081,0.6021976177237817,0.8204600831047635,0.7687085217361694,0.09645717431675842,0.577039100783682,1.0,0.4404398287888917,1,51,actuator
0.5187379812136443,0.8544752323662891,0.8188042559286139,0.38514902173008747,0.44225378858029724,0.3653369280271236,0.6638340684292712,0.15355058973559046,1,76,camera
0.13793018908690738,0.01269681302240756,0.7658248209420695,0.5287072622252929,0.7067135611787444,0.7037981368054417,0.6560488072762062,0.301716535990567,0,80,camera
0.7372500644450052,0.3729265012624136,0.8766135940790946,0.2596349039742312,0.5923372600310393,0.6452883772618415,0.597096064027437,0.15847177783150282,0,99,sensor
0.5027432489484471,0.21521541815903258,0.7775870203405438,0.5939395042387065,0.03486439798724833,0.49360991652307834,0.8096561354379004,0.3305141060710172,1,54,actuator
0.8649026416553117,0.4270880330123307,0.9100072244572904,0.8046791512422123,0.2441126826059265,0.8408874732000984,0.49039584231574807,0.8042079262382191,1,82,actuator
0.8159641380347269,0.480732069165633,0.7950902373196923,0.34025841313104566,0.4554544678942376,0.7585452230521328,0.5351401532661212,0.2470671191466625,0,51,sensor
0.5985078140445051,0.21700440743553523,0.9745265842909311,0.6450849878743437,0.11118906157668129,0.8887857410878991,1.0,0.7346610684987704,1,45,actuator
0.995426075127403,0.4204823083228181,0.698762321164198,0.7168173943671832,0.04364473598911299,0.6264848095975465,0.426613664344251,0.48054440332492654,1,30,sensor
0.9213406153898518,0.7995388700022722,0.7775594556688894,0.423232364377436,0.4085066734612566,0.45072603220686047,0.49481830717586284,0.14663328203248815,1,90,actuator
0.7441114816097044,0.04850626201055521,0.7553768342521204,0.6062667085538199,0.0021616167861272235,0.8624862702726364,1.0,0.43885151743599066,1,94,sensor
0.623822289960485,0.7413505392003232,0.7880816967585138,0.30904924584643095,0.12467651761012107,0.73924591295976,0.19184396153828767,0.19682210525452193,0,21,tracker
0.7711999903321638,0.7309749613286338,0.9812497431235013,0.3890678430037342,0.87970688527137,0.7144991711104461,0.09734452181535845,0.32461305594252476,1,8,camera
0.8892005951362721,0.7897357296291635,0.8552107959003752,0.566978607299767,0.08221927313445823,0.8923234588063533,0.4943060670401948,0.5241102562773201,1,96,tracker
0.6030862243562166,0.900250120825459,0.9027746118178651,0.55585152987393,0.1894558840884777,0.6383778693983324,0.29910304186831493,0.3462142858623187,1,13,sensor
0.43754501319259875,0.06981185730556025,0.9373351691832728,0.6979047500042771,0.3338308975752627,0.5855342407401343,0.14647747221656587,0.39580686074404287,0,67,sensor
0.9011287481947953,0.326730682880279,0.8739730582183303,0.48885527471636325,0.40629566152311447,0.720041848484448,1.0,0.40473531400607404,1,56,camera
0.9867613435790001,0.6526094082008587,0.7277915121506708,0.8534743956630222,0.641179822894784,0.5736079441873216,0.7413462861335488,0.5185431455530625,1,47,sensor
0.44541108142293606,0.5508323878916723,0.743676679276729,0.8146679044507696,0.6398922968695198,0.11208779746983975,0.693944310399676,0.08979877927934474,0,80,camera
0.8218105354206112,0.9496586877386386,1.0,0.14216279040605873,0.10968931344536186,0.6059798974271939,0.402471646827167,0.09764160134437185,1,76,tracker
0.9547265610679914,0.4014317587420395,0.590986038902366,0.3011234562887479,0.002155567072440671,0.928546411769917,0.31896204841575554,0.28492486225397273,1,21,actuator
0.8299692338399087,0.31929693484942306,0.692698422679284,0.635201056331047,0.171422309145178,0.937344334889495,0.4066675574245669,0.552236287164315,0,84,tracker
0.11091059961822652,0.03147700373149658,0.6593153022345865,0.34891903756925446,0.09340932874693489,0.6900876168058859,0.3898385081901982,0.24682197780812434,0,66,tracker
0.9653032339500764,0.7139742124465247,0.8439886948407742,0.6782674319293668,0.1325307630091192,0.9594269599197008,0.18414116191520966,0.6624186626003052,1,71,actuator
0.21475863096675543,0.02980449050812232,0.7600892401543649,0.465088110055871,0.7370810379832288,0.6960901083357437,0.6036620230285258,0.4049871693301546,0,22,actuator
0.691063058431395,0.18883620309524604,0.9063229331514798,0.5878088540376547,0.03430293258446741,0.2589803366169499,0.25248138100329587,0.15000088350261798,1,34,actuator
0.9410177278211637,0.9770383129484047,0.9541982206192817,0.19126253810098656,0.07143343752819659,0.8287680534439207,0.29929151687279476,0.15266687434442613,1,94,actuator
0.6740733082351639,0.8104185293113715,0.8407814822406944,0.5328383528020209,0.018223187011239626,0.6677491775238852,0.3391846846662006,0.2988144644375264,1,78,actuator
0.882585572280847,0.6171466958399552,0.8976968980027104,0.8753547967737358,0.18659198471172284,0.8231678882817469,1.0,0.735380462195794,1,73,sensor
0.9802129496554659,0.6047257801761877,0.9465723162441291,0.43497870840899605,0.7246938748643619,0.6087755970441345,0.8084075431744729,0.2559985719153558,1,11,sensor
0.4825101659068461,0.6552182171176556,0.8786095632081727,0.5195012932901983,0.470071238970733,0.5258993448726719,0.361416290493951,0.30657663229572635,0,48,tracker
0.3091261824065143,0.6672138999470818,0.9711655763119758,0.5708251857262729,0.1224183426291026,0.7058412212314799,0.6698781364536971,0.41948378720895846,1,23,actuator
0.4984368405473598,0.85856689627081,0.772807627043719,0.6030641169706357,0.44244545427630894,0.8504475531066593,1.0,0.5194672268140978,0,48,camera
0.07211330421201718,0.6945613940199947,0.894835923635818,0.03958396312278715,0.7773536546905967,0.7052124849567429,0.29154808068379706,0.028130637047422524,0,85,actuator
0.36254358990663743,0.7000569012460801,0.8453999988691584,0.5144594624797355,0.14465108047863284,0.8638273284045827,0.2064325488907263,0.4028705791754841,1,18,sensor
0.42433845251423613,0.8591101205100481,0.8945355983898874,0.21545045730992912,0.09158412714978979,0.9101703709910618,0.29926814634942267,0.1541040309312017,0,20,tracker
0.8873209412739179,0.7895001682987238,0.8656459930560936,0.5931396836161608,0.15617939310476764,0.552048729006571,0.6597505721217805,0.36170338880266034,1,80,sensor
0.23877056733385257,0.10285289325951302,1.0,0.4902390059972837,0.18579215522724352,0.6020958355368973,0.26563282550254363,0.28597318444448955,0,51,tracker
0.5626570526137229,0.8266623896571629,1.0,0.6911213501333874,0.34041712050965983,0.6866624776025061,0.33973420422081385,0.4799687531033902,1,75,camera
0.7834885560224891,0.6794528548756564,0.8320888465582689,0.3801913156348551,0.07822178378382874,0.6822427720981826,0.6294406939421416,0.27317053696214394,1,22,tracker
0.7221749562795128,0.7679696302317844,0.926712745320301,0.5926033209078203,0.049103023710284924,0.9256149874948577,0.41200010873014387,0.5564886043496408,1,19,tracker
0.21008645318081973,0.7703385871677719,0.8743402212397879,0.5555752544495821,0.2728533665592076,0.45324239508416436,0.325598760274907,0.2534900233446208,0,29,camera
0.8464403232915314,0.8357364280545573,0.9442288780629161,0.5465539041906128,0.07388161821129882,0.8259858827171206,0.5321117930397059,0.476968076670717,1,72,camera
0.5480311230725432,0.9581006962756314,0.867631012146226,0.27320822915375403,0.11773468182526137,0.6712917933162587,0.2348168294489999,0.19507568285263477,1,78,actuator
0.6597281800129925,0.09367164790570574,0.910587884709356,0.39959904704762295,0.017739656685607966,0.7831930990766439,0.6926800241481262,0.31727447555931343,0,30,actuator
0.28932077387030625,0.13021558394593413,0.7221487449506366,0.6428124804269136,0.015437137780043977,0.5484711017230219,0.16544236493468276,0.32431438851585176,0,3,sensor
0.8733809538807417,0.8779903242946587,0.9322825741923086,0.8228874927000907,0.15273374823805483,0.6136745597369397,0.15547221141019704,0.5071999103422093,1,70,camera
0.7117302877846423,0.9765132706127422,0.8014698900360419,0.4094124065610526,0.7043803151130639,0.6701722295512726,1.0,0.2800276798563946,1,24,tracker
0.8462889298752885,0.48696038652929996,1.0,0.441408164603733,0.20739905263461456,0.7136015557083125,1.0,0.32198740528110764,1,37,sensor
0.8735182172822937,0.16484808585702682,1.0,0.09247320823946302,0.903179098624452,0.7281432108454438,1.0,0.07290084208433587,0,79,camera
0.6021164447995924,0.2438856344616966,0.9622462536700978,0.32699545985023215,0.012985647775937914,0.8770452532100693,0.9163473369351508,0.2754109615243679,1,77,sensor
0.29141222364856556,0.8457583552296553,0.8432404358045043,0.7631059759163272,0.2786210272992036,0.650385433711612,0.9112493575756749,0.4928047900936093,1,76,actuator
0.5026738914631165,0.7903473845420441,0.9765259044648945,0.578053390257892,0.18886699287341985,0.9144291198860339,0.41754319042024335,0.5892323610728025,1,6,sensor
0.45060423636647956,0.22295225275382902,0.8746270072961204,0.6357979032241514,0.30275886490342363,0.8703155057776663,0.895943506085353,0.601485003649546,1,55,tracker
0.7726017079347826,0.23926826840303875,0.857736205693025,0.7861211831779659,0.07974374538714105,0.9425755571397001,0.42637521214951063,0.7204190521164913,1,43,tracker
0.8566762293746167,0.577570984292706,0.6680496015166798,0.2728650406545173,0.5847364290867123,0.39348229089697584,0.5467214643816548,0.10798246242843118,0,37,camera
0.535991156607188,0.09799742149847934,0.9529398149209168,0.1594827092979886,0.12229891664842174,0.7695672083916011,0.817091102482925,0.11472310328749857,0,15,tracker
0.5378313105495752,0.8190301264312239,0.9116363573744077,0.32317534583812485,0.46687721064544413,0.484617908301716,0.5092049071824237,0.1450176572661111,0,68,sensor
0.9113566690865356,0.5668121960924968,0.9822385617036932,0.7562371185102226,0.10326874568485071,0.8223049113069008,0.3802717218626573,0.5599247512353881,1,26,sensor
0.23696275246134285,0.034494045312028085,0.9336967752144665,0.15541832331021488,0.20747927674609629,0.778083096486624,0.37019427629848206,0.1224623279130841,0,35,actuator
0.999552682067643,0.8807327164768572,0.9605757532087535,0.6237202745784064,0.7086333026506585,0.7529571251542659,0.12783641677069968,0.4799038316515601,1,49,camera
0.17742322628589108,0.4048376896323676,0.985037338214871,0.7347507619546544,1.0,0.5953295300235439,0.6396563468595623,0.382028957815104,0,24,tracker
0.4137297456280991,0.609226742872056,0.8192314818639717,0.6906449554335196,0.27713035710906025,0.46286928085167095,0.5153876873784864,0.2878039334052301,0,94,camera
0.6156710105236513,0.6688745947159297,0.7867149509234516,0.8767105551095834,0.023704836441204198,0.762878634366862,0.18753259290254942,0.734522352422409,1,61,sensor
0.4865760974778581,0.4694137567491787,0.7514581021932181,0.6383834973882268,0.2863836705971363,0.26725636954664583,0.27031214488417277,0.1624682006098747,0,44,sensor
0.5279037053033795,0.08774649156799494,0.6282674224330252,0.4919924389577092,0.24013838248554897,0.8561543145969472,0.6689887456176687,0.4360460456858286,0,83,sensor
0.9330746415940774,0.5092025409536627,0.7647390193277166,0.1048678789491141,0.0899445672731908,0.5283192457154534,0.9259838089228426,0.0532603186227155,1,3,actuator
0.7771001731495359,0.7362173579949538,0.8901666098452679,0.5012768813456531,0.16310590951195364,0.795103462052135,0.3128876384883588,0.39504875327585565,1,48,sensor
0.6725699265087739,0.7221905049221047,0.8792335337374912,0.22039475856941637,0.09823306180050669,0.7423072192940972,0.35529327077844614,0.1502389198405965,1,98,tracker
0.8737609980595662,0.49285563193945686,0.8798285733173109,0.3897164265013895,0.2476880857340566,0.8235552474384065,0.10096242744559929,0.3298261498502184,1,13,camera
0.9893610353979752,0.3380820186436027,0.9326186101601568,0.34162124186299797,0.04705282036485557,0.677107422706506,0.06637240475905365,0.23113656718973205,1,98,actuator
0.9303714637971777,0.6477076337979732,0.8051980543792983,0.25371542338689757,0.3798800658152635,0.5220524995541329,0.35333747011213823,0.13140551488740543,0,4,actuator
0.9676619353657239,0.2936843242150452,0.8025527254164544,0.37853994041193506,0.351383166438535,0.7193627209098723,0.523171560332013,0.25034184947870447,0,90,tracker
0.7569251106422995,0.9332276047658754,0.7350117081354471,0.26822092926437435,0.47016107276843544,0.6051743373466051,0.26986571343112187,0.1691009381521671,1,98,camera
0.7638739047104094,0.5585428363246907,0.5363930490452911,0.6071605823162253,0.0021347851679305286,0.868419471866469,0.075469994288755,0.5741452919589052,1,18,camera
0.7440952567707316,0.33280265408933335,0.772009099829333,0.3536201050878991,0.22311508656347173,0.5808577918967675,0.14249458497091125,0.2084591575672713,0,69,camera
0.9044304148976587,0.6519317655687016,0.794619404489654,0.23002459219474874,0.1813942769185079,0.6251146022172596,1.0,0.13570061011266413,1,72,sensor
0.8949140099840532,0.23669609985453657,0.6253957391036808,0.9743811904980949,0.15561058744750444,0.7978058934300282,0.5906660683188556,0.7666721902561812,1,49,actuator
0.7944979926667572,0.7222551379085804,0.734442123237844,0.6369213278391673,0.034807100917133196,0.8752949464152001,0.05838193582609386,0.5550539408357518,1,83,camera
0.9929104574293963,0.4787576900600796,0.8222887326980366,0.6009447607076909,0.7420760936886757,0.6025379953450709,0.11260291946960037,0.3842580541386365,1,67,tracker
0.640094610361564,0.8626957843150723,1.0,0.40429815875270964,0.2874471412087228,0.19403288629858353,0.15402900374668055,0.08488525190918188,1,72,sensor
0.8354850580753618,0.993822033606643,0.8715693895682726,0.5431269333091026,0.7799134615607046,0.4561778887333004,1.0,0.30356570383388387,1,91,tracker
0.8905284673224502,0.457570709731893,0.8069056824041612,0.26205438766653,0.5014392268676471,0.8253473739665319,1.0,0.17747811118257234,1,59,camera
0.7892150608550954,0.6641694276100022,0.7737989821725242,0.27416287998113115,0.5844198838359599,0.749887887172022,0.8306154861786265,0.25060111702675886,1,97,camera
0.6800857379596312,0.15574199825302806,0.8182417877164954,0.6697746155820425,0.33727677241735754,0.5661107690528099,0.8418900220033436,0.3800208663653,0,13,actuator
0.8476775756274405,0.8597413866688736,0.6881003514870413,0.5342782534045204,0.6647161936270166,0.6774906222341803,0.7473768937864155,0.3624004916619678,1,72,sensor
0.6652649945888759,0.57097860362363,0.7998620970965183,0.4999638639967765,0.4095097719717543,0.8713682554779337,0.40586178983805943,0.45577107490568963,0,20,tracker
0.8436648178596682,0.9289514271965047,0.738215244448192,0.4794650023449411,0.5788743278892264,0.8142894223518988,1.0,0.3157371533861649,1,25,sensor
0.8500086965859295,0.7163216827226552,0.8951040885803779,0.4354070117758204,0.010686344331715558,0.8261455287716998,0.9258985935927058,0.3064421363582624,1,94,sensor
0.7880027606496154,0.5348266915508617,1.0,0.3973825099544099,0.04254108057852087,0.950593706635907,0.44985407854044657,0.3677575962938081,1,33,camera
0.9895041758303965,0.1456132851715254,0.8300953118565979,0.6702569847332472,0.0690006760061125,0.46422117907578525,0.15288131824102383,0.3005869280115274,1,80,camera
0.749040392948779,0.08400569274108316,0.8158917835183384,0.8587167665275944,0.3361276004334185,0.6678575187527248,1.0,0.5096301992996646,0,61,tracker
0.49212409699035126,0.4846311705305658,1.0,0.716377998041638,0.2036328832840822,0.6917365229622514,0.7377881661468474,0.4467545732333329,1,80,camera
0.9513569411437349,0.7071392975167308,0.9301826144688392,0.6910280892997341,0.2132047485753375,0.6877004565825687,0.5114005113987903,0.5314288426421366,1,64,camera
0.9686834195203715,0.7669470616379308,0.7442579482726488,0.6992559168688554,0.7212366122934407,0.6846916245273894,0.13988178047696231,0.5192562548358554,1,82,camera
0.48361696924410685,0.6619627145528953,0.8982085744002714,0.49865758255897963,0.05489686477479779,0.7943837699310502,0.07270068318753914,0.4116478130629229,0,63,actuator
0.6241069259693748,0.6846300519323486,0.7655552841945715,0.41062310212891634,0.186452496967852,0.7882062633866922,0.7030514264638574,0.32412599380987517,1,19,camera
0.8944690886396092,0.731249648925679,0.9824317718356536,0.4569190586599252,0.8463908257985608,0.7395425853714093,0.411244817007824,0.397434294143655,1,16,actuator
0.7824708907323102,0.09273818522980946,0.8692836090525253,0.6155351730860764,0.5859814017333493,0.5613571237448485,0.21782320906482158,0.2954672691737727,0,86,actuator
0.9765080679666336,0.8530963393016685,0.8783317228158121,0.5581925462941967,0.05520371221342417,0.9339090667612631,0.19204035847514417,0.5794979402980357,1,8,camera
0.7344008822511798,0.18006624223921017,0.9707081954279915,0.5136818663299465,0.1031570858944491,0.49525752642664517,0.08764441074632712,0.283975966828084,1,2,tracker
0.22025095235543776,0.1335940168713901,1.0,0.24238512368777318,1.0,0.6558993172933515,0.542807543596882,0.13183311285964724,0,30,actuator
0.6477017182198798,0.423918905598483,0.895937345539043,0.3075904720771533,0.4386854278253242,0.4979936909643512,0.18711453332059932,0.15467133593171187,0,39,actuator
0.4722255619438927,0.9707475581132394,0.8745138323512082,0.5970361551784126,0.3481511251581299,0.7043241836785875,0.7539781065092231,0.3677026122729318,1,73,tracker
0.9959639705506633,0.9462506742835521,0.8257883293527853,0.1337780748529995,0.3825334804673039,0.6814488975536618,1.0,0.08010700258605195,1,4,tracker
0.7467556236172259,0.8744811976541262,0.9843016460499244,0.3050908668530598,0.4560901086109318,0.819185284907201,0.495095509388111,0.27606163217418156,1,45,tracker
0.9770371727017023,0.6297126278902108,0.8561428352217821,0.6280335834682852,0.324782714096593,0.713246207107817,0.6267533551030906,0.49010043203412823,1,79,camera
0.29338302404971384,0.37484913030983547,0.93679383668098,0.4637814051770226,0.7269507581581711,0.5086963407550512,0.4264772225241823,0.19278651646695674,0,38,actuator
0.9037928768152933,0.2200663845378566,0.8789736062684472,0.6568727801008448,0.45838947436058997,0.6334111264818606,0.4391060742922148,0.3836095138460435,1,78,sensor
0.6595926003899683,0.8951217154111917,0.9395795410804105,0.6036320436731871,0.7926538408642484,0.5812131446220885,0.19011289912070112,0.35242019115663026,1,68,tracker
0.5908196470303416,0.08267208397260928,0.9817544272594183,0.7340737410421626,0.3928755988593505,0.7982637927803105,1.0,0.6048178019752563,1,39,sensor
0.741630093987551,0.4975415049459691,0.8319832429412192,0.7410348400849793,0.16615524194301284,0.7229302849041676,0.07639506733426679,0.602309786706911,1,92,tracker
0.10032171135527905,0.33284232946294406,0.9319767030460144,0.47986862188790297,0.12022831243724692,0.7491255494595953,0.697640995134537,0.402142405085527,0,52,actuator
0.6261192520757412,0.3811931269915098,0.7459915770976915,0.4859848538787208,0.02640083269536534,0.5352087568830849,1.0,0.24620938591849328,1,17,sensor
0.11244069412457287,0.08349056387195453,1.0,0.7586367676569175,0.6385785910182863,0.6012560055338292,0.41407936251269073,0.4367827066806548,0,40,tracker
0.9209775060956816,0.7564958671162295,1.0,0.08722110848001383,0.10137194782575736,0.7321437675999065,0.594403864859817,0.061563072243942925,1,7,sensor
0.27981572810698313,0.6846267849498328,0.8773492267665602,0.6137378193108225,0.11105183257657121,0.9651195007430876,0.28850692659704896,0.5866588479136696,1,72,sensor
0.8739675825070767,0.38539433466797623,0.6949865720639136,0.8533260968660725,0.34132857337053923,0.7275048620397596,0.15296733756459996,0.6381720699012301,1,33,camera
0.8714454544095064,0.1934714128610511,0.9833422974636377,0.17068837065713272,0.06650910693763616,0.7456576142045159,0.4943494350493254,0.147840788053567,0,59,actuator
0.7743573488507999,0.40273605855251565,0.9664884898650921,0.5508049616870537,0.4155783193138949,0.8703294399530523,0.5264576574682736,0.5113450149074665,1,18,tracker
0.8194048610511675,0.6316839630461879,0.7158967880660699,0.7592338775740478,0.1620779154696143,0.7778220264931909,0.005876026107143982,0.507137267910232,1,53,camera
0.8671194282188306,0.00031844867681203224,0.9438792322667775,0.1870756083531501,0.4250143388092236,0.6853796822981735,0.8408898299339136,0.10831360562693929,0,37,actuator
0.9052569062633016,0.17582646639658045,0.8437441726472952,0.3937652470814868,0.09188599821561658,0.48688264304972023,0.5763173666467339,0.21676689063780397,1,33,tracker
0.761422940104307,0.7970098776931994,0.9780263232982457,0.6389094424661121,0.0849719105137446,0.4040097248778342,0.21617662572993349,0.21530889077716944,1,41,actuator
0.8801079943731773,0.6317442397896775,0.73722146474755,0.431646110449849,0.10920324476853807,0.7508062192786423,1.0,0.32511387956795934,1,28,camera
0.868658252556016,0.9378318652667388,0.8233741804273267,0.8090458177548734,0.158119889699937,0.8455900012160513,0.45132200523937144,0.7072305083678335,1,98,tracker
0.4310995242041101,0.21572431026884498,0.8166806375947343,0.5076080342165813,0.6637730985216403,0.7413817041334233,0.11903152714781196,0.4140718895037429,0,99,camera
0.9150725018458395,0.8062924657235699,0.8805407100453317,0.26404547973323617,0.1714536549038856,0.7156507993248902,0.6925642660748809,0.23402884987417313,1,13,camera
0.7355812541433757,0.28544758769014544,1.0,0.4405759230542966,0.0373780155375908,0.8324335190083254,0.5116690750946168,0.32816806794555,1,66,tracker
0.3537821482526211,0.6598950647436944,0.8952802624464992,0.654922630615265,0.13280297495011367,0.4376759338524828,1.0,0.28397026517441354,1,30,tracker
0.8490305726848215,0.7124591946286504,1.0,0.7378835775066606,0.24870372831049115,0.9071654028444068,0.1433039329697107,0.6576258343890611,1,48,actuator
0.9314341136993702,0.37572095637013336,0.7196510099429619,0.670981076147694,0.15055071978291973,0.5023357672824031,0.060197714594590467,0.34535448842109157,1,79,sensor
0.5867304597676931,0.46245364566173647,0.852317704464895,0.27418615665625096,0.1474724790965357,0.9102714110587157,0.16950854708639418,0.24099897170059623,1,67,tracker
0.996230754928673,0.4856776313701373,0.8339177743646247,0.41683935947391065,0.06356212117972522,0.4278426050623341,1.0,0.16847276148487517,0,16,sensor
0.7886873246008629,0.8451616494399846,0.6921784106075028,0.5407676358375926,0.656317389383322,0.4963448229910072,0.8836640592107612,0.2816995426199712,1,55,sensor
0.45623637204468753,0.25883492440058664,0.8861212400730416,0.47220884803721935,0.007954725053651704,0.707513555837606,0.846811102611651,0.3361051089255084,1,17,actuator
0.4380590928921284,0.7841229518857719,0.9655586548703263,0.5379507752320988,0.36907710856934217,0.7977804733426201,0.2129081654510738,0.41145817936141577,0,98,camera
0.7576621148532399,0.6089598024875666,0.7058223780955574,0.35147540449660714,0.11878437674797024,0.4463705410912887,0.41688821397464637,0.1868445589321161,1,17,sensor
0.5480485858513646,0.46327151433751557,0.9221224796098466,0.3072173595282815,0.6705445168317518,0.4651500877535595,0.3855240584949215,0.13890187532611198,0,86,sensor
0.46974002115225055,0.46695388049895203,0.8803565611340446,0.3548573401307601,0.064346422671221,0.8949471603108141,0.9282900828861932,0.37066682827730935,1,45,actuator
0.6841806260319419,0.9807643526778669,0.912079414701031,0.4909392724559693,0.23687818182085402,0.9238192350899207,1.0,0.3975003356350251,1,49,sensor
0.6929677974170518,0.35145578622300305,0.8853878431665,0.34076830722457174,0.7534329868585548,0.5148072649992921,0.11815445303424552,0.17167305354357357,0,17,actuator
0.4588951124190969,0.588165482382338,0.865870080599375,0.24102230061000224,0.5667442542042249,0.7076348620996356,0.7056108676171108,0.14460778565261384,0,71,sensor
0.16237892576875862,0.4714956314618815,0.9231071638636646,0.8332397054038209,1.0,0.4846451819034948,0.2819702443335398,0.4501484681430375,0,24,tracker
0.21013056787316206,0.7028462506149298,0.8084593729144933,0.13531382579464157,0.5101590898123434,0.7436558238079645,0.1765299620143948,0.0985927177910437,0,48,tracker
0.583535809530822,0.8069714654701288,0.6626637784107908,0.898795780869234,0.23329831956397445,0.8918989680472594,0.10339600416495308,0.7811081779651358,1,56,actuator
0.4473968755779131,0.9109493893177144,0.8290963677167532,0.7458930509567212,0.05096589686133377,0.7287715383345839,0.1405591260430813,0.6365349853937247,1,98,tracker
0.9775023463726189,0.4589090928585599,0.95373239751846,0.7059316923814324,0.6276624812844485,0.5831011924683713,0.467043756760249,0.3915986219696798,1,44,sensor
0.7669843391739941,0.8789386766181649,0.6968026230609083,0.7388304019187261,0.16834367255742233,0.7501941140164367,0.6668972113747524,0.5912401389030397,1,60,actuator
0.6052308766433935,0.10104752505184399,0.705484231834512,0.7127344175253995,0.11915511277477635,0.8653111139426751,0.07585384705618892,0.6215495805917501,0,47,sensor
0.962423642224468,0.38594672784365675,0.7181422730294963,0.6697467196484937,0.8968195159900537,0.37033450166147114,0.08312503359191815,0.2277676904422323,0,85,tracker
0.5497501159078853,0.7415101028362772,0.7990948398140695,0.596401540148479,0.9640492981794224,0.13298617643189192,0.5038490293395322,0.07074529441379467,0,98,sensor
0.8819239579784212,0.4456765140902173,0.9225779616518539,0.2623582158664746,0.5358434959499716,0.7127998485818325,1.0,0.18094754950657013,1,4,camera
0.7790637257140992,0.964169252794063,0.8961231217806416,0.26012731169282466,0.07006916215445415,0.7237456534522316,0.12183825072326943,0.18619918950710954,1,62,actuator
0.7383176575139107,0.8569541414262936,0.903062856621721,0.39866904139258424,0.1453258788475511,0.42304951539419083,0.393163765207849,0.17350773147047607,1,59,camera
0.8311942578583992,0.723191025986318,0.8916235108572687,0.3791800406907892,0.5649365976333302,0.7114678386661817,0.586167605589005,0.3173442913611799,0,73,tracker
0.744856346158679,0.4541473379578699,0.903220295880486,0.659944161591906,0.3675228093983215,0.5109451838892074,0.0617503298652662,0.37189936204643126,1,48,sensor
0.9903914216905354,0.2308940851096232,0.8857401535461933,0.8796571524135701,0.27830166106182486,0.7937119904032387,0.2503070168809553,0.6979075070070426,1,7,tracker
0.9513286655261788,0.027474872650061072,0.9619415133970656,0.48464745756912186,0.02805808050801708,0.8298053662654606,0.45814135602997685,0.3818330212176602,1,12,tracker
0.8479279219993507,0.5204171923611833,0.7179791847632256,0.63991054712679,0.2131427977162666,0.9009240868051269,0.3985978006643041,0.6047867761390199,1,4,camera
0.6683282408435828,0.6083923907425054,0.6084667701390247,0.49304105869076237,0.5460119173022979,0.5358310843424275,0.13795953952575823,0.2797291199553519,0,4,tracker
0.813786185803024,0.16206960969302825,1.0,0.3533949325728406,0.981652133468612,0.6370976426286644,0.6772070502132491,0.29599912099718884,0,49,actuator
0.7656812962424013,0.7606547126141419,0.6168620018187325,0.2841218935143128,0.19199624855719324,0.46660641463480895,1.0,0.13870010412120706,1,71,sensor
0.6308420741650332,0.5772035151850042,0.8783148592881075,0.48999068050501754,0.13360076280840255,0.5172499021221236,0.5713139488151927,0.22203136554727237,0,74,camera
0.8613166885560497,0.9693097534726753,0.8488384413630432,0.03971826907076418,0.4898293817658367,0.7691075194733276,1.0,0.027975532930348556,1,40,camera
0.4241837361711305,0.7057167502102858,0.880180896870899,0.4613142763385447,0.7008866836917786,0.7630158561158653,0.7826277334528583,0.3784316593642355,0,28,sensor
0.3850115001799578,0.939142636003511,0.7537030744043189,0.4335777155212163,0.18672819755540038,0.2391530902920555,0.5991135376940017,0.114680109466434,1,76,camera
0.6418839527288676,0.9088743598275092,0.8421023080696668,0.5156004471976527,0.7363063977391405,0.5887439339623917,1.0,0.2284446397287372,1,53,sensor
0.7987905783136675,0.9966554452572536,0.681498473101212,0.5422397976528734,0.857910372325768,0.37982764487810516,0.19505208531005802,0.1883207831405615,1,37,camera
0.8250077621075672,0.9317915629705448,0.8842764306618003,0.2201754153358916,0.681323027445495,0.6322946528005906,0.04652540627626502,0.1399856082774452,0,65,sensor
0.44832461753879665,0.6676804456247895,0.8673357142758792,0.7956076836400778,0.18807337891664921,0.46184387249772696,1.0,0.380965254517532,1,95,camera
0.07215105454268785,0.2068733748631993,0.8500942889620725,0.3726307973699771,0.0954648311924153,0.5910380713253449,1.0,0.21267809673319396,0,60,tracker
0.13367367185084988,0.6202641194274595,0.740040956098388,0.9336538464277928,0.7538408724210974,0.6917934923052829,0.26918120191081385,0.7175831396943181,0,36,tracker
0.6433315931092669,0.654558394769597,0.861794946902543,0.7918972118625774,0.18794863704140702,0.5827688006219575,0.5883437073482454,0.4665756526561754,1,58,sensor
0.9757879248687242,0.7813352698225412,0.9640703778408632,0.38202539440966393,1.0,0.5791157240129781,0.5320435546811955,0.20506757840780618,1,69,tracker
0.5577086455162736,0.39492865466559146,0.8335730728599409,0.4017784235782168,0.04801981795196038,0.9308201382396527,0.9268648853054495,0.38438135882077606,1,2,camera
0.8345574360966392,0.8497709907633914,0.7725046274278562,0.7834499252935361,1.0,0.6843561826153651,0.34470028476594095,0.5079566005779765,1,15,actuator
0.6485241982561619,0.4909835518532021,0.8186423916952951,0.730811597752487,1.0,0.6484418279873861,1.0,0.4901077853151091,1,58,camera
0.8805402773926206,0.8124177858915402,0.9248873405213794,0.5927870544192992,0.005749211103148291,0.5739313422339355,0.1503408665197402,0.33350927084436977,1,27,sensor
0.397904653562283,0.4355219858826456,1.0,0.2868940941877366,0.001860288839717843,0.9935983689117484,0.056802679770324854,0.31809536848826697,1,49,actuator
0.7253139017046647,0.5948841245510047,0.9223023102625756,0.35871479723773125,0.2654805757172832,0.8103729271043368,0.07725826412560498,0.27975487276155536,1,11,actuator
0.7507370789242952,0.5507081788649609,0.9377537117512779,0.7154080772821825,0.22020616747199462,0.9149527734235781,0.10158293044342367,0.6080943766515001,1,61,sensor
0.3683679851704198,0.9730779603349453,0.9225173704276417,0.35662853484198354,0.005594347151791345,0.9085244734116427,1.0,0.33493544371892964,1,15,actuator
0.5432903874961986,0.5916678347830109,0.6775305504490251,0.8805756216228594,0.08997115688727338,0.6589838661813765,0.19482353098624997,0.583417197347382,1,19,camera
0.41292632040273747,0.8164742284248747,0.9094191583984802,0.3660522726026103,0.23251047367162297,0.5734703741261545,0.19893828751458784,0.1945689936807336,0,50,camera
0.7947287327580457,0.6927018779621121,0.7773476099374637,0.4692964375884464,0.8114857536027202,0.7163086044167453,0.8327474635754054,0.3650719280757887,1,97,camera
0.6312567298571178,0.0846782462760866,0.8737405115445249,0.3179193741935614,0.23523682938798376,0.5905350014498795,0.33557483530428156,0.2040617163573283,0,50,tracker
0.549527835604954,0.22184543361022174,0.9200028349794468,0.028543194262413744,0.048975116337708784,0.3647401914816871,0.552202607562287,0.009560575816874363,0,64,tracker
0.9914388748382831,0.694228094599118,0.9427386288437076,0.47553585074599714,0.14346929357324087,0.7570155352425159,0.9009841926151725,0.3299432746355968,1,92,actuator
0.6098060834045403,0.7701816788009652,0.8479303792711689,0.43715757072969125,0.06545873409770983,0.6365530429854606,0.2745331179755408,0.31280023355129405,1,95,actuator
0.9316947335456887,0.05753451776658574,0.9381816710473527,0.5800492240884689,0.1613649335172745,0.39163789147748274,0.046010945285623626,0.17133722350684194,1,77,sensor
0.46557111703801707,0.8666772547714217,0.870796824313328,0.677979959876834,0.0025615210444575364,0.9283802589199126,1.0,0.7165667902278541,1,78,tracker
0.14775352663214905,0.31622492101091493,0.7869516886218195,0.4446740399266985,0.14233126372379445,0.267687231607491,0.5694828331971051,0.13184745353795724,0,35,camera
0.34724940234180923,0.6849840664482411,0.838309466648587,0.6968310212811744,0.16846611202441308,0.8187578512448953,0.3582131420911065,0.42589828667979623,1,71,actuator
0.9542377558001356,0.6240026240744608,0.7656615110007348,0.3485053898118901,0.37070247032784115,0.7063157678882346,1.0,0.25821299650509993,1,7,actuator
0.9906545107296122,0.7901424487793136,0.8699713226221629,0.2788952025172691,0.9257152961395037,0.5057429486033964,0.485929759542349,0.14772745341167048,1,60,camera
0.4694832726167551,0.9704182625162856,0.7465348436580976,0.8743211111893021,0.20239312690571892,0.4766676626289842,0.534434477506446,0.47539652036823726,1,36,camera
0.46409973886512557,0.9257924701088805,0.6889283794516301,0.31939004705083546,0.008936471125291213,0.9714408944635482,0.4122536541421251,0.3064714050326206,1,53,sensor
0.8330951970188599,0.9452434889026609,0.6835901288305783,0.6691650493730075,0.09960190872335503,0.49865513557188595,0.22962493166804926,0.33043727619374635,1,29,camera
0.746066854839621,0.721635988018726,0.876534364481259,0.7212819461874548,0.2614589487053736,0.5732594081037623,1.0,0.3820649379054183,1,9,sensor
0.2670120025866768,0.45187708290549605,0.83692877191447,0.6983529101222786,0.05888466195631059,0.558156447848336,0.7083740902421909,0.41260939097263216,0,97,actuator
0.6036943892855767,0.4491649615904358,0.838094653677988,0.6452030727589114,0.21215969756475883,0.8239941085347686,0.38138463595888866,0.5285933886298505,1,13,camera
0.5247069007699322,0.9260958807060187,0.8707323680075265,0.49728347513006205,0.047535348545866864,0.44811503799952684,1.0,0.22323619747604465,1,82,camera
0.601047191071421,0.324886435705273,0.8532801760703678,0.717383228283795,0.1840175966815487,0.9157595113040461,0.2333515226252228,0.625759514346551,1,89,sensor
0.7744905928286678,0.4526601932798563,1.0,0.6669243678861377,0.8711351808548138,0.42848739383458356,0.5507438750596816,0.2713764657747228,1,4,tracker
0.7957249299061216,0.9058682858163547,0.9065469009651252,0.630755789955691,0.26811743687688405,0.612242494436514,0.5778637269233431,0.3788261820031594,1,87,actuator
0.589214968098315,0.6048466493968943,0.9168248518752391,0.1926833494751037,1.0,0.48393402985587547,0.31028010938762624,0.08981593387408626,0,89,tracker
0.46645525685786676,0.7911171326553952,0.8351006381859956,0.2613126190339868,0.03402975592615285,0.9379309054515758,0.2472506037509566,0.23393017532542046,1,32,sensor
0.8366581767279087,0.38934983673801593,0.8520211604095645,0.5079972606228034,0.0020693968483707016,0.7797585501448544,0.6332762209045848,0.41537706982836153,1,99,camera
0.6969543511594768,0.45392277846423756,0.8526413869896887,0.11031209447113238,0.016376924291880233,0.9009539341067334,0.3809279845888417,0.10964112126139686,1,44,actuator
0.9404348214104801,0.8964192615980405,0.85999885630216,0.5904165678936033,0.32064242332984894,0.8551950886691375,0.46501634636951644,0.44846953201815004,1,75,camera
0.9122263767746371,0.9710166929582321,0.7710267728114327,0.576675881907091,0.4025406702622007,0.3643963373144882,0.8041464980957092,0.2300821952091793,1,76,camera
0.4897957732985212,0.9010365582542395,0.7987545058869105,0.5788039766439226,0.4154793411010805,0.6409136918366622,1.0,0.39812043807664266,1,7,sensor
0.6748594528136445,0.19222658690825045,0.6874402814888088,0.18749879322995394,0.15114329723284883,0.42740603122898396,1.0,0.06999644801585572,0,1,camera
0.27716605264478766,0.21193397998836008,0.748426101905937,0.8323265241154979,0.8032929761129199,0.6973743758279776,0.14010357285051717,0.5808913949434305,0,47,actuator
0.9637701597061502,0.5942092659314566,0.7415073270376318,0.45869706713086844,0.018726732872280327,0.9523822404555999,0.4961144946579704,0.44022341344997445,1,62,sensor
0.611420334518826,0.6295260466115402,0.875553322192769,0.4833435097097419,0.0528461349896153,0.6132656441444732,0.09876329532189261,0.23041071088123224,1,48,sensor
0.1691352985096875,0.08942069971342191,0.9289935538614467,0.25305239726185097,0.6344635113876386,0.6901535645717916,1.0,0.1575846013822005,0,13,camera
0.7132118160318136,0.8462589499623451,0.9212085707906064,0.4433038118246839,0.025497853778770667,0.3793546027649386,0.23076034259172015,0.14593921852610547,1,36,tracker
0.24984219345215197,0.04540056164893461,0.8072869960040632,0.4925171537273188,0.13075566890342666,0.8742243426818045,1.0,0.4486928967252679,0,90,sensor
0.2758993790667199,0.7198323360818806,0.7346525546606935,0.7237068144574694,0.12557738153759962,0.7977154974904407,0.14117779613973722,0.46978751550074266,0,27,camera
0.21251867663585264,0.29243530079728264,0.82929405429647,0.737077537825547,0.18281521703416898,0.8471588165998646,0.7573005135965475,0.7136396748462984,0,29,tracker
0.9280355156055717,0.4407369141937647,0.8083969865986003,0.18892464200082226,0.15069026735437255,0.6860996203526759,0.5930546555659574,0.13954193968519674,0,18,tracker
0.9652016124363243,0.9741731775486191,0.8696740698361601,0.8101415558721557,0.27700078425807995,0.8854225552762692,0.3693948379539871,0.7132433130547332,1,78,tracker
0.601156224182065,0.8894795586285132,0.7724525773567066,0.2765525063096192,0.586283360398577,0.49083701659560014,1.0,0.15231358354737215,0,66,sensor
0.17285729013242435,0.2897967399633035,0.8390207379439983,0.7039841010527524,0.7825836521319124,0.6118060817239186,0.5590762123300684,0.4396700605325899,0,72,actuator
0.9245281660852314,0.25328280818248666,0.8520128556632477,0.7773038255690937,0.40721208718922713,0.8484613808577663,0.7067072805932483,0.7538178309961702,1,61,actuator
0.9893482855774413,0.874797967213171,1.0,0.29007517189677207,0.13943286166347652,0.8543661494639807,0.307863048879509,0.21851558950014957,1,42,camera
0.2516187436797025,0.04013450496689177,0.8950690355619932,0.6842523014397163,0.08992812122160079,0.918189572664422,0.2842048798469732,0.6655371205339996,0,48,sensor
0.9735245858111857,0.9121928840181226,0.7474765343631782,0.6732125879432693,0.04326548818394525,0.922751134028214,0.5710495719094125,0.6453009391312264,1,74,tracker
0.9156177498153633,0.6202786924221905,0.6130154634122141,0.19113987643059635,0.36177357577429436,0.8829329933105052,0.5429525083222793,0.10956292779085364,0,69,actuator
0.6072087119259318,0.4529654922767841,0.8657498687560267,0.6385233499420805,0.28814504625694537,0.8798776871296036,0.5861760414253717,0.5309624351580033,0,20,sensor
0.4381203779966757,0.8395211889846889,0.9930393946303355,0.6054899225953625,0.06766717649595666,0.7383611474845337,0.06767201976823949,0.4446550606209374,1,71,camera
0.6038633038331014,0.6469733165576017,1.0,0.2391812049018982,0.17946075677943277,0.7064157380890996,0.3054978854846058,0.1426315212195595,1,71,actuator
0.17465566702457638,0.533102637430899,0.9267213998841137,0.5886622299800595,0.15864028290760163,0.876979099021151,0.33212874196398184,0.4932908710999608,0,88,actuator
0.9512832361378896,0.6118593397695634,0.8338491276314123,0.7004423133521029,0.0635624346867287,0.9670179929746382,0.40008708063207343,0.8564258131040847,1,70,tracker
0.8852258384400519,0.5602844671245307,0.9014917351713221,0.6152449379679386,0.9220208502532412,0.6145670603658688,0.32046954357500834,0.43146402414172214,1,47,tracker
0.8202892229539163,0.551482887756985,0.8764187740299647,0.7599073972401826,0.6752306997042435,0.7819623544921352,0.15455123086028114,0.6461088078299619,0,44,tracker
0.589274856585643,0.41703754155123424,0.7583192990671133,0.2669267904200232,0.08051045596184012,0.5408933233369245,0.5937443856053342,0.1452059907745682,1,91,actuator
0.648566231436927,0.6685008471670287,0.887357787503264,0.7110406402998835,0.012145204957909926,0.7177839830618908,0.5119801479391349,0.4933553334449456,1,21,sensor
0.6471782542839898,0.5797904393725704,0.8365733269091096,0.04669102677179888,0.13822808938439382,0.7866490025551727,0.3407776372602847,0.041202976936524645,0,25,camera
0.6780051875244675,0.8163610582897632,0.8244736835840532,0.7477484173250233,0.2719618956176172,0.40540874787575076,0.23476085459041007,0.295949934290406,1,84,camera
0.814284370888124,0.8926478321040626,0.957724155004596,0.6523757644299605,0.13469666712267653,0.49948302010989426,0.2924143829720882,0.3604254064715674,1,12,camera
0.9725668544350682,0.42978619267921264,0.78827579181465,0.20602063119670352,0.4698240478671443,0.6679494264889702,0.5089535266301062,0.14963075512705454,1,4,camera
0.24914037464787622,0.20034723252225453,0.8470988971134291,0.783777899160172,0.02145665227775237,0.5365115285294201,1.0,0.44449039763070286,0,17,tracker
0.7951051542790389,0.29294477512969536,0.9777675984897939,0.4287702879396642,0.06686003042875223,0.8314880893662044,1.0,0.35834010805263833,1,1,sensor
0.40892340955684087,0.4320503857218366,0.6860137381764939,0.9233209032447904,0.14393176074678996,0.6784560528206058,0.1189688888085415,0.5290303396455706,0,32,tracker
0.6974512822151693,0.144803944389742,0.9915026736696008,0.35776918542082903,0.9397188258891743,0.6813380353816764,0.7778479952904371,0.21590696252655833,0,84,actuator
0.6777683890899422,0.27096385439557125,0.7722350327032801,0.7284651722077394,0.1486399185845174,0.9508159713885279,0.10216660177660686,0.6676181781393786,1,1,actuator
0.9412397091671018,0.9749123551362321,0.8572419782550124,0.4833737825756344,0.026527392139435547,0.8735558411204183,0.15640595592769554,0.4524319415981119,1,19,actuator
0.7403895936489187,0.12634972785800763,0.6826947767916471,0.7024546377994005,0.1370679893358807,0.515366810283263,1.0,0.27798214880015604,1,93,tracker
0.08085894798281994,0.26193015681005183,0.8882340361437769,0.6661097323498776,0.3928543985645505,0.6781616667200273,0.5777275341925656,0.4755477068548553,0,9,actuator
0.777140185912654,0.9211059412819329,0.8224131354481117,0.28313041600834615,0.404232313747127,0.7962976697369147,0.9332225112489916,0.24288968699789168,1,80,tracker
0.20912714993072723,0.20397337852569208,0.6071477348033875,0.558192763676967,0.014268409506096365,0.8688223315415841,0.9407151215077574,0.5023674914359141,0,28,actuator
0.20798689843500157,0.09020492342885605,0.844947941960727,0.18219021598264146,0.48110135264172416,0.655011486349946,0.3716935699751867,0.09197885090807689,0,50,tracker
0.9113897052249156,0.8608640700406227,1.0,0.45906512976670316,0.3356848108193451,0.8985698636724484,1.0,0.42912468575663715,1,62,sensor
0.8087037665114128,0.8981281921015135,1.0,0.8491906711900257,0.5354099265999843,0.5821236260107909,0.26770970365067187,0.48141591026704994,1,58,camera
0.8705348156666742,0.4309986344363478,0.7696924535965872,0.3368159513534993,0.49728673697724163,0.4952029797489424,0.7343249757140683,0.14573143066522296,1,29,camera
0.9288458368223912,0.3883227543978186,0.8630600548257905,0.30985602995733824,0.5481377790155018,0.7271607926313217,0.6688134998027976,0.19601009406433373,1,71,sensor
0.8613926547230775,0.8047291250639413,0.7877470278133134,0.6913393990339569,0.2275585231209547,0.8974917994503301,0.18734709338834102,0.5742115796936611,1,39,actuator
0.5231927978237829,0.21376620150052367,0.7790541356031264,0.5704990343510038,0.8390137648801564,0.3456791691133507,0.5859103389713841,0.1883915922760961,0,82,actuator
0.5933298094192019,0.8180674625030354,0.9355030688509982,0.7205768947083715,0.1438402766124904,0.7843143185307322,0.4584471392903049,0.5742969085614581,1,80,actuator
0.6664222879581512,0.41497071866017105,0.7557168137627363,0.4121660940332761,0.08617609808888053,0.9628235323757204,0.3175559321014917,0.3742966538902177,1,40,camera
0.15138784548617204,0.3352813988197952,0.8635749590472062,0.6405287344088932,0.6758034130611424,0.3649120202386457,0.24284406917680923,0.19649039011255903,0,18,actuator
0.8174828472545689,0.8612171614046287,0.9448328057214539,0.43284311000428977,0.26947323597543493,0.854511681710385,0.7652400051633562,0.3983166837462952,1,69,sensor
0.10559618492553181,0.16703547688569095,0.7069477511785079,0.5271992945065744,0.11894651449521579,0.8404199546097895,0.5028365943990485,0.411854215236987,0,31,camera
0.5716353646469832,0.6480608730313795,0.7557451215579258,0.21825626457965946,0.43791565232876495,0.8428653939777607,0.5192957712595236,0.20873434456910958,1,62,tracker
0.2712188421860831,0.5578297671215157,0.9115109604708658,0.2292222178396446,0.06063175476692001,0.29144238772990483,0.6852080149387324,0.06709234792162717,0,39,camera
0.962240860629195,0.8557721101069021,0.8300821314116128,0.17591515626076779,0.19057563346791495,0.8412088732585913,0.39449771893936575,0.15128165441604344,1,79,actuator
0.6375763311631102,0.4561872780641205,0.9431584111784137,0.44954111600865687,0.04022979397795416,0.8346676305315889,0.02481352273810118,0.38419672717636155,1,2,camera
0.5082048517699325,0.8792262086661095,0.8125731629065146,0.7523070916534548,0.8296165195854541,0.6646039224783532,1.0,0.5830774059127349,1,37,camera
0.7505047268893964,0.8921833141833758,0.9446909878837493,0.4196047242865953,0.23543067768969603,0.9203340660795174,0.5725284237288616,0.419164902608744,1,79,camera
0.4634770038997252,0.7714036715954733,1.0,0.6362916916298433,1.0,0.6986522755168042,0.48145992081613836,0.48189596021344533,1,75,actuator
0.749431028523338,0.46997998399728336,0.8392590441713556,0.2831731308018319,0.36753204590312766,0.3122178548133862,0.3920837647845269,0.094481981558936,0,17,camera
0.24582988296941427,0.5599540438039896,0.8849008543820429,0.30003423242491245,0.15178932379468973,0.8949218238572567,0.7015343030084767,0.2749139905890165,0,57,sensor
0.5331523111498923,0.9879472146157473,0.7495762986521336,0.6819047980217479,0.03401464669825064,0.9627936011630375,0.6003220941913816,0.6255032945622305,1,29,camera
0.7287582158793715,0.7031256499284197,0.750902490042602,0.45092652194266725,0.5760576526112772,0.6071705451078709,0.9680484194652872,0.285779809109629,1,46,actuator
0.3095809462881124,0.783266352425668,0.8323410330638751,0.7466886858598298,0.1545745386901088,0.9522447217473142,0.7309812435653925,0.6612856701386459,1,69,tracker
0.7282992379695347,0.2724687487651696,0.9325686701695055,0.28990214996078745,0.11024641766684855,0.8623408263226958,0.8121128744704281,0.2193674425256804,1,91,tracker
0.14197116614914237,0.4060615223421613,0.970750143647179,0.4827271247571323,0.05938428777809494,0.2919030097776359,0.4979550592475551,0.13184951950429785,0,51,sensor
0.7472525957350733,0.22899196492150628,0.765918585726483,0.8643990301431012,0.4502168408286562,0.7290520630352176,1.0,0.6028263524287322,1,76,sensor
0.6598860586289454,0.4907825166376391,1.0,0.5324224905857158,0.5511526908990441,0.8307444551362283,1.0,0.4816674612204794,1,69,sensor
0.9291427025589256,0.28363471450110495,0.8808022920221408,0.5428146129160274,0.04673449294211489,0.4525391048027968,0.9214699880299634,0.21643119533870214,1,41,sensor
0.08980410487017142,0.3111376432911647,0.7702385751402148,0.32401811578793577,0.25616269397589464,0.7903091262092823,0.23748454653152368,0.2917540789881915,0,75,sensor
0.7084010305120447,0.6524391595710014,1.0,0.3367235383719116,0.15441059121755396,0.3003768779599905,0.3418807553663688,0.10969127539695513,1,98,camera
0.5649604624826166,0.412853602485641,0.7278967617598106,0.2896519110752113,0.323369552523872,0.8456974119888272,0.43068246239939684,0.24146218384490165,0,82,tracker
0.7818825042846161,0.7058136845581433,0.7317941895624271,0.6371811582496042,0.2585523966172572,0.8731371354831484,0.3142799183905686,0.5877999629249577,1,8,actuator
0.9800037077150853,0.7786407062985441,0.828904948751784,0.4254369147836159,0.04335672938109164,0.5211269848015829,0.3887960645026967,0.23068400422055946,1,67,camera
0.7813222823358089,0.4400629613779487,0.8258341525211822,0.731514645317477,0.2606163522707783,0.37339343656994933,1.0,0.2914301400687093,1,32,tracker
0.8450086536926119,0.31996363137363537,0.9119655764398441,0.2583587212151326,0.35085926727394623,0.34859898547829354,0.22108286909669275,0.0950410351449013,0,41,tracker
0.25748789888678547,0.07433807891931699,0.6763046651153515,0.4519654966459886,0.3560732279340427,0.720568480013289,0.1383008706941648,0.3607777195690617,0,84,tracker
0.9044657353240986,0.4826365332972303,0.7033549438555771,0.29335731673422194,0.04787809059461721,0.9258013674682194,0.43422205141963743,0.29586840679939475,1,12,actuator
0.9443921904090992,0.9120973017031345,0.8441060122290427,0.785079500402186,0.05383936765611615,0.7766992116292118,0.300080612312383,0.538819819001437,1,79,camera
0.4441284131934426,0.9073818730748697,0.898095422281063,0.41888094962159933,0.03762238991307434,0.7506071801142544,0.34569184625005384,0.32676004814139037,1,95,camera
0.6239811095755766,0.9477869027742262,0.9378709471293353,0.29885369632985403,0.23543464465466174,0.7712109450604527,0.35331043032592696,0.23496638120797517,1,71,camera
0.9179939684369635,0.9042390512362203,0.7790755407085947,0.8362540162271118,0.3550421457828993,0.6544487861892193,0.47047368733586115,0.619640322352281,1,79,actuator
0.3837584489647555,0.38325294196836796,0.8937568514059412,0.2358300757259928,1.0,0.6967124316077671,0.35502688735112287,0.17255583524933085,0,23,camera
0.7392535906980863,0.9946191137520835,0.8875391334757419,0.6005900059723602,0.03092477755261005,0.9086303048758342,0.4494449780066821,0.484782562934396,1,51,camera
0.9917441249481974,0.4978026764697908,0.9482597214026343,0.6961567464695804,0.1308688429509682,0.6603945436362071,1.0,0.48258495694417597,1,55,sensor
0.8386894678781962,0.7041367040182774,0.9091227756251147,0.49674132237926616,0.8726785103583522,0.5456354384475999,1.0,0.3070031749263778,1,67,actuator
0.7799289964751308,0.26895603143691577,0.8549002368140592,0.5730822904806003,1.0,0.45513034805655805,0.3627646505412698,0.28034596439398834,0,12,tracker
0.496972495580504,0.8309006587686976,0.941033690827857,0.6258379254138501,0.6087971902300975,0.7100428926993518,0.341142356943237,0.3852602839856795,1,5,tracker
0.9322491919917556,0.6168452767679161,0.9219046604698726,0.48893430969450336,0.10118015965685923,0.9433529864631888,0.474413471826152,0.4637015410167829,1,39,actuator
0.7120529450939667,0.3727806665176704,0.806596867575095,0.6457410990597208,0.04497659339413842,0.5616116825932542,0.19463794045320024,0.39652007354668556,1,23,actuator
0.8535506393957861,0.6416160057289386,0.7178378325654389,0.23104334283361447,0.022986781958541553,0.3225010465939994,1.0,0.07455457949706908,1,84,tracker
0.9798770112312459,0.9642304958898994,0.7463418490876186,0.6499390455662143,0.7541548409364204,0.6748587674723064,0.42403034595703354,0.448788671308913,1,66,actuator
0.6719946204962108,0.5534614576162026,0.943697358400078,0.3981556083726523,0.05880408069115487,0.7333178809402112,0.20651326107346477,0.32421518783376446,1,31,tracker
0.26942494623160756,0.16757859054230465,0.8773284742745003,0.39250997181014413,0.10843990249868696,0.6275458239776524,0.763795425028196,0.2333237570808606,0,57,tracker
0.5036958718541745,0.48459881103815633,0.9255437596663075,0.17039292432513115,0.06709578113554279,0.7782583086140205,0.2845339132379216,0.1348854166000007,1,40,sensor
0.8996188071800346,0.4661001784538848,0.8053202899602552,0.5590173849532257,0.28799502069821464,0.6482439664805663,0.4321074436218059,0.3821540895594658,0,10,camera
0.7765116988730719,0.7537798420642856,0.7840714501407882,0.4496045922318796,0.13402162482557914,0.8755215249167809,0.6136413726526777,0.4425470457751848,1,15,camera
0.9704251018279758,0.5965051946405345,0.8629915011766511,0.5040766937836351,0.15879353279319325,0.5428842611914801,1.0,0.2761317688515826,1,31,camera
0.675665536691433,0.12209415026507582,0.8564706509123615,0.3238311192565809,0.2798492913551492,0.8788921066703326,0.6365969405303585,0.23467669549476738,0,27,actuator
0.8071991044311301,0.9227430233871498,0.8272736359588706,0.5647173294961089,0.03420272653490599,0.9772697856206769,0.2136248944605621,0.5868544239607689,1,24,tracker
0.6399737439864834,0.9768995556345108,0.9231056780831723,0.3198975504222942,0.40792331984566504,0.7332812380499343,0.8978438858065219,0.2288929068933976,1,2,camera
0.9151326035847754,0.9039637607134785,0.8452396472861481,0.44440267142695133,0.0707530416466962,0.9383804287588395,0.2574522604635741,0.45238995069652377,1,36,camera
0.9471892786997891,0.5371139069567632,0.8462200059764826,0.7966481531777441,0.3349935869882133,0.8675809229816269,1.0,0.6508772879770651,1,24,camera
0.591515869104147,0.8797735270128505,0.8308839565302987,0.1875095157242523,0.01844036438382644,0.5835465815549149,0.05149371262299809,0.12129624682000183,1,18,sensor
0.7807541632469253,0.04583410806464565,0.9326947598185997,0.28172744753043016,0.7192980191907445,0.7503881372904082,0.6049579394440207,0.19894714572516592,0,2,actuator
0.6706418364394907,0.464075483444111,1.0,0.8707514959311322,0.5081792864920696,0.5779368801763843,0.41808990208472924,0.4192254995019991,1,88,sensor
0.43029757495715437,0.7858282673065703,0.7961472380216564,0.3260893462815059,0.3374477556533467,0.7203921999252604,1.0,0.18889209605826301,1,61,sensor
0.43464276344167235,0.2987275136750339,0.7367211049007847,0.01260837358373983,0.6684852821999331,0.49659845909160444,0.17126481958967124,0.005923703534702942,0,9,actuator
0.724731059340252,0.6552509368897383,1.0,0.07198961551957707,0.3305966194407794,0.8690547543627575,0.07157769284980292,0.06590590954094601,0,2,tracker
0.18446224711769688,0.008441295867212179,0.6609842855375055,0.4216625185460286,0.14824676138452775,0.5675365946005723,0.6239641339527616,0.24213019718134984,0,51,sensor
0.8829636070213619,0.4158339071235575,0.9384700758420265,0.7682480669602594,0.0903479355650275,0.7187459381593642,0.1678662554480393,0.5601057387888833,1,98,actuator
0.4619336674056366,0.36501456195706716,0.8324507415631159,0.7991618545109794,0.06276430580568992,0.9151048032215812,0.9545500010082133,0.6701632759873835,1,84,actuator
0.41560347642022943,0.1320332976762365,0.7883646800902202,0.7609372531393266,0.44149873089389846,0.23410096416587942,0.8619417770870664,0.16781659903755158,0,98,camera
0.33335296566897094,0.3008053048976767,0.8510041093062679,0.8347536310942331,0.07659153859992465,0.5643779359423269,0.0767577126662435,0.47257055769685685,1,10,sensor
0.09151392725113577,0.0987406562558004,0.7952772773406885,0.7187056480804342,0.23960459629507785,0.5578742225425132,0.5707104129320014,0.39380910521694096,0,12,camera
0.42878365986929257,0.6694808507937303,0.858964020052217,0.7821191497069917,0.8441026290746066,0.5194029080115438,1.0,0.45274118645157746,0,98,actuator
0.5766008537241437,0.7860067738750406,0.7800308432603904,0.32108851324647475,0.1040822292640154,0.5813072655489587,0.34160636692151636,0.15543214065883082,0,44,actuator
0.7929787705573551,0.5637856821898125,0.7436502487439389,0.3193546045600346,0.2423037900638791,0.8049834923876095,0.41305657311278093,0.2478380166330554,0,57,camera
0.9793471073300369,0.5561402375916116,0.668086603168477,0.11908517226548321,0.6727670423317157,0.6146847282112242,0.9725223726777328,0.06521664970360644,1,69,tracker
0.8566735449660964,0.4872657382641521,0.938955035904133,0.6391097822800509,0.1306002828112714,0.8309280124560184,0.8882485740618637,0.46952892897970816,1,14,camera
0.6618791493671858,0.8374455231069046,0.7823724392483349,0.23344428739823844,0.08268291200117125,0.9317639221699836,0.9366432691397075,0.23328288897536004,1,25,tracker
0.7359344985298113,0.6433179227454726,0.8823487773217971,0.5655055667577277,0.041086050740709326,0.7975507656197441,0.5229307579738799,0.4579780245855178,1,27,tracker
0.7832686016442277,0.8019397681562197,0.8837910300427564,0.06887663432410916,0.5858560853776235,0.6874369820513774,0.24599681482399546,0.0454716160573094,1,36,sensor
0.7456681384750313,0.8041414684215802,0.7413053041804263,0.5328132574887382,0.22111091839399527,0.8435698186356678,0.9380117710738779,0.3630425712493008,1,5,camera
0.9199161302978304,0.7319901636668108,0.8805587023429243,0.4577874721012418,0.09174150633784287,0.5485198578204465,0.29415199758843447,0.24661810518631883,1,34,camera
0.6756983709794417,0.8653381300368778,0.9173084584866624,0.3521692544725139,0.25790594490621976,0.765788226605809,1.0,0.2897853066013374,1,72,camera
0.4903649319296497,0.9717316293544404,0.8139895658748413,0.4352206116163967,0.12358741022213929,0.42522867417551785,1.0,0.18597188223763436,1,92,actuator
0.4458128928525637,0.4889931756743827,0.9049996661991495,0.6226454177974146,0.008630068517877041,0.5739768253520616,1.0,0.4023071471805961,1,74,actuator
0.8061180581919389,0.2296486267237054,0.9829806752851239,0.3327060410779044,0.002955747398999822,0.900808582646553,0.8403018481231964,0.2783430907281179,1,97,tracker
0.94035841855282,0.9399121247444128,0.9210327051391668,0.6682664077762152,0.045893556751955944,0.5562118908058213,0.5764811688894331,0.3408497981333274,1,96,actuator
0.5535968974616939,0.9478697949588243,0.8521996303185395,0.8199264625122927,0.013920937668515584,0.8916340478783745,0.694386774597271,0.6395342937799111,1,85,tracker
0.6013233704543699,0.8357581320457839,0.8203586473932646,0.14977844502452575,0.08389201649769817,0.6461354594351431,0.7628590389901045,0.10676322591100938,1,96,actuator
0.6320793534313789,0.38893945716347655,0.8802421092981839,0.43846130639523845,0.11213604166473627,0.7358525251895747,0.6138005613519025,0.3218633380766416,1,45,actuator
0.7739091100341275,0.2665347493155716,0.9458198761825423,0.43453651306516194,0.0031038655011642576,0.9339420997163764,0.09868545055582191,0.4797226373163266,1,67,sensor
0.39686655322981607,0.5078960609354064,0.869131848496114,0.40162031681890503,0.24850378649936208,0.8624283147612498,0.7000042654536164,0.3568019779414314,0,69,sensor
0.3601975529123735,0.7028629767279023,0.873572594890604,0.607486587846817,0.10781862387072591,0.9638799628518735,0.39428484107665746,0.6384429189500049,1,40,camera
0.9199260326767713,0.4601558494773012,0.6800897151243877,0.3629168150051072,0.21641400101259328,0.9062243259875081,1.0,0.323842926352972,1,54,tracker
0.9533571291481475,0.8051907318452859,0.8228094092036496,0.5844653844337093,0.08445230737176461,0.7866828188712409,0.35538438124993593,0.48738192749373965,1,12,actuator
0.5647300366898005,0.26765563120790425,0.9739029464693871,0.3051696309362575,0.10827990018418432,0.9538331223749129,0.5554466461756271,0.30133215171164035,1,98,sensor
0.46950948121188474,0.6638117273601869,0.9299974289349439,0.7682360130375812,0.06094388510045793,0.9412764453533152,0.3636257296253605,0.7574010047823395,1,17,actuator
0.5536720528293622,0.7202146161500875,0.9317444250303717,0.6843145107292447,0.1890075117806085,0.7308927752977449,0.2012542893710334,0.5232283449842922,1,95,camera
0.9664284005496027,0.39749464011681207,0.7723176077270533,0.24222359103418792,0.16047777077859343,0.6095803712717549,1.0,0.12192524860114036,1,51,camera
0.8092363816190153,0.29584880914428197,0.8664831998116501,0.3825838370530686,1.0,0.3096860323343158,0.6371969725951333,0.11968766048814805,0,61,camera
0.4919855883269713,0.3748547326830214,0.7781914286084961,0.6184019699770927,0.37148526619480504,0.2762348066132155,0.7476538374617866,0.1671772396785713,1,69,sensor
0.8799496791838186,0.4442128245088066,0.9290589144967649,0.6063550351292475,0.3661900430916537,0.5793817583770839,0.1763240081086029,0.34143719767010616,1,10,sensor
0.23999423098254807,0.41767752554834825,0.6628206967073862,0.08931867307113213,0.1903619952855492,0.5533185503207166,1.0,0.0558066617751306,0,34,tracker
0.8419236586331511,0.863127494892683,0.8462472440911946,0.7864981612338128,0.008090648787059642,0.6751622316683649,0.362912621864736,0.44149036854658597,1,35,tracker
0.5541098050795228,0.5532547675856124,1.0,0.57372055303005,0.4842425207839155,0.7582546674911478,0.09433368755541283,0.4846819239493549,1,27,sensor
0.21609043923536628,0.13104685727782042,0.9646457175872326,0.6791087758589489,0.02574265362629184,0.6501351753506164,0.7365772190850497,0.38812484154707566,0,10,tracker
0.1968483593212029,0.15875213340768257,0.6937191375964901,0.6919343078565243,0.6588565298972441,0.6864722546624289,0.29051779285093304,0.3841501242966205,0,3,actuator
0.21767714947282318,0.39211449413995136,0.8901862399682428,0.7541756287130178,0.07579594745933822,0.6987131492812538,0.5203454254183364,0.5326963674055446,0,51,sensor
0.6679907031743362,0.6285240251898211,0.8784952755384243,0.8571329431568037,1.0,0.4092327446200587,0.21441768729300295,0.41142818221317745,0,36,sensor
0.40015043899956687,0.10339112247405832,0.9567901687008853,0.5123030633734306,0.13473706931826218,0.4888514678815242,0.4211150409429762,0.2166425523508233,0,81,actuator
0.9540945109464395,0.30722829257273987,0.6802458557372242,0.5845995624153434,0.4272140865764322,0.8155938055446799,0.12091921159388891,0.561026976624425,1,64,tracker
0.5029965516577938,0.6948945714009537,0.9229115959726032,0.7225390705153204,0.18405155610664892,0.6507264990712487,0.8114707970923871,0.5011327522840909,1,75,sensor
0.9908562347952408,0.7094803840323896,0.8969815788385246,0.6489363318727188,0.2123170881037808,0.7540408025414623,0.13777881956102814,0.5453777346703949,1,1,sensor
0.6811970432310185,0.7735394584848835,0.9016387804471142,0.021063309302246657,0.019968425070770044,0.4897886595978901,0.5160502709439444,0.01049077198193577,1,79,actuator
0.6994366828546369,0.6081773915276194,0.8905598188816817,0.8645162142962072,0.49795217891539645,0.5552098698804248,0.31863921266500905,0.4530681997884784,1,10,tracker
0.9901063868227568,0.024485171163806586,0.7262244745996896,0.7469306881360055,0.018763558027293827,0.6511434838823288,0.1540897407236079,0.42387409929880016,1,60,actuator
0.7708233081028846,0.15218810978587777,0.8488529578252623,0.6817770967704503,0.036500665545025415,0.776589420640052,0.7447809392819246,0.5262181507553036,1,17,tracker
0.9091965357345972,0.2694075164348306,0.9008875253454254,0.32278637878643013,0.9690307976731043,0.7019061046922335,0.6154833320308984,0.1966884683326762,1,45,actuator
0.9712144856678541,0.925614032025792,0.7213687018764937,0.7357983103478657,0.27432081740818115,0.42506221309712405,0.5298704098512196,0.3475279333476704,1,7,camera
0.9422334514708182,0.8613707402802487,0.9163141318653775,0.21153484895187777,0.19007308778831805,0.8097722348078651,0.299120888840468,0.15791535202217685,1,99,sensor
0.605129061329284,0.03073165199802573,0.739555616819236,0.41556816994156903,0.11072857516838588,0.8134717191955328,1.0,0.3008074456190079,0,17,actuator
0.6602467891991689,0.9829960614329752,0.9548906013413995,0.49887025086555353,0.3867522573530576,0.6191706102009047,0.6569969788340941,0.2966797569905649,1,62,tracker
0.5921597013996152,0.7163367487832759,0.7479187393914808,0.4182610633764831,0.5424706535030719,0.6226289770501646,0.4962317797831922,0.24855365952464656,0,61,sensor
0.7223829014099615,0.9236336193718087,0.7906370674941235,0.33857021129934883,0.8333179987439552,0.5796892515729551,0.06771650543997298,0.1759787932634101,0,4,camera
0.884889013285904,0.6733581901028888,0.8902442823155797,0.1693893600436406,0.1526030266360878,0.1916623639230595,1.0,0.02990386126984484,1,66,actuator
0.19464221053775332,0.20118947646560656,0.7623551663004441,0.7796935820230086,0.01478608318905461,0.7450760420085267,0.8987130446979456,0.53445776687644,1,70,tracker
0.6217396791607348,0.7207407571594597,0.8861314525671826,0.660495243226717,0.2190441780118395,0.8223352976972851,1.0,0.6085720984509545,1,23,camera
0.9322266758064084,0.6840788784511967,0.7629848209213957,0.4609365514215389,0.5994210796975257,0.6461755154313812,0.43947914510887953,0.3308110071976447,1,61,tracker
0.8400207787633792,0.8031167388356084,1.0,0.7117750750997106,0.2291503453319928,0.7733826224011106,0.8500585656128178,0.4863648023191573,1,75,camera
0.48028228319062527,0.8085574609593216,0.7895632462261583,0.5054390444871665,0.26066517505607584,0.46073006301613784,0.9429826402791706,0.22106295608304996,0,91,tracker
0.7427539076100947,0.5182881465099696,0.7417522376104577,0.4443898304501273,0.2521426660078648,0.7601974944400053,0.45715892910543304,0.3210178593106145,1,43,camera
0.6302342893637716,0.11270359041323788,0.8501146272789349,0.8094193615572174,0.3296994783901611,0.38946036989304705,0.6475269122180096,0.2650663015436944,0,93,actuator
0.4434097768011063,0.33007487129009017,1.0,0.5088357689696849,0.20277412540331619,0.6586525936508272,0.2513551204590816,0.3350747691509241,1,73,tracker
0.9381569754741146,0.8917886887239486,0.865259427585089,0.7334121144423659,0.26680500223106846,0.7212654863992315,0.27776359723950256,0.46046901737296964,1,78,tracker
0.19530282722008294,0.022038064840018468,0.7650637625481427,0.5774725369027509,0.25439173196592263,0.8981254184504504,0.2155379892736947,0.4615029652812095,0,65,camera
0.540789796329216,0.4194169169914848,0.8611009505149231,0.4058023085077335,0.3976476452945602,0.7574439472183906,0.5135983422182808,0.26799760675681283,0,3,camera
0.6516368451907063,0.8776227130119074,0.7876854778569795,0.6559643646094557,0.05970470943653696,0.7519857250787352,0.6827069286900153,0.5183636962772438,1,18,sensor
0.6580628502487336,0.30281536313400736,0.8924171953415126,0.26285771819615966,0.4693519965961784,0.5123418580256544,1.0,0.13295543259031328,0,53,tracker
0.45891877103839396,0.8683027018614535,0.8781858020028012,0.5365831362247873,0.006074608970642159,0.5358291015091848,0.9991676749056191,0.27298092535587803,1,74,actuator
0.9591528685208736,0.9972423232911227,0.7933327548051883,0.4306367392893936,0.06941709957810355,0.36984151586887853,0.25782345695263836,0.15981092700298755,1,32,tracker
0.7498990724233711,0.9115725936912741,0.9700504496146702,0.5925247205102452,1.0,0.6791497277901981,0.3014510612384517,0.35964328063282597,1,98,camera
0.7043723512173837,0.630682946161122,0.8208715407660944,0.6442547118531197,0.1081125221542067,0.4050957941186356,1.0,0.23264474309754365,1,57,sensor
0.23118553839371364,0.6968532762299927,0.8507935773212416,0.6354912183457329,0.11775679476673448,0.7885871871766195,0.24266926995275145,0.45038203341865896,0,11,sensor
0.632073342841443,0.12299649498473651,0.8438780460765725,0.5079679716363921,0.4527726560161026,0.6944697696954912,0.7164350858769718,0.29741598509044836,0,4,sensor
0.9308114380377653,0.4179121635124003,0.7893745799642288,0.3191742594431292,0.20770553623563495,0.7332483278512164,0.48946149680174805,0.23197449840621834,1,72,actuator
0.2081515061674595,0.23782837112968172,0.9073208745826805,0.19949838213287627,0.3049346603755875,0.5907617213145107,0.5881565949210763,0.1416682155473818,0,25,sensor
0.715206376581475,0.9049380952637649,0.8002048413429231,0.5232036381586816,0.2748018065260409,0.8244754204586029,0.3466850189704733,0.35374131032915185,1,15,tracker
0.9804011525759362,0.5732346840193688,0.9781590836990565,0.5859720996969766,0.35453359560668685,0.8639019625168324,0.24537262937835455,0.5730793635647942,1,24,actuator
0.18984324917016016,0.06116231006910365,0.8093733851239053,0.36395301839670935,0.24308543048419037,0.6623696035459918,0.2995299837902746,0.27275052554128304,0,37,camera
0.7285651063615353,0.4791187038300886,0.7690652440951098,0.22580164051541218,0.7679842078262524,0.5807489740743318,0.2441718075277066,0.13258211452767732,0,8,actuator
0.7976336785269447,0.528675969278888,0.8536440316412717,0.03364615664827574,0.4719824690090747,0.8071918392955337,0.014243978616131279,0.024006867394250238,0,89,camera
0.7116955287313336,0.5250642239316462,0.7919369894515108,0.5982572572606281,0.8610913662774442,0.3531668893162621,1.0,0.20597868902419825,1,94,actuator
0.9122783877021007,0.7572563100466351,0.8082784027198368,0.55095887317757,0.04757093189938343,0.6159081086799292,0.37649425699198014,0.30682190052573993,1,46,actuator
0.5864387975966568,0.9426099892133324,0.8959931522526638,0.09485110689950561,0.7292572240153483,0.6877886951609786,0.17921130040607036,0.06840242826164991,1,1,actuator
0.648865882326949,0.7632343080351074,0.8173280610271986,0.7021654529052163,0.5815709073084909,0.371693401409694,0.7446541328626045,0.2410196187347983,1,14,sensor
0.882374060915078,0.6528053480729711,0.7961978503653243,0.5626308391854586,0.5002471696117835,0.16145983248752768,0.47407334704898957,0.09199370832680025,1,78,sensor
0.9006035961118338,0.25782651744714913,0.9432161726803834,0.41120916227526677,0.0575716805810258,0.4291148589592135,1.0,0.18501277532175026,1,50,actuator
0.8603736561654628,0.5196485682979931,0.7718922912159347,0.47083165083621,0.7782070293985188,0.6591370884445783,0.25152718105768923,0.3690989134221119,0,43,camera
0.8614607466562993,0.5125295315486282,0.7210532276339875,0.3827379670964261,0.20467054237754118,0.520389860136052,0.6845879459947788,0.17318651995101889,1,40,camera
0.7173423070171766,0.12880974941542156,0.7841568121202998,0.6690378629369769,0.4263787054966919,0.6859502581349174,1.0,0.45983073968244825,1,26,tracker
0.9160305136302127,0.40819329776331764,0.8221971554499933,0.2647330516847566,0.1465407368041867,0.8041495949656065,0.19661737686994699,0.22463092147799726,1,46,sensor
0.5515826898985738,0.44842621542870315,0.8893373905195018,0.643477472250007,0.504835038534289,0.7808403232275429,0.3386585701776529,0.47952332896223043,1,10,actuator
0.8943182610202236,0.2761217094425185,0.7887197837915885,0.1299148792474719,0.27714909256953335,0.5639239764208898,0.3074219320386066,0.07260756586753274,0,93,sensor
0.7336697182169724,0.1601507113268269,0.8036452987978819,0.6335804894722931,0.6439596086856052,0.6942710185326632,0.25518449187829895,0.5233477497726444,0,69,camera
0.6960877076324081,0.9602144124932578,0.7572949430396897,0.6586380411447706,0.19128543275769433,0.7087183467785835,0.5226931193828874,0.4506883819360488,1,65,sensor
0.871711253012254,0.13137796737327068,0.9216821967793418,0.509524335424649,0.07097600788779548,0.9144950653687354,0.11989540057910511,0.48645871914278876,1,35,actuator
0.7831430847965091,0.09942994208779844,1.0,0.6383012433994514,0.2545915043955148,0.6698622221387619,0.08211675540325758,0.47377363179421195,1,42,actuator
0.29505689138422664,0.23092861882723806,0.8529937182477901,0.2489696883235297,0.009968924677038785,0.773663230063992,1.0,0.1883318128115135,0,91,tracker
0.8666058579817365,0.2931752856895754,0.851882261560541,0.4081659737103956,0.15341655890535486,0.919474197423317,0.3314259703992957,0.3726969829480001,1,51,tracker
0.8258442994982794,0.08136488664826053,0.7560348705490689,0.7643059824878078,0.23042683664953395,0.5997378796023753,1.0,0.4129532762140444,1,87,tracker
0.806240390260341,0.38146707279462916,0.7593196018788406,0.5604898353611497,0.07874149608058192,0.6756737071148756,0.4724608169567336,0.40674276542095134,1,85,camera
0.8225342924640143,0.1584562636782532,0.8141357024546897,0.5796877305083318,0.009488569090331104,0.8620447282117507,0.9598871743677091,0.4775517001013837,1,88,sensor
0.6478750591141168,0.6413745470042582,0.8103696292934461,0.4668847788856231,0.02358407842098304,0.8087180138255631,1.0,0.3668703318597727,1,79,sensor
0.5638148192331399,0.7007202903974709,0.8211568799119705,0.7238876053683295,0.01503286320342157,0.8094473291663439,0.44013506156502785,0.5585218006235804,1,98,tracker
0.7121629782799381,0.458380054850798,0.7723523373398196,0.4260785956035544,0.951070696555249,0.5525719382617693,0.43216849636782684,0.2352408404623194,0,94,camera
0.9279445849038424,0.945747630658859,0.7573868595174157,0.8988570957582317,0.08042853793839852,0.855529121656901,0.8185780430610788,0.6862761453336313,1,97,sensor
0.2664384087304119,0.2641460537875266,0.9866831499616143,0.31504504723568605,0.08040099692837341,0.44633111779463397,0.8519011688958055,0.17033871669643486,0,40,actuator
0.45813788904659986,0.4948038116976078,0.9271042752719785,0.20220184837792804,0.14971854113982866,0.9318857763594903,0.25554883897495784,0.21151395959278022,0,49,actuator
0.6650871134497802,0.5775682082684408,0.9024066931227391,0.48606527588308984,0.18262839041158335,0.9040972864966559,0.3890242446258532,0.4314585978824222,1,31,camera
0.9628263228969013,0.8549151485126597,0.8571539534537289,0.9090343654194534,0.4272759391892289,0.8507538421548685,0.6494915613968097,0.7832785153101115,1,84,sensor
0.4304684287624861,0.7143401640134052,0.6432670379055921,0.3237991952335026,0.044646703121502575,0.9586393670418768,0.7380426926141742,0.37771528235474827,0,60,tracker
0.8012855132533204,0.9546802003674427,1.0,0.662972859564782,0.07311691828424124,0.9633082119080605,0.6157394441506399,0.5901994129422687,1,60,tracker
0.9168013752735437,0.38501898403167917,0.7715745653975647,0.15943344089021033,0.22481763421629397,0.781283829823123,1.0,0.12958221460997335,1,17,actuator
0.8203956447413734,0.4810653527827793,0.7830039034855045,0.4386250511061554,0.05176497287813027,0.8106088371061124,0.3254887669172956,0.34434647666650103,1,40,tracker
0.6605426443519445,0.7946108297127161,0.7858303467553098,0.05500673245911879,0.32988512825029426,0.8502923036292954,0.783304962426846,0.045050976788375836,0,53,sensor
0.44489912419698974,0.5621502202031046,0.8892590361967714,0.6746003430112888,0.6177962133946334,0.7589367906232001,0.09282165499801312,0.4288277086523221,0,21,sensor
0.8327163827821232,0.5307484976590257,0.9906033483427948,0.8874846514916198,0.1543559573508384,0.8262559502954976,0.5906139029374965,0.6187111004290535,1,72,actuator
0.6050759736540663,0.5911252888959079,0.8406119317059275,0.6897713498811626,0.433789188075323,0.7844753115232259,0.5185860297638448,0.5411156048419327,1,29,tracker
0.598233099873653,0.09094585141915067,0.7728510157816191,0.6226045047434033,0.05107110361018805,0.9320490976281007,0.19108377972913718,0.555220495439632,0,40,tracker
0.9692315011793214,0.9869686934198251,0.7656849716565325,0.26600588535940534,0.0053923350122937735,0.7603473181208974,0.5124890992403127,0.2319403588178234,1,91,camera
0.6769680899982389,0.8488712416966467,0.8130770485354618,0.23214682572325007,0.061994903099103806,0.9810783478836294,0.29091416669708664,0.20535674516494273,1,21,camera
0.8469267460055048,0.412102594813516,0.7330283643734385,0.3877508649055002,0.5902732164789221,0.688274697999603,0.581102927691737,0.25651419346697774,1,48,camera
0.2991018504726042,0.3300795503517047,0.8461959999694575,0.381716694640213,0.2554464704466769,0.8756625570899862,1.0,0.28617470880317125,0,85,sensor
0.8882964891255961,0.04741249381692871,0.785706705620342,0.3568524971135713,0.5035053048254019,0.7655116921874525,0.44789369012944785,0.25658971435224054,1,19,sensor
0.6732834116453948,0.7106251172043279,0.7537722278965944,0.6819117708869191,0.5047286906852391,0.8151231257162008,0.7345026249072742,0.6021621724204587,1,23,tracker
0.40988386490586254,0.6456477217224218,0.7726250516072518,0.3789331127414295,0.023280415359714195,0.8542916471309003,0.9318668899756665,0.2797653904107095,0,2,tracker
0.9803395781420008,0.3522713348949736,0.8061030467150885,0.4886028545384348,0.2769409668354052,0.8656921015096178,0.025386814920825913,0.4245462856428633,1,75,camera
0.2183681815386753,0.09831794921752168,0.9050241875812046,0.32566402260139876,0.019738285966480265,0.644827326248949,1.0,0.18469523749629438,0,74,camera
0.1908725137983629,0.12092310591040098,0.8702821516895044,0.8794445138479597,0.7127267612727035,0.4293762304360268,0.8271693307100852,0.3888796025993227,0,13,actuator
0.7712338446392963,0.1729817021337619,1.0,0.48878146427332025,0.3700106255519679,0.8237330963717763,0.3669701545877639,0.357162761409152,1,26,sensor
0.469404567436167,0.6017656542551327,0.8658077239847457,0.5404292098153528,0.10172269717738966,0.7349437083437574,0.2866676661428322,0.43976224536691955,0,30,camera
0.5183426103291106,0.3245531630012741,0.8824786548357321,0.2982631953967498,0.19438793970751408,0.6659173848135821,0.689081898630746,0.2033382709905499,0,98,sensor
0.687505247457608,0.5010156086529599,0.8132586479128163,0.2579192213927807,0.01787612127700488,0.8353330424977188,0.4337031584861915,0.2003180053937056,1,77,sensor
0.9707956298193345,0.9501875713696787,0.7737501467203193,0.6994304484154843,0.693266428021108,0.6156632520928705,0.17636603877553048,0.38638386522922885,1,79,camera
0.4088920209704636,0.9988638537722788,1.0,0.27386595103984374,0.3767137990278061,0.7086198661857207,0.4681849233172193,0.16977994389441925,1,36,camera
0.9863018376725332,0.7186818761578213,0.7969692613014002,0.5509687079362169,0.2564752451873876,0.4626169186618631,0.7585931387724668,0.2559096554314992,1,47,camera
0.8659625523902182,0.6924191391189071,0.6719112453144098,0.2655822557131668,0.08853547657338996,0.539983917985097,0.7901850294314513,0.1686550269297501,1,34,camera
0.4636891891537161,0.6863932167507673,0.8992191518273961,0.24617458973725723,0.6629144369553268,0.5004547663796722,0.44079308604074247,0.11033955299726707,0,40,camera
0.5286462122840292,0.6799538170354573,0.9397918329517777,0.6939207516967358,0.7417217158502922,0.587645481291016,0.48834483009232493,0.3630452514197516,0,47,sensor
0.9933509686839118,0.5043797884417386,0.8213604787865005,0.4182693534611084,0.44185645948107277,0.723210451399983,0.2567890934423977,0.3563369759810286,1,85,sensor
0.8165800192895053,0.8081322059405367,0.713860802398315,0.2807723657890973,0.34550825721396805,0.6756165187602842,0.38768995183611343,0.18695725606935673,0,89,actuator
0.6931573397152072,0.43534938733434786,0.8096444983949993,0.54694145555531,0.25789549396104167,0.783411863036501,1.0,0.44370467197971375,1,15,camera
0.7382188701257106,0.9262948448384968,0.8591613863634904,0.8235989472884978,0.4066390580654039,0.7689092024946602,0.44319386044191006,0.5589925206145775,1,85,tracker
0.6847909720797267,0.8361638476646556,1.0,0.6608168497811898,1.0,0.5313264794946905,1.0,0.3175985576986913,1,66,camera
0.8100029495907078,0.5046787814584617,0.7629630816227295,0.8610566742979767,0.3682636870211089,0.4912230071623197,0.12837684900440607,0.4065509226581497,1,4,sensor
0.2635546896246295,0.34852468584841095,0.8555664746941134,0.4862674364891529,0.33521112543496445,0.5380322035044612,0.2747367885729346,0.24946485758445394,0,77,tracker
0.8706526259506635,0.31914913863583716,1.0,0.8228253908680658,0.10216989889617371,0.7680884693973129,0.3030351847299188,0.5986950199976702,1,65,camera
0.47290871862667283,0.15373198847261021,0.8886967109292958,0.32610796415236665,0.1208374410992417,0.6535488873167172,0.17840375681185316,0.23187003311662222,0,11,tracker
0.7832894897031097,0.9833079331166618,0.8697858100575546,0.8513359159633691,0.1286785818664474,0.7684026165829512,0.36582091927389143,0.7142816782556051,1,20,camera
0.8628078363168662,0.8529610920732332,0.8081307137270006,0.38088321113546775,0.13219204135370718,0.6718477245480192,0.2269958507230101,0.2580576759085087,1,22,actuator
0.6292887849914212,0.17571719829328034,0.713721162113965,0.6050661043941596,0.3281586676494747,0.6585858213335316,0.3970575998935718,0.42988761735581926,0,6,actuator
0.6118953814677386,0.27675672703319093,0.7521490856512565,0.2316341317599059,0.2881895533366481,0.8407337042963355,0.8293491478381999,0.15724833744527833,0,28,tracker
0.6807187831248358,0.7813102168343455,0.906411887851742,0.14029226755426819,0.025290779393777118,0.926769780776459,0.14161496902762133,0.14283507837632184,1,68,tracker
0.854346191313261,0.771278123071061,0.8766133500005548,0.21965109963250276,0.03145439897637774,0.4109805582577057,0.5871109913811317,0.08773786105016546,1,40,sensor
0.7089885659224913,0.495898373919652,0.980661107498648,0.6496837099339863,0.10954721773258971,0.6306383900778048,0.3547081725637813,0.4809548490124206,1,1,camera
0.2285488050972579,0.874090643536856,0.9170007108800097,0.6748298981516554,0.01660314570131253,0.6821083062410587,1.0,0.4677187502919448,1,45,sensor
0.9913192545575082,0.46613359227783097,0.9554762570965339,0.7222449584684385,0.40524676800954723,0.23806006640840563,0.5065795277616051,0.16089468005606766,1,19,camera
0.9556198822592961,0.08796306957869389,0.7910808769681636,0.5471612778319943,0.07521443940890271,0.697986830874402,0.7900162397644502,0.47397233979071096,1,25,sensor
0.3795528451679839,0.29676043435828875,0.7284713864907205,0.4200537797139813,0.3522792026079774,0.45082456248616576,0.31171861387063415,0.1655822147135659,0,71,sensor
0.9390327369675766,0.23514454870724003,0.8565343995127314,0.40038239633904726,0.380664521238281,0.8336122648329117,0.9972937290534118,0.3253132482090198,1,2,camera
0.7301778311325378,0.5147948739270747,0.903284486369924,0.724227090566784,0.7122334520050023,0.7295157728164275,0.2549445149192913,0.5368012100661103,1,85,camera
0.6732471216273198,0.37459319694193843,0.8289777967934087,0.32833646800863064,0.891857374047605,0.5206232128235226,0.4367925539241756,0.2020266674477164,0,5,actuator
0.37236356042733393,0.9795263724548928,0.9392927671652664,0.18494864289289778,0.236237284438133,0.7850325788057703,0.4935010207474265,0.16486768576181782,1,58,tracker
0.7094738771985786,0.762235107195205,0.8156974675702929,0.22142737258662024,0.4575220742704825,0.7067228293134368,0.3062190512575782,0.1663920999805123,1,17,actuator
0.6385159970248794,0.41563223364039253,0.7820340675240394,0.36736480589721393,0.09497594075014552,0.560232019218411,0.6891749823780788,0.2427054250851946,1,42,tracker
0.7609274299022503,0.773754369142882,0.6898955015726501,0.8886029380203085,0.13476933323271414,0.42323937930665895,0.8431430959497305,0.35903775426205037,1,52,actuator
0.21769989211869437,0.5817769161883487,0.991846435719844,0.7372530549843718,0.25932052159246294,0.4873882568450419,0.716602174222481,0.3389536919494068,1,1,actuator
0.7371233038473374,0.8259672221153722,0.8439439877369697,0.31351191321894617,0.8610228113358955,0.3824951733766365,0.3165904292315097,0.10731614740272738,0,56,camera
0.8065773782830777,0.7886558818082404,0.6994022340711813,0.29128072698239826,0.18800477466368065,0.8567327732329132,0.21239999844190074,0.23381133561538064,1,27,sensor
0.6421171088619917,0.8366326116233067,0.9362955061535487,0.007284301016266779,0.46844519910566546,0.6727684345057791,0.5421634786552236,0.0051293670599976944,0,4,actuator
0.8323404657489767,0.7469661223672714,0.9439212780182202,0.4359881568801332,0.2532865872230785,0.7531997761103076,0.11306168865195117,0.3395671409567394,1,98,sensor
0.7673424831201059,0.21119714860970334,0.9924256842556136,0.44877785788549346,0.17194202445354176,0.9320092264858166,1.0,0.40596301390289286,1,5,sensor
0.11859304002963454,0.15628464485500795,0.670289717361831,0.796649597157185,0.13031137901699105,0.9272131790093123,0.8557701185330021,0.8134951761216883,0,22,actuator
0.93620627438399,0.8361683337859801,0.7568070448652148,0.7216705772207247,1.0,0.3075811864088787,0.3818026771037387,0.21471958767727647,1,76,sensor
0.839437705947597,0.3065776208835948,0.9176490405270787,0.15162627256112907,0.5479632718158493,0.37906187297180893,0.23128743797402912,0.05565427095212583,0,93,camera
0.7504198336520523,0.8648956085247531,0.8236360831637314,0.6541799419419314,0.1454558761821334,0.7174691897506441,0.38921285658083565,0.4585242837777336,1,42,actuator
0.6344763375483041,0.845019308653275,0.964729193001826,0.08657605996044446,0.3259318852098565,0.7398580645686779,1.0,0.06452469185541723,1,24,tracker
0.8328209553658269,0.6678933714638845,0.8457742184560597,0.8757950735296363,0.06068476188279589,0.9790216249505507,0.46884152393800754,0.8105976922255049,1,13,camera
0.9744853238814853,0.11179488153276664,0.810314971869725,0.2283287628058254,0.3379033041388685,0.8725027486254128,1.0,0.23734685563905697,0,58,sensor
0.7638020133104522,0.2600323832236884,0.951994877937165,0.6506853611466726,0.258762606931447,0.46135333811126755,0.2847743414614628,0.3059656891553167,0,57,tracker
0.42339929890989075,0.1858914479147953,0.8761235932767883,0.30452341650239617,0.6182661765592177,0.5153831837525065,0.8855774644685243,0.1495546748601601,0,28,camera
0.44802632733817127,0.55327162564305,0.7705492863483518,0.7632277366878034,0.04992385542668999,0.7585458658966151,0.10844324150553171,0.5627596381840401,1,46,tracker
0.8987842083596188,0.5668049549342575,0.7614959991695125,0.22575404015327125,0.1736028658246757,0.6946003655488587,0.3930347673506776,0.15708870016272367,1,63,sensor
0.8184044100391793,0.7860623707023833,0.8276429631485251,0.896875145432682,0.06656837044541589,0.585715202581764,0.36831898149003983,0.5032628820825289,1,48,actuator
0.3311965303707529,0.7295369482426691,0.9216540265856779,0.6904006329369039,0.05998783110363386,0.9559270735374222,1.0,0.5948661504022685,1,77,camera
0.9381737189335551,0.6604671816986851,0.9057372404743126,0.5131275282006457,0.23784006976956346,0.8609475890724074,0.5553008682887643,0.47616260232572727,1,13,camera
0.7476836535282322,0.9228457935117029,0.8479932253444785,0.7609647499172071,0.2052993753839377,0.8719090024857498,0.5341943955806885,0.6818436620624919,1,59,tracker
0.7650158717336752,0.7485753563002867,0.9937235970437555,0.7594492200654714,1.0,0.45289862944954024,0.5406816693587542,0.34727855671005614,1,54,actuator
0.3699532018239814,0.16883962587968265,0.8773824642504411,0.556016448298844,0.026986612224151385,0.9315358972578855,0.6784572632411542,0.5816205694489975,1,35,actuator
0.7501790496434658,0.889304834501679,0.8479963440710138,0.7878763434970348,0.13123920900630814,0.8192058622510543,0.6600161589577311,0.6176739562674625,1,37,actuator
0.46866439509549623,0.5829824369718716,0.8914929349007267,0.25198071790045334,0.33572440586375585,0.5786927861789338,0.6994125388228436,0.1509702857843144,0,49,sensor
0.7667108038900893,0.534694612790095,0.7942668288961359,0.19984227135003868,0.3113899549229358,0.4808831028741083,1.0,0.08400602466812161,0,60,sensor
0.982602444290012,0.8352149056167634,0.8205421018828326,0.3709927156446741,0.08265463327264377,0.832176694040586,0.9474993347330505,0.3334674124578287,1,68,tracker
0.22610953927628888,0.24310958536555916,1.0,0.7437178149915554,0.4320793874602007,0.828125392430671,0.14373058978228542,0.6060518239699163,0,43,sensor
0.7527862097670877,0.6729593180861206,0.836252122126055,0.205801908413356,0.5390531138178107,0.725598224335658,0.5115813184279042,0.1641694500707506,0,76,actuator
0.7519825859331913,0.8576985301237953,0.9761691345060577,0.04869517629776292,0.08978760733389371,0.3001400445666585,0.3717189125433969,0.013950332344461927,0,96,tracker
0.9060563917291465,0.4509011325888662,0.8580688231450265,0.17777214389451615,0.07917174879253215,0.6588725127423656,1.0,0.13059111576802657,1,8,sensor
0.4500819475434197,0.28763975911377176,1.0,0.7514316948249447,0.49638446088902655,0.47623259149484093,0.04505504083663534,0.3244637126203637,0,95,sensor
0.7692204901493483,0.43626018891893925,0.9071863919304823,0.6365983569919497,0.09100359555161004,0.8952426149253631,0.4055266930143112,0.4779690144089367,1,2,actuator
0.7058777343951772,0.92599685286496,0.6934206216202974,0.49716365512678373,0.38710477411442346,0.6901173406191194,0.7543611200115357,0.31898737324474447,1,27,sensor
0.9820097044091192,0.3574496267286458,0.8444688063279557,0.5947547936870485,0.050528271143072435,0.8899735932531344,1.0,0.4369268949872881,1,48,sensor
0.8073986443767398,0.8894125697008822,0.7231153778874737,0.41075721050311703,0.9902013560394873,0.5117876884245235,0.682054826097269,0.2308191141982947,1,11,sensor
0.6160681450200639,0.4008510779328046,0.9909699315514312,0.7916014571559346,0.32693601502130043,0.7411453293750155,0.06615480991511064,0.5432731658723539,1,36,tracker
0.6022493571770342,0.43410910026771726,0.8571996143590401,0.2958334754224981,0.1445298252791812,0.4617126881963624,0.7517684756277587,0.13961563508112237,1,86,camera
0.47594119594382606,0.9329345684234926,0.8674668598449012,0.9105956760179156,0.03966690036999694,0.5135451911026494,0.15110907695646822,0.48507856022595036,1,88,actuator
0.5213186087657211,0.8043224349939103,0.8875722953516905,0.3111276007078574,0.03704132407415879,0.7419611358990557,0.496056343349525,0.20413566638255315,1,42,tracker
0.9736619818396068,0.9576647961617818,0.7859325429095889,0.32794693440892037,0.014692747899136827,0.8165455932032288,0.05384533785879676,0.26293588414600255,1,94,tracker
0.4872177331179373,0.8600204271840947,0.8346146447879351,0.6180544868771917,0.7208475593672766,0.7426232073061823,0.516814861922841,0.44373043972929027,1,81,tracker
0.21945241899613263,0.07281985580818515,0.8456431882151519,0.13102298985535563,0.03557180226800379,0.5536587628088069,0.8763829886592649,0.07980029355301375,0,18,sensor
0.8901545460459117,0.28467529424252375,0.978913474796477,0.2707181550996355,0.1957172408801976,0.824270481484143,1.0,0.22960283384867913,1,43,camera
0.9606352138549462,0.6246300165660514,0.8055759169675141,0.8499995844362798,0.2753305007091322,0.8645136318211182,0.11190753868023973,0.6037217805284301,1,7,tracker
0.7501373998106362,0.4408983733790401,0.7960985070712672,0.07209018681750251,0.04536058821343824,0.6703942021391819,0.4500067374205128,0.04627565160213249,0,54,camera
0.0873187952740015,0.22465789326496177,0.6594793296030615,0.4704213018481086,0.27878073923894836,0.8928001447139174,1.0,0.40128471766872936,0,99,sensor
0.9190334736413812,0.7554162138852766,0.7931357259522258,0.047128962599318466,0.012675698418530135,0.7603181056380744,0.39181339636513046,0.032245482940937355,1,61,camera
0.605828656744369,0.1521404475156192,0.872589168229413,0.9108990080119818,0.8404972128453144,0.7335618560672257,0.519397673360183,0.6014243572424359,0,21,sensor
0.9359133530458813,0.5258370874192884,0.851344999856061,0.9016920292336998,0.0946708710970816,0.23860737062010282,0.7519334379648903,0.183061353841953,1,20,tracker
0.8841332730232134,0.47940792293278556,0.8444670414598215,0.7890963542385768,0.12394076789858896,0.45543278244095864,0.7376096544869372,0.34680261660340905,1,87,sensor
0.7617241269495773,0.6736330107175031,0.8688535809031904,0.7124042626295671,0.056084219042266105,0.8523825911545829,0.35670042127420803,0.580503373446999,1,20,actuator
0.723795175538552,0.8982043671054091,0.6255629462278185,0.8105371323580408,0.4637213488226474,0.6200814648282,0.4891174021202634,0.5009053331928812,1,93,camera
0.30540523658145496,0.924899217043009,0.9705587397303468,0.5090497247096821,0.14881180764036353,0.9011201242963754,0.9903033853063654,0.4261599845700591,1,20,tracker
0.39400806080240897,0.7575823321183844,0.8087703333896962,0.7486610528860272,0.28281953734764087,0.7097993259793853,0.920778756673082,0.4844629925697549,1,27,sensor
0.6998793554185695,0.7281274073983456,0.9208149337287507,0.49639740918533204,0.8881766521509151,0.5703041173671677,0.7953654042491555,0.2750142015624552,1,48,camera
0.6136852244266225,0.9253740206440918,0.7182982504361007,0.6433347866426208,0.02689524303545862,0.7874938431321873,0.11492697997059859,0.5402228940411508,1,53,camera
0.33730656990686175,0.7526164112316212,0.7568887574350105,0.6379406493451252,0.08640182556216192,0.8819320928909002,0.5468801148317964,0.6277596827083679,0,45,sensor
0.7633768750066755,0.18301739852385412,0.8647946033318363,0.10934854305531673,0.12611500076096419,0.8246234587369862,0.44896966253580306,0.0958665272046145,0,36,camera
0.9039125356950748,0.8969023642229381,0.9367383818385836,0.3817087024292098,0.19653793563822566,0.6525505251568994,0.6832222220021185,0.19856630367581643,1,45,tracker
0.47977671494110563,0.7036728735385854,0.8719882564391859,0.6944863367143601,0.009609807810530044,0.7223542057846346,0.5257921416643009,0.46417099102262727,1,88,camera
0.5468090511160002,0.9945737488775938,0.8593031032803731,0.46518369177279706,0.11758056781011399,0.8480939992632714,0.13088305261891642,0.36152048256824765,0,17,sensor
0.5704770283742371,0.9185465564436189,0.8922087040090741,0.46090094014938493,0.5235957528921703,0.6534660932588423,0.13881946356906877,0.3507914518085797,0,59,tracker
0.8087463283174383,0.8020312415146829,0.932976907271204,0.6514612459486374,0.14912534744181039,0.8699073938260096,0.4475427563005037,0.5247948217720112,1,19,sensor
0.38866266750013423,0.9154020420809859,0.9746977076210142,0.31408340039843796,0.10872742728464942,0.3038023924129455,1.0,0.10658042353563646,1,36,tracker
0.9395309242152057,0.5486778203805825,0.9881802547081211,0.5709913575836005,0.45489639123416287,0.8461858080564916,0.37547651238858176,0.5666054043321923,1,16,actuator
0.8042458324517132,0.8750014357396013,0.9451248435455623,0.5264116619811194,0.20989783597966777,0.9045798683760908,0.22220296305955875,0.4310674150139622,1,17,actuator
0.47687763523829513,0.20986459635877955,0.8553997004427253,0.6170048807611196,0.24819634223716083,0.8176760996621537,0.4967810034908753,0.5061909162570014,1,50,sensor
0.7813868789956431,0.5838874446460686,0.9051037468972742,0.48577082201658395,0.12393485836001825,0.9626090107478021,0.014005989171442468,0.5146420096065082,1,6,actuator
0.44142862403913125,0.7301225802426348,0.6796143260879648,0.9174571757458312,0.04369586782001312,0.47648324481809207,0.5218396169661842,0.4779868761536534,1,47,sensor
0.9390910675975289,0.5785087502521707,0.9765588639733107,0.7589130559528914,0.4105314152557463,0.45217702688803607,1.0,0.2864428811535155,1,92,sensor
0.7205414813334928,0.9734580570906729,0.7556525764053342,0.4779829115471819,0.5619381107432695,0.8018285948817859,0.3786549909212961,0.36272736552745105,1,79,actuator
0.4866776455040061,0.9442175706843167,0.7967517754851358,0.068085044632196,0.06718945478055749,0.32231419725696403,0.09980621437305214,0.025251209705985555,0,57,camera
0.38796681554892265,0.6863949710747459,0.8660970480498605,0.5403119445871376,0.46255908574237486,0.3909608934721821,0.2844963470843819,0.2109098442519491,1,21,tracker
0.9625679767793436,0.8658277967908278,0.9635735477310128,0.41286529986486137,0.17501782778572486,0.7008784650975451,0.5550224098822615,0.30687989848784486,1,6,camera
0.9049052422964007,0.651608213624953,0.8604554524321707,0.2524098411826105,1.0,0.5565673286807876,0.9223469488017761,0.12535160186532293,1,31,sensor
0.6085228661959214,0.3916400168761596,0.9514372561410464,0.5874414690456872,0.2670158361352863,0.8587841364834802,0.3492348194141331,0.5137365072632395,1,35,actuator
0.8055575765036226,0.9227239544726771,0.6902371688542477,0.9251241789844208,0.08700736333578894,0.7947015982864418,0.771710363601603,0.7045863111023632,1,23,camera
0.9059333292809608,0.3107997890202074,0.7638569324472596,0.43263185122458886,0.14063464881970622,0.5298673390163814,0.2838597118777147,0.222338406669886,1,91,actuator
0.4599230833232784,0.3248619937497264,0.9477484814227791,0.3990777186541166,0.10261603605957703,0.8020109693206178,0.6468060224503498,0.30681225731018275,1,61,camera
0.7236309230286618,0.7442650225812607,0.6975735652066601,0.34926149533359646,0.41348825469248807,0.7783337639768931,0.15642339303834593,0.2701697614895059,1,71,tracker
0.7043322146812843,0.7786866212165134,0.8856013896729642,0.5031093645633838,0.07883001610383333,0.22978636902313118,0.24639968392309397,0.10637078233057465,1,26,camera
0.4545337522957409,0.9471784314467042,0.7524930160618571,0.44358601572901574,0.0942406099916439,0.7573009001525228,0.7891890508269523,0.3184849156545552,1,3,tracker
0.5843729533699444,0.3971941223874644,0.8784135287661392,0.695426209192754,0.08057710064123917,0.8700498121510636,0.16789068387581027,0.5491684725406184,1,92,tracker
0.9495187315592843,0.3969109166366579,0.7793946750671897,0.6524881496301078,0.09626646425356107,0.8598649801006073,0.3728515787130758,0.5922894040256994,1,81,camera
0.5752167918923871,0.7442681965122395,0.808956003846098,0.21525186343185257,0.0954920611290215,0.5603975493493555,1.0,0.11522905319983262,0,35,actuator
0.885941626078123,0.10096445475904937,0.9415778239447118,0.45282444705296293,0.3496147111190027,0.8294287782633172,1.0,0.3372469134815052,1,11,tracker
0.8987521031474847,0.40155898708030174,0.7519380397887769,0.8181187732816907,0.45824037028978976,0.731038107678967,0.8857468944215969,0.5536465509501797,1,1,sensor
0.8886046995273348,0.6006410395229249,0.9295768212906379,0.6303628999964667,0.19917421230807758,0.6796412188775287,0.056100796835020915,0.44138492545556895,1,80,actuator
0.9931812141439745,0.8975055316093099,0.6393833223409686,0.16792509045794707,0.3638446942534507,0.8633052925051543,0.3906072914516654,0.1375590509915824,0,11,sensor
0.9155683955011196,0.9362706742839273,0.8147249093918212,0.5398707670121115,1.0,0.46433571630663295,0.24032572384514309,0.19601012530096326,1,31,camera
0.8397510983306109,0.8160683287119329,0.8831888315162859,0.353855718618682,0.07447114113494352,0.9511333640922855,0.46038744956491096,0.30711207418566583,1,93,camera
0.8498139806773717,0.08437575146031744,0.7800407149147183,0.7426376065137166,0.2816553083432784,0.8517013028696483,0.2452492334196205,0.685364478778877,0,65,camera
0.9551197735869135,0.3346615832847929,0.9858779096660122,0.38041169857965856,0.41556227997934386,0.6514597338181135,0.6651103145539002,0.23597860183785926,1,36,actuator
0.7616432607051787,0.927391341688753,1.0,0.8945060160024519,0.3225657077674212,0.9005235161686688,0.8077116076476171,0.8637819476680464,1,29,sensor
0.864878050050855,0.4182661128595898,0.8237293588644363,0.7722106044484697,0.1251278069353202,0.6792704521848492,0.0914343687007835,0.47943970303533984,1,61,actuator
0.2768150681679671,0.2896822099815978,1.0,0.8717073878182519,0.10241735140115009,0.5135658160163118,1.0,0.4700807334436273,1,89,actuator
0.5455470821260077,0.833070905816714,0.8788117584589207,0.6357641447340976,0.3372681775474394,0.6499716379465208,0.4373931060949033,0.30639664192677835,1,89,sensor
0.2754851662122469,0.29036843585569017,0.9341876388359013,0.11391291976973773,0.40485216377398403,0.35792503653040536,0.215417879686199,0.041894061510000295,0,82,tracker
0.5274811102960869,0.9866174562507692,0.8508912219475406,0.3607042316813431,0.8367838658964442,0.6333041920610215,0.7873548597083401,0.2621344898611237,0,2,sensor
0.7253764774353976,0.5196883231287943,0.7757448918437183,0.45606431114555834,0.233763904966116,0.7130190487970723,0.46906047876249923,0.3667629858696439,1,41,sensor
0.28587521315287806,0.13309402615250523,0.7674507452695858,0.37727191398668686,0.2553121374420491,0.6706578601942365,0.6729177744429433,0.24112210643876497,0,93,camera
0.7625472914766646,0.2922454600747222,1.0,0.5451258560632284,0.431564712696766,0.7381828794285789,0.07676090821957893,0.4203095916631059,1,11,camera
0.6461395461931193,0.9584849122598105,0.8653481713506391,0.6877618063344907,0.238784146157275,0.6482172058614757,0.8407628687119483,0.41465013401131257,1,38,sensor
0.8712541646885104,0.771716740917919,0.955448254269471,0.6683720455400262,0.10665516599417227,0.3092374320183073,1.0,0.2118340780214653,1,77,camera
0.6005394017201168,0.7695152506016718,0.7680972868392474,0.5483107372943852,0.7267503224799696,0.7770625002970575,0.5773496963123966,0.42425218792092223,1,60,actuator
0.8168712628040805,0.3262276117572167,0.8573175584456353,0.3630895763353476,0.6715906892616772,0.7898706331858966,0.7844572283921333,0.30867006606790837,0,62,camera
0.5239815237091792,0.3725750452190409,0.7634652024693024,0.600040945733111,0.43668754482451366,0.3631950535896956,0.9635725093618464,0.17862679665288647,0,29,sensor
0.3766974619513865,0.6467748711831819,1.0,0.1751139482803574,0.20312293379175994,0.9039913921588161,0.615180096476757,0.1721993247499247,1,39,actuator
0.7307299212099813,0.8810612335245838,0.8869592229844051,0.19563776829271134,0.22669168309488538,0.4238865335220302,1.0,0.0887911386285385,1,38,tracker
0.489151807152301,0.39576761344708106,0.9459984223637316,0.09156717419928577,0.10094384650770812,0.8702260936055832,0.5655151732628535,0.07562150325395803,0,49,sensor
0.6019757097417369,0.9345345001406984,0.9214027763157805,0.4011656371322271,0.5064123907624521,0.8359279513194621,1.0,0.3503365119282125,1,89,actuator
0.7595499674550136,0.6749380477650104,0.8035087221590413,0.09490833324383001,0.13679928565302166,0.5507706518513168,0.15722665823793805,0.05226261335118147,1,95,actuator
0.9835579234130345,0.7628143504185373,0.8812474901482847,0.34533201685957554,0.21087133487812762,0.8781261002061997,1.0,0.3333950767113017,1,92,tracker
0.7512883410941866,0.6501071999555417,0.8643932537180156,0.17678369656174292,0.22044164961183838,0.633003691431514,0.19807566851369673,0.1292129474270111,1,94,tracker
0.47677726453309677,0.9172712190388297,0.9147455723147236,0.6012919358520016,0.1347011373468,0.42317420740176187,0.4876369603979745,0.25067793231423496,1,13,actuator
0.2305526604328655,0.2979280529747138,0.7773122633189166,0.4033045804867826,0.2307650455824645,0.49691670077057437,1.0,0.20617194151384086,0,9,camera
0.6890216714815127,0.9877147718459228,0.8375342098144538,0.659636268968077,0.1431184108356948,0.4484187623199657,0.1381267563923145,0.31380887377405153,1,52,sensor
0.24344775076591332,0.38194729071589706,0.8697580858592864,0.19596629838472895,0.6979010850354253,0.3744461918264889,0.5699727103334088,0.07888753058437384,0,78,actuator
0.5144097328195446,0.6342076775826413,0.7736970877140414,0.34920504579520156,0.11420208213911298,0.8808648120809893,1.0,0.3523686447679509,0,38,actuator
0.9599926732874938,0.82663171461148,0.8991932455014635,0.8482437346494498,0.12815445111632753,0.4900757845512856,0.7019190823868955,0.39025165285056723,1,96,tracker
0.7222816034496858,0.606891307713331,0.8277358403293651,0.20778302986413655,0.37952291677009253,0.8832867752344291,0.3766789774394272,0.18882686978084506,1,34,camera
0.7782313105916808,0.4392550880235531,1.0,0.8337039558997589,0.5434946723406914,0.7826205414078883,0.754858279513675,0.6258590371250211,1,68,camera
0.7814103204480557,0.6703072562608231,0.9621793310791398,0.256866964367441,0.12280277003627675,0.5975944746383114,0.050275106979573235,0.1615861072857991,1,9,actuator
0.8026618637664257,0.29983837341655384,0.7850645452297076,0.4447361270535427,0.6070045304766929,0.6552566944770191,0.9564188289412252,0.3026845851188662,1,96,sensor
0.34063858317210155,0.9947459792212295,1.0,0.7222663717095483,0.219191105781772,0.7667989703039477,0.8569237589737753,0.5194892932576902,1,66,actuator
0.3215501420572331,0.338337895289072,0.9588702634444625,0.7861986958842931,1.0,0.6812683330594423,1.0,0.46099518752625884,1,57,sensor
0.7284938023762673,0.648159325700625,0.8780573972311052,0.4500045783919399,0.1043961222410122,0.728977801916926,0.08989446191159338,0.2530260928103705,1,42,tracker
0.6785298213919827,0.7263350217301543,0.7420040284175523,0.7829116803378092,0.1194981191549375,0.8819188773743132,1.0,0.703107203847818,1,26,tracker
0.9584751321416275,0.9601451733871221,0.717120914612251,0.6909306999888909,0.12411910352716204,0.9063497570758127,0.8224489396832867,0.5752086812012487,1,73,camera
0.946679745633376,0.9180003801635718,0.8641225540852919,0.3472720923056499,0.009898476089911594,0.8796649162695733,0.13710267805566376,0.29285523445701056,1,44,actuator
0.9952184648655151,0.9743089498061215,0.9182412149288948,0.5467109363479102,0.04390703961652191,0.7547134051725969,0.6514661101797384,0.4528591736642878,1,99,actuator
0.5000077409383,0.20368777107397243,0.8336802128643959,0.4336941362655116,0.15801752967466465,0.8756018763080952,0.4013977564956073,0.3946161500981554,0,48,tracker
0.661951997389837,0.7983713906615745,0.7383677610565443,0.2007357040067083,0.020145799891403644,0.64577227424641,0.3813468022113344,0.15877969281194415,0,3,actuator
0.4497049143118625,0.7673427732070961,0.7261997251566163,0.3658445385440897,0.17413216169630535,0.6594722414250392,0.572196935849282,0.1976357253243688,0,67,actuator
0.6439099437535954,0.2539644762151479,1.0,0.42190381575841707,0.1945606789308228,0.7152309433131222,0.5777324138463188,0.32009382117416124,1,97,actuator
0.394933692583189,0.706550582091012,1.0,0.7261815160932951,0.45372523944732873,0.7571904615387595,0.7268694648187977,0.5842327921870336,1,42,sensor
0.7334176954046108,0.16018996595693824,0.7601899017679206,0.769794021439399,0.016942230241447316,0.7378087590195611,0.15586356886780683,0.6088803669350853,1,81,tracker
0.9549836309087136,0.5094898942821999,0.8698376818968055,0.5263357374331565,0.18013158327946507,0.5634136490354741,0.563949722437473,0.3400952527373677,1,46,sensor
0.7916329719739396,0.9684101731175777,0.9263266187045546,0.3835014333497777,0.07200940063697624,0.41558258465036646,0.8458084423672388,0.16543127150959316,1,88,tracker
0.49330920938954315,0.9420940936023255,0.9508208079659687,0.6605978642507484,0.46452290128549806,0.7696734695351964,0.28916033871182095,0.4984799490584133,1,13,actuator
0.9149464353736732,0.05185897194991134,0.9180188020829676,0.15591098321538716,0.0565408613636903,0.36728082158687364,0.7568467189680846,0.05483953732075295,1,54,tracker
0.9959575472183825,0.7787894431742638,0.7899593953343693,0.7501331546714207,0.5952978228950225,0.24767520284518715,0.511636260750984,0.17656935805700036,1,34,sensor
0.7321678747456684,0.38106206637667567,0.6423509831755672,0.31521384646522715,0.4295601054849394,0.8365043468387745,0.21904224774438372,0.2681779923741904,0,2,actuator
0.5798908546646732,0.9118379237202453,1.0,0.27183251179804724,0.21225116922819978,0.922688533938067,0.12650852574886043,0.28623554934263845,1,49,sensor
0.9429735665487671,0.45100072594581553,0.9065592235410959,0.7884369904860573,0.8371286106618852,0.7438992321806407,0.2804924333465237,0.519562926221401,1,31,camera
0.5909521096557601,0.3325638726242061,0.7587656285623483,0.7965674242054184,0.09236666394016065,0.7505063075816363,1.0,0.571149981620846,1,26,camera
0.623253271325036,0.618372617121738,0.826274635521652,0.6321403489606094,0.2353734028012071,0.8161124070700363,0.8218186864943376,0.6814307567626772,1,75,tracker
0.5209850304546979,0.6481879408186818,0.7608936470880199,0.5905685362470625,0.08827697610545507,0.9285846859621765,0.17301240951877636,0.5812168742900256,1,66,tracker
0.4626326183701546,0.8056408029360367,0.9430939999251788,0.5877496525282604,0.1653805309039637,0.9171353681059171,0.1410054453199927,0.5335523115444867,0,79,tracker
0.42506658417897664,0.6612753237728904,0.8247007830436126,0.40375671906232735,0.4243269215203183,0.49423316129606093,0.1661106465197021,0.20118689830217465,0,87,camera
0.9198289181154841,0.9393492528723245,0.7241812542347213,0.2672729939843468,0.15895834327190314,0.7085126922220407,0.6219658151690904,0.20275837260421967,1,88,sensor
0.9468576962599636,0.5824083840265565,1.0,0.4015344019013773,0.04193910514556835,0.21987529504316045,0.24799450725995906,0.08518188136350542,1,9,tracker
0.9796700224824986,0.7037226921262721,0.7608447352568184,0.5883828514938441,0.0015812765118583087,0.7896963878681049,0.5693804090027765,0.48120104526011315,1,54,camera
0.9593664482309924,0.7014440432020496,0.8217686321686909,0.7076379309037182,0.9238348901972666,0.4912039426959862,0.33309667646407964,0.303625431469323,1,30,sensor
0.9632252692971606,0.10571854316517845,0.6091518009895852,0.04506927653528136,0.21201263003882556,0.3716241284942815,0.8646022626472296,0.016952133537612303,0,42,sensor
0.48486753374688835,0.9288035880170523,1.0,0.8982400159173556,0.19928518855682756,0.6545676954664509,0.25079694025293814,0.5894164658334019,1,48,camera
0.7898255644006122,0.09164491871338551,0.8037571044641607,0.23364325305686742,0.5293868186738914,0.8344609650427286,1.0,0.19334831370659833,1,5,camera
0.6029768584786904,0.7831025799531317,0.6837744405262143,0.4741133337467825,0.3408734859524012,0.8830854904960391,0.27852250618477087,0.43742901743199936,0,83,sensor
0.6354142229267478,0.7810659662743707,1.0,0.6986228083854561,0.044741863118099086,0.9770324364230198,1.0,0.707066558476217,1,66,tracker
0.6987921360592922,0.8510193113503776,0.9028310528018507,0.6553607017491366,0.5064612506455368,0.7985816356873879,0.4838779989155322,0.44506241241651745,1,76,actuator
0.8004797879107144,0.5876399978052997,0.959723055177145,0.6966547933260949,0.5147694680688837,0.32697004772233307,0.1671859150468847,0.25111160575808966,1,49,actuator
0.569652287258817,0.6809728066353541,0.8341572294122114,0.7988884502075413,0.244147671685251,0.6559998971750151,0.20512710757678565,0.520099964581845,1,66,tracker
0.4443135745667563,0.8743054083269804,0.8253248195144898,0.2627686061404799,0.2320101990901934,0.7555008210570868,0.3810616691653565,0.21379447784482042,0,93,sensor
0.8666459890278806,0.3666608053635843,0.895277957995891,0.6740180806413222,0.46746341868150587,0.7953779064266614,0.44664805513541467,0.5405657015469448,1,93,camera
0.7623320077484729,0.6063146327505696,0.7781181491119269,0.08968737400392737,0.1373635361807586,0.7931297199882291,0.6525021975585744,0.07442012412382264,1,98,actuator
0.3677088603241418,0.4939448310066476,0.7217310836744671,0.39695269777957476,0.4728919396037646,0.7133616905039507,1.0,0.28952914762137577,0,53,tracker
0.19098976032769124,0.3221094421917675,0.7023507754448884,0.5720441403646278,0.5919533701574924,0.5581190773462725,0.8785478999719354,0.413133714306255,0,40,actuator
0.5522655125758247,0.8666399382126323,0.791868725585314,0.8228957545433206,0.6818056103928091,0.6687079554991249,0.6472684058457691,0.4724004550533307,1,28,sensor
0.9695078483314442,0.524620950731044,0.7070439433151653,0.18791233443418714,0.41225161443199065,0.7675506129620682,0.247385228076766,0.17573852859201677,1,35,actuator
0.911440451753162,0.4008466196957853,0.8432858061285111,0.5027543720156358,0.03634394311389802,0.9187562956514203,0.07090607509428315,0.4649840526111898,1,43,tracker
0.34154557046024536,0.46784111037576676,0.7399256486782226,0.6283013839096816,0.08273373134559818,0.9372250610567134,0.19867694997314514,0.538912132433172,1,60,actuator
0.9141940466781762,0.33974749771412116,1.0,0.4034438620682901,0.27099416726005326,0.6844717048572546,0.2736304242332794,0.28057403952952686,1,31,sensor
0.3998912706792162,0.6712566967062868,1.0,0.5404800539145889,0.02016693579499851,0.42269395618006933,0.5971289313670012,0.20491892929744243,1,43,sensor
0.18700243906605776,0.19879795414072518,0.8760305600164701,0.8572820342654459,1.0,0.5957820326097917,0.7934940145975994,0.6487837965579798,0,38,tracker
0.572687993854145,0.3951749489321444,0.8073191905906768,0.16919351858924622,0.25296585866768967,0.9102783133640237,0.16208728049937035,0.16277560847031847,0,81,sensor
0.5905691215721972,0.8010972669733545,0.7753770519327625,0.5009043529761883,0.14784154839180363,0.8056688386266515,0.7327273545026826,0.4074763383374164,1,78,camera
0.9574346520652698,0.8034578029495056,0.7412402324813153,0.5771863636778288,0.7481767552985799,0.6872180495715337,0.5763618115664731,0.3973011727173074,1,87,sensor
0.674564077948437,0.21048298971564217,0.8196065365196504,0.3813000247562638,0.03984318765705419,0.9215084973684404,0.7543332121288066,0.40260449196815384,1,69,tracker
0.8653672723916034,0.9342029067986505,0.9471638968660423,0.8010912926951863,0.015282442907810789,0.9806855566822158,0.41255112078625167,0.6576274318331348,1,63,tracker
0.9857750455966526,0.6667785999201041,0.8409427882202984,0.7735150488232762,0.06030297167430286,0.6030866341698813,0.6587151687155737,0.44874375538411476,1,95,tracker
0.43363932105093933,0.1453481498845473,1.0,0.3819378226413732,0.23207466689690115,0.48715120186970895,1.0,0.17526364378038206,0,65,sensor
0.9664911758225608,0.449770077610607,0.9416820378868213,0.6348354011254691,0.27051265443839206,0.5272924090916462,0.837444469573891,0.35242190595421796,1,87,camera
0.6043503793707311,0.6634950907374133,0.7397593925183217,0.3565146180210693,0.022402288843900157,0.9227236245822048,0.934857927994714,0.31475041444677704,1,81,tracker
0.4835510524731355,0.4666986056249755,0.739412834702992,0.5141331791133056,0.9592989347314296,0.6656104623789408,0.5654003545387625,0.3394749239977225,0,73,actuator
0.7985663340524403,0.618484297496346,0.8736457484309444,0.4864197894556872,0.26698331852196355,0.5127537724572699,0.7234906752444338,0.22261160623415469,0,40,actuator
0.865114703840239,0.965594947632021,0.7916587928262959,0.2247057010827354,0.09295754645975526,0.2884107122008056,0.8098614756620305,0.0686098340330772,1,26,camera
0.6251306417715629,0.561608332667069,0.9427823659612177,0.7899917078452031,0.5161536042818053,0.8272998976958144,0.9486159906984978,0.6742086390670265,1,84,sensor
0.6886710062135266,0.8498296499984412,0.7678903491179034,0.7160723390105994,0.26079462284449917,0.7845032658635894,0.225666491384116,0.5879904358129427,1,22,camera
0.37981415879067143,0.3529333656351673,1.0,0.5828373971280213,0.009131478339889514,0.7012121780081043,1.0,0.40542372084676115,1,83,sensor
0.9431591019128672,0.6577344347813043,0.7593438235870926,0.6909289999172986,0.6709760090077038,0.7067011609898791,0.3498055828528962,0.4717410633490115,1,26,camera
0.8813109866209281,0.48920091677498967,0.8388355498605304,0.4455920827225706,0.0640436715344581,0.6730585015608981,0.7731221344460893,0.2443788701652203,1,76,camera
0.3923609341909243,0.08843867877100133,0.8786045024343238,0.5120054852870749,0.11332424316375644,0.7339229101724659,0.5237841353793569,0.36769230052610696,0,11,camera
0.7691680251484496,0.8402340415158442,0.7906509248555931,0.16800372055651983,0.009310606467085081,0.7351529729484054,0.3967157035386101,0.11809833627982874,0,13,sensor
0.10173219688249793,0.8233238307699179,0.9107084052031547,0.2559320624716578,0.018836177180046453,0.8846272676882387,0.8668937698888141,0.26831609734317896,0,26,actuator
0.7054110404532179,0.8014269386394655,0.837432299602505,0.2651033052229205,0.16919050506670796,0.9059779676411387,1.0,0.26439535878430054,1,6,tracker
0.9133141344388588,0.7039142519411438,1.0,0.31230285592431994,0.7930130105743809,0.5303579661142501,0.13458864250682742,0.15350485305413367,1,29,sensor
0.8327045411346727,0.7177619761878345,0.8800591450540267,0.558613305138851,0.028826730125647893,0.6535806615140684,0.8595508312165289,0.3705628239423093,1,70,camera
0.9612740654605176,0.20848042089076654,0.8314026011771125,0.8677299370003027,0.16420750423092798,0.7792887404949268,1.0,0.6251909125460897,1,45,tracker
0.44525037400782064,0.3485726762914286,0.8514768224540159,0.5906160746427581,0.2095944755316695,0.5362626531692557,0.25965460360967596,0.2829448855464087,0,51,camera
0.6075778731279501,0.7138021130748089,0.8487658589469067,0.04155423332135372,0.3884834109783091,0.7884373881728922,0.11798304559396061,0.039777393151896656,0,76,sensor
0.9257864166847282,0.7023434301322666,0.7496779577239546,0.6357209592674394,0.03960894111965184,0.8425493167403089,0.7164350977948012,0.46644795818554513,1,79,sensor
0.1534170127870692,0.5715039308465953,0.8330606814467416,0.27412469051201904,0.04917870740861946,0.5458392934976853,0.5344388328017841,0.15025620334437417,0,5,sensor
0.8726530355401105,0.8232808754617023,0.6957361664650359,0.605886375529183,0.1706341086505823,0.5960537574302412,0.7697384784922653,0.39489605791111027,1,6,camera
0.3283631930499527,0.5480539209086573,0.8489354621477717,0.6170097355023579,0.21575598349639047,0.9006693251524601,0.6228223755257603,0.5565856365407335,0,72,sensor
0.9962286761499097,0.7247656944026641,0.8676308376615897,0.10862273750983893,0.4321835954603873,0.8030654058684304,0.7655515237002491,0.08221705973998801,1,96,camera
0.661278978052839,0.1801896968739388,0.6803645539031887,0.5280764601697095,0.07188446186531819,0.8658589239515457,0.32864394665837743,0.45650170830424397,0,61,tracker
0.9821841442346142,0.925154263671431,0.7094712457051651,0.6470002540279448,0.32345730854541876,0.8658306520710366,0.3746894811702902,0.5514639735331159,1,27,tracker
0.8180838025486535,0.5188558248678902,0.8252536041267977,0.4353486155303771,0.19901740480717794,0.8350371301992575,1.0,0.38057956193703635,1,41,camera
0.216065920832616,0.3879991468163037,0.7213117169758403,0.5962771034885513,0.5407363317434992,0.44415443104596386,1.0,0.26988612677206436,0,86,tracker
0.672324820240363,0.9431674299734525,0.8011769526517966,0.27388440440636913,0.010529584858994523,0.8094126602204922,1.0,0.24629254554352187,1,64,sensor
0.8090192422323117,0.42166640503897473,0.8190593370736109,0.723505800494315,0.5012302644397807,0.822966611491226,0.24205345808819087,0.6237968122029175,1,59,camera
0.9289159282509584,0.6989184405379932,0.7976701613601701,0.7068636448924734,0.0021050682483664896,0.5743727862777682,1.0,0.4095029302819398,1,27,actuator
0.93326421581769,0.9466018936516227,0.805955587818979,0.47550901423158765,0.27260385627228145,0.6561110836138278,0.6707549710788098,0.3292867306746978,1,6,sensor
0.48119145103438016,0.3576057106101316,0.9346277106073194,0.678788597184061,1.0,0.5797197792563782,0.31899765079102993,0.40723159611396925,0,16,actuator
0.8468655422161291,0.26315569956888957,0.9766961876204622,0.49955935530365597,0.36301412883455564,0.6122869010249862,1.0,0.32435155228940804,1,10,actuator
0.6186915733767652,0.4155202286684201,0.7457142448198758,0.1965274045938016,0.13548402208964067,0.9085467311825276,1.0,0.20372356399986455,0,90,actuator
0.2631137701176121,0.022665603957742027,0.9158039548946556,0.2173804874755605,0.02633187539439688,0.8640055773022375,0.22581464330159962,0.1736557145334244,0,27,actuator
0.47635501128033836,0.6218160957761605,0.909362016059005,0.5402445296775448,0.9435909518023893,0.7060211016982977,0.12712380688356403,0.3979962158061396,0,57,sensor
0.7107205931508647,0.7919193165510243,0.92736052824346,0.9122976756071295,0.432171527637355,0.36164688505903136,0.23287331792735302,0.352632932058333,0,21,camera
0.9816209783249811,0.7795240981201077,0.5867789862968038,0.10499572640476659,0.3764770208773287,0.6327142250049861,0.24448181182656237,0.059375904113698585,1,39,camera
0.9633960711061724,0.6262405087306626,0.8511859027661599,0.6312833688657672,0.15653884521472755,0.8652953376465947,0.09895197035736514,0.5252285174191075,1,12,sensor
0.4772927093195373,0.5790204402665297,0.8952061526279929,0.6437726420146768,0.22595938160711926,0.8856322941878133,0.09503219243092383,0.5424014902490997,1,3,sensor
0.6731564147188738,0.41312851890432145,0.9795147455893422,0.8232994871590842,0.5197760814209766,0.3497242343768915,0.2136167850922183,0.2502376221739168,1,34,camera
0.9925558464173834,0.8054573275896416,0.8677870664775877,0.25090862545368897,0.4533046325893963,0.5209838225505901,1.0,0.14243994520718994,1,80,tracker
0.4080260784456426,0.8018894313859973,0.9066043122781196,0.37103112102826696,0.06021389162959687,0.9538182506465163,0.6602693365213044,0.32916162758809014,0,18,tracker
0.2071495424128026,0.0378369009125681,1.0,0.630018709229494,0.5455047797423125,0.5534481482696573,0.4349828093145703,0.3182812234743502,0,66,camera
0.28294214019311753,0.1925240742121951,0.8700521808970361,0.8071404222422038,0.1761880680193759,0.5081990308217,1.0,0.3620080700757099,0,31,actuator
0.46999360458151435,0.7120734860578198,0.8123998986278438,0.6126537767986465,0.027324255986876822,0.8703971574940258,1.0,0.5461017597857498,1,45,tracker
0.3108916378265006,0.6835996274877617,0.9671085293595345,0.5814690005166413,0.1519393317581223,0.5567635450113201,1.0,0.30208985862474913,1,64,camera
0.3636147145913964,0.7236787975152444,0.9023509856073889,0.21630774677254613,0.49277181097687295,0.7807220705162546,0.6395577553768285,0.16978756417683977,0,71,tracker
0.4912333079522847,0.5376052341475189,0.9542304157126169,0.38160773115772634,0.26452551734580876,0.7614762028167369,0.14036886178798003,0.2622537889550946,1,85,sensor
0.6691246340061889,0.6099254956895195,0.8747297473729515,0.7546332693112903,0.13237950743710755,0.4341789727969118,0.4943922671364198,0.3320459279574906,1,54,camera
0.35985360972227726,0.4265723872883208,1.0,0.37204296408108284,0.22535635257525838,0.3632280195120821,0.7125978257281366,0.13947699778966471,0,71,sensor
0.7169627925979926,0.4233188569104117,0.861813494964199,0.5784398948473862,0.11582320361558884,0.8329850402103802,0.9962679754411624,0.5329790320448058,1,16,camera
0.42356268736854197,0.10570573993700698,0.6512822133518105,0.5895132033085173,0.008266825916437173,0.4496330417179143,0.8715663333202348,0.274028232823868,0,9,sensor
0.6915167032843403,0.7033475798991217,0.6514343564013999,0.7059992898824377,0.8152808415016135,0.5460229382249945,0.5507111696099498,0.31895392055298294,1,51,sensor
0.9496424380408186,0.889518454223983,0.9077404081271034,0.3691063756789333,0.4965377088045382,0.8148353795735761,0.3249270889952624,0.2683442171122756,1,31,camera
0.7534412934113482,0.1449432519572109,0.7309086263217544,0.7162296660250389,0.13504091045704886,0.7538212150296667,0.4366935632155124,0.5337108105001374,1,89,tracker
0.23763883854651008,0.13899106688472684,0.756882699917987,0.46477298387901994,0.22737652997505614,0.804519772251126,1.0,0.3625554870826402,0,7,camera
0.9253770862015513,0.2056774301700795,0.7976951293181995,0.7767618566308014,0.09928762187335657,0.7821201109319781,0.5108538635559671,0.6082619148504066,1,27,sensor
0.8221465178119738,0.8225993385682357,0.7559853244610003,0.2526398745927556,0.141628706298593,0.8665739127275272,0.462302041604981,0.21529304593642365,1,76,sensor
0.6163783939135475,0.9263844874122238,0.723253445280508,0.7139943230172888,0.17277268596860101,0.8852748863590623,1.0,0.5865522419775462,1,55,sensor
0.4112089004493995,0.41261253929449226,0.6977106386835097,0.16114416891614763,0.10150898434228414,0.5573255531076423,0.7127818551450664,0.0893744112136827,0,91,tracker
0.7506774187941883,0.28785929313938374,0.896581967973587,0.35315711296848906,0.05958075407807708,0.9557400628356013,0.42290494520571525,0.3442090702065227,1,13,actuator
0.7531390767819642,0.958903850263292,0.8422402737921185,0.28020283353743763,0.09119809503777009,0.5268801894693633,0.3409039928168998,0.14468933318936614,1,49,actuator
0.43629416689245687,0.8707822099150225,0.8056815578561954,0.11119207567405302,1.0,0.40225602235524144,0.48707840264484953,0.039409190388796214,0,34,camera
0.610070692679527,0.9431988161262668,0.7130042933688642,0.5715686568699069,0.48961850220713404,0.37972649951029797,0.2440191403431648,0.23066090584529758,1,81,camera
0.9411329893653974,0.4824608250375765,0.7670532548002332,0.22728435001514036,0.001385052374761528,0.8964863715188263,0.8805018542963416,0.21677144502935414,1,4,tracker
0.5116793697386779,0.5066139239677278,1.0,0.5228617156841323,0.6535225038037596,0.6378660131017971,1.0,0.31177299041791584,1,95,sensor
0.9478514241243468,0.9375436942501989,0.8716652518789847,0.07020402430444642,0.36536119401047057,0.8377886964524772,0.6274328243308975,0.06200613794273321,1,42,sensor
0.9603566533488763,0.22054766757203548,0.8091496012355969,0.2583053389687238,0.22317177057751522,0.8953221866223158,0.39753580786061243,0.25793774873644726,1,76,sensor
0.7907354731218117,0.0644665636337012,0.9759341224038566,0.7691798458540323,0.5526496499121307,0.4647937725706305,0.9488592568445338,0.303214722501289,1,60,camera
0.24324012608853704,0.05699291384497057,0.8208332175957761,0.8641606171924644,0.47588963894831443,0.789642569776584,0.8630824803173237,0.6845026965296822,0,69,actuator
0.7540319085361012,0.5028999408393084,0.905092231088489,0.5849590258972802,0.055466070935835776,0.8856088849126013,0.19466623564855914,0.5138611268938371,1,32,actuator
0.8270542692290087,0.41848842937212355,0.7888961080231602,0.7790926264962165,0.8336413815476778,0.7435851512063781,1.0,0.5112750475881443,1,75,tracker
0.9046383151219365,0.824629498240092,0.9113577546176257,0.8029545910739089,0.09142850540227157,0.6489483710755595,1.0,0.45963181995952834,1,84,tracker
0.8389923706619867,0.18895342048309235,0.7435351561465209,0.3068158874952791,0.010061873335838,0.8484963743291222,0.2796550477762117,0.2486787032069168,0,58,sensor
0.7362214553850267,0.9393863424420836,0.90004309808619,0.675272330180646,0.2244369282346727,0.8448182039142241,0.2155518807649329,0.6245679531741989,1,60,sensor
0.6866987171525338,0.7127984832786789,0.8941856600089341,0.2704993906069382,0.054639623052178496,0.958684137604084,0.8841301214038393,0.27013366718753556,1,33,tracker
0.29007623559457185,0.032187282602973336,1.0,0.7757213394152782,1.0,0.20246231726934127,0.5378203467137604,0.13556118603301165,0,73,camera
0.6534750361933493,0.9262225891145802,0.8682615963954919,0.062190187049357616,0.86278229117642,0.7064838211317166,1.0,0.04309404907414072,0,85,actuator
0.9342333991321415,0.28866079973605135,0.7770330281249137,0.5583590239394728,0.01849193983331062,0.7332893970762625,0.5603367546179256,0.34840808317723987,1,89,sensor
0.636999010894455,0.8095002266014897,0.8261064251373326,0.02120760720290627,0.550059386608677,0.4909093075501665,1.0,0.011145756782993144,0,19,actuator
0.5920804890709958,0.5713280538671128,0.9681690356429482,0.4088431739043368,0.0055848336911506315,0.989405358697676,0.6741361911831599,0.35203359217191804,1,25,camera
0.8350901588992772,0.9801407313033966,0.9237509515499663,0.1637878075698062,0.5102573722700985,0.7032115709794673,0.3149119017213697,0.11271830508818999,1,88,tracker
0.6883339235301221,0.9408037100398402,1.0,0.5974105124255419,0.19484591979641713,0.8307988076893784,0.7921412324005436,0.5052365978538216,1,70,actuator
0.9163481498427181,0.7314282277243056,0.7218105504918397,0.06494902213708942,0.0005874936983214533,0.9728868776734213,0.5937876028038734,0.06229841768110301,1,20,sensor
0.04305571272495684,0.5803122846127013,0.8097264970581444,0.17668623004431863,0.003453715740251725,0.9539185400385511,0.18199888882966261,0.1744742331778527,0,96,tracker
0.7953750882742291,0.28519006629190313,0.8325503394068937,0.4101852198710388,0.13866368545333202,0.725855177170913,0.27657651334688765,0.34229427636687104,0,98,sensor
0.3908134986779651,0.8936819624443083,0.8685738793540904,0.7883680262870307,0.43068481215249577,0.658002915800792,0.8546445255526459,0.5495570443533104,1,13,tracker
0.6046751466639806,0.40272273803295977,0.9445188882476608,0.7225169049386765,0.4349664521888557,0.7516608181580957,0.6799654795423576,0.5903878175549478,1,20,tracker
0.09611885777099063,0.37319723242833397,0.792512078702062,0.6516390593424358,1.0,0.6688500556031821,0.17080908008140663,0.4728902643958693,0,55,sensor
0.2488759985603828,0.12723447481275632,0.6622326304317521,0.19198166010642598,0.03127479053087542,0.5558673008460728,1.0,0.09699411889282918,0,79,camera
0.6037935396784835,0.6322995371966389,0.9238356161010479,0.7059420156672372,0.014039539178461211,0.7212241125482957,0.05015745911435979,0.6048704803653197,1,81,tracker
0.3833466970742819,0.3650338735146958,0.8600364520622267,0.6449535658011205,0.2801727155518898,0.8129504643458039,0.11851338084895877,0.5111455998991441,0,58,camera
0.8958516046882727,0.6221463221670669,0.7083481879595568,0.4919082796681365,0.28843111270423,0.4674361576343646,1.0,0.2435262686169752,1,81,camera
0.5329977723627658,0.5500304449159202,0.916480518442143,0.3877946054655159,0.381791621865806,0.3554170199652401,1.0,0.1423778855948126,0,40,camera
0.6428248096067252,0.0763276908783182,0.8532399616429295,0.5665499364022392,1.0,0.6985447206549298,0.4161203902471294,0.36553875443087963,0,1,sensor
0.4275189392859736,0.3973018724949826,0.7208216987803286,0.8221598994822502,0.5498384863692717,0.5878271064792222,0.42081324208802434,0.5235444734973029,0,71,sensor
0.6462509981441018,0.44962444165442544,0.7912943548753474,0.36848987686467544,0.3427289047115587,0.8826992663535942,0.13561949673189294,0.27808346046758914,0,16,tracker
0.8145976698985102,0.38721609265416745,0.8754967973635573,0.2697187308471443,0.08454157437383081,0.7942676146406779,0.5264701670095064,0.20868439782488502,1,83,actuator
0.7257392227537932,0.4225900941116472,0.9412078290375916,0.4379509439112758,0.4774699454724507,0.7069919610388685,0.3740214214996285,0.3738884319865489,1,84,tracker
0.7225161667959432,0.3731875735416377,0.9602715812667209,0.354351668038697,0.0065045399793617065,0.9339248644166004,0.7197649048409022,0.31791559278719483,1,78,sensor
0.9709269391127798,0.12936220977871085,0.8101445411452199,0.33007353270655204,0.7741937720039225,0.6474044107802519,0.23646107466160393,0.28824993084434575,0,73,camera
0.9435542422823374,0.9446711512119499,0.951513656636469,0.5944979556894924,0.05835655622489631,0.976976463923087,0.4078286944549298,0.5464982656625053,1,25,actuator
0.474622404251897,0.3048084951603185,0.7044616192371679,0.11867932342485889,0.37282773730991464,0.843572066794068,1.0,0.1113976529163533,0,66,tracker
0.34603903265470276,0.708196971112934,0.8835808171052352,0.5845633654377533,0.15919028709072272,0.9039232214254264,0.2706262425957681,0.5059175068176551,1,39,tracker
0.526247135933294,0.9355045914319186,0.8911322712019264,0.38125271695651963,0.3951750718442118,0.4860477414295642,0.9187890607697922,0.17426665278780956,1,68,camera
0.8617590217220487,0.22553902567932854,0.8486135151911736,0.5352160811574498,1.0,0.4528793367731936,1.0,0.24569749246918526,1,90,sensor
0.5262642090456461,0.22617613424081043,0.8920500276216481,0.23801844922005547,0.5076600380887302,0.290219201527151,0.926916963828943,0.07105139431653766,0,58,tracker
0.4823874256917657,0.5639102107488912,0.8835305186793336,0.5843904119292858,0.7844549247565222,0.6641278277097857,0.4415908253809549,0.36396706596035855,1,44,actuator
0.7718745494319647,0.884214410880741,0.9973748362450924,0.21705454598863522,0.019387675816634593,0.8100477726931182,1.0,0.18609572988986745,1,82,actuator
0.7099654849132729,0.8395804529037925,0.9577808146271187,0.3401687572953241,0.09346124985856252,0.62770163237221,0.3262407077158706,0.20647188551704343,1,92,camera
0.7072889821965043,0.3687751524413078,0.7625320037269712,0.5618320932875944,0.0731972311500603,0.9699958917481137,0.21047128062435086,0.49881097885844883,1,88,actuator
0.5860070727081881,0.20062474449959924,1.0,0.36632365743415873,0.7510758742349642,0.5112226904682358,0.7147441321018092,0.20473452820460908,0,6,camera
0.5885884529584113,0.8444244747955465,0.9063912831959235,0.8278023990752811,0.0525058461528878,0.7997216034295151,0.5488469451918598,0.6278465211359556,1,19,sensor
0.8987713827461657,0.17708758458523446,0.8160642546849641,0.38305032167044156,0.004210503236583432,0.9923816255125285,0.27483401757982023,0.36174765647813023,1,32,tracker
0.8987387972299143,0.9168297346513328,0.7078462046038267,0.1016173814207343,0.026549757656518624,0.9794038454219581,0.29590760740028904,0.1060940987383437,1,88,tracker
0.8691880278341414,0.6761904887344851,0.909921919865417,0.813253847523462,0.4109846586480731,0.8748351749567863,0.6241338092189805,0.6444220819899438,1,63,actuator
0.852465030556093,0.9858740537436855,0.8579035919097796,0.5854434608018043,0.2765474287111702,0.8432184511131832,0.8648568194866184,0.4773718297169209,1,88,actuator
0.6408987647102762,0.18289439185439973,0.8386927482452791,0.5976916284065921,0.2067947803691525,0.9053919274874931,0.4160758532557098,0.5957455802783438,0,17,tracker
0.6649686372070844,0.27553151989149444,0.7663036982901523,0.4920611121984034,0.7272618156636792,0.7409432022527781,1.0,0.3352054069253643,0,53,sensor
0.8807804433485679,0.9821154905605822,0.7749452914419478,0.44081192875466224,0.5465155491655386,0.6796479546022886,0.6847405797119565,0.2962777531480252,1,58,actuator
0.7051306162295065,0.4180754716007287,0.8656599542371617,0.8498911498438891,0.7187937818144751,0.5512325514143239,0.03552097060503986,0.4868569414972009,1,47,actuator
0.45456845082150016,0.8724127381120035,0.8496334247622428,0.5870529269719982,0.1479593251424744,0.7247733500934017,0.5251082100079153,0.38611741384945814,1,40,actuator
0.5339705576983732,0.7183891656480313,1.0,0.4338553378307868,0.03958942722286927,0.6685152744419673,0.5853990705643453,0.2798670557666423,1,78,camera
0.9339128770825198,0.9003607337801796,0.8735067625435589,0.5072068075304672,0.06596995460801258,0.3592554455842261,0.972693650923989,0.19350181880156242,1,62,tracker
0.5344694943708997,0.9804203498144651,0.8655171450167932,0.06201019829069444,0.48091740439591363,0.5548687481891071,0.7055056678821398,0.03290431968054086,0,30,tracker
0.7447046737028649,0.9023791914991228,0.8771891990642052,0.7171394113739232,0.0807828922166323,0.6385827921124814,0.5032888050679492,0.47153361835584146,1,72,actuator
0.6606014231848795,0.9526263801362733,0.8350302708660446,0.6505236255260387,0.478985249140624,0.8541800838289832,0.7031541875569916,0.5813133174220516,1,82,actuator
0.7281050868165093,0.9851681507533103,0.9551049213856747,0.47547220549499053,0.3463860608808738,0.7889144281096572,0.718573652747082,0.3574972459819169,1,95,tracker
0.7147801200401434,0.2888011361386061,0.9753332544264316,0.704006177831108,0.18337377916964498,0.8576758546536294,0.6194507563680541,0.6240765386096414,1,17,actuator
0.5666819859559139,0.4067956059078269,0.8389994678590776,0.5684175391824035,0.6924633487363021,0.3612238368097529,0.36001512228481963,0.19622306233079914,1,85,actuator
0.6918913441267618,0.047968887944608234,0.772736597346135,0.47188732266913613,0.4907325285472792,0.6772260397261899,0.336939529181925,0.311496976889661,0,36,camera
0.9569510821277404,0.99800347553698,1.0,0.25547467541322644,1.0,0.5455683270674049,1.0,0.13055231067419137,1,41,camera
0.9069970121348809,0.9267181419598605,0.7172288152776831,0.47896830081407354,0.24505024736806505,0.5450390424868892,1.0,0.2401436591861148,1,95,camera
0.39555196123173963,0.4495173901521622,0.7108756186516773,0.7982779987554234,1.0,0.6436437829173358,0.2647859642737107,0.4872929084344072,0,71,camera
0.7805338230608927,0.6321387240680133,0.7527659927073966,0.5102863129282378,0.033589721251213636,0.7521135200170996,1.0,0.36995299610697086,1,3,sensor
0.735134520726774,0.42058747485911524,0.7204264785064016,0.844171064756891,0.1016801313994157,0.5273387116837608,1.0,0.4823386956600749,1,6,tracker
0.2817981849785019,0.2687230834578148,0.9869789960598706,0.3974684676596719,0.43201162545617766,0.5380553409807141,0.29909503246472896,0.16002211035893657,0,24,actuator
0.7230174405929922,0.3994213174282472,0.6794409207106906,0.3569473892986488,0.48184373630069893,0.8334876251961735,0.7990251184722713,0.29748274243234857,0,63,sensor
0.381016162747969,0.1932060431277622,0.7290157089336617,0.6236382796771397,0.006979364573300692,0.8140985941639084,0.8456427706534769,0.5650744248118369,0,15,actuator
0.9494805686353739,0.8838479667474453,0.890368316351096,0.5640551630820655,0.1898225252955248,0.7112760923598447,0.06856524676072286,0.43363741340621836,1,33,tracker
0.9370109853847299,0.8048108814806202,0.8358101162270208,0.35797983881628703,0.5421860317115118,0.6781299365715691,1.0,0.23635231595622988,1,95,actuator
0.8075712629625275,0.8655991926159476,0.7273056752628984,0.285003672965212,0.6785177968977478,0.5145858737974274,0.805373221226734,0.15468157037621516,1,50,tracker
0.9608691693571647,0.5259675173069309,0.8281922952101658,0.1519057652758828,0.1533174042176058,0.38800284490252196,0.8026403911932968,0.04958070169901826,1,97,camera
0.5733667667141717,0.16115077519231683,0.9120229456872159,0.6535069822399422,0.13279186335611515,0.5582773886193255,0.8404820485041231,0.3475950375325413,1,30,tracker
0.9042216900813065,0.29781349591233214,0.7425611046621563,0.3133480099578817,0.05470415839519073,0.94245698819317,0.6587425764131998,0.2665491556128122,1,51,camera
0.9044580541713952,0.5487997693315486,0.7599271377037657,0.36808696795148504,0.14168575288177992,0.8846189491287945,0.273266688689042,0.3139117028521646,1,73,sensor
0.8082620500385963,0.4381765041453792,0.796680729748626,0.8119615310023492,0.012694352003181027,0.6133209089226672,0.2676895454217157,0.5833525442668208,1,60,camera
0.5693962088723432,0.7976410115390875,0.9130255866811431,0.5907493554065286,0.009135057924316969,0.8331518134476433,0.5330750209941995,0.5571201339763556,1,1,tracker
0.9194489713934793,0.6949967341650543,0.9818849702662138,0.10874076694636543,0.05588563470078509,0.5070259533333505,0.32058896186004954,0.06721466369423035,1,90,actuator
0.4400958665731933,0.7003243351460587,0.8875588456864372,0.6567127591477976,0.2946626628714569,0.5321371097500446,1.0,0.34059223618213547,1,24,sensor
0.3408992367447908,0.3831091252010902,0.741618516449975,0.5313795560742189,0.7071070517647434,0.7102558707300645,0.7014672150708239,0.421172588286004,0,17,actuator
0.3583939065088282,0.5726865651526915,0.9718228524747171,0.5989860750907483,0.0652159402968572,0.3724715562685158,0.6620926780315162,0.2311782843418389,1,14,tracker
0.6428732416538436,0.666162538517378,0.8465645703665656,0.8997041504649208,0.06429603357542686,0.65575108694001,0.5381058687267891,0.5457911884795913,1,69,sensor
0.4886069119367685,0.6237316964945256,0.8115640135767509,0.4143876642011534,0.33801230340457533,0.7466038237000424,1.0,0.3126729683996703,1,90,actuator
0.8864964301014211,0.684940433816016,0.7646584096542561,0.357231358405761,0.03009350732435065,0.7921726088462175,0.3149082012075976,0.2760223222836195,1,32,tracker
0.8675466043219134,0.6434880893210454,0.913022516557982,0.5909692820533236,1.0,0.5832554967753433,0.5514659631682773,0.2818226838907232,1,61,sensor
0.9782595213976907,0.6868342390118168,0.7672360024128474,0.45116560305361547,0.30796378659490536,0.8621962282558373,0.07451139247030539,0.35097346785115907,1,4,sensor
0.4217148166618519,0.3689072792866058,0.8575538731117212,0.6561162673228473,0.6445002451813542,0.582073433782092,0.20047558257384446,0.3409070099846037,0,64,tracker
0.7481108709816476,0.48202328461033334,0.717495704338404,0.17747712019057046,0.31296630370892875,0.548185206228597,0.33916199851467516,0.09331571116041157,0,80,tracker
0.4992750553555388,0.15036810961562425,0.7916935193436033,0.4566056211628794,0.24545108144482933,0.7504658327201755,0.19465193023139823,0.38392415014268827,0,77,tracker
0.8017963140480728,0.21119420160380448,0.884655859108648,0.06295826065296233,0.04454237371332505,0.23349028770281133,0.6928890474697769,0.014824733114756843,0,59,tracker
0.5828589449760041,0.9835765981275114,0.7131494190655381,0.5638975563633718,0.48641399704351207,0.7452595408640897,0.4757222452355765,0.4436172912082049,1,27,sensor
0.3306665909823459,0.5129546110017034,0.9123319862231877,0.5334380132834515,0.2231436695900973,0.7899611601333992,0.3859569142906175,0.447418005668361,0,69,tracker
0.1454973940885512,0.22935448829737934,0.7445828099940918,0.22767390692520675,0.026422024659696168,0.9871370225861777,0.9911566831091918,0.23844319476479725,0,60,sensor
0.8466523671461609,0.6486759397749731,0.8406710202173804,0.30642031443785733,0.3623673807780439,0.576705604721426,1.0,0.18050900760987212,1,54,tracker
0.48844850211008844,0.4347001923061612,0.837673550082315,0.474285033679879,0.06266495989538731,0.9051058433301422,0.10639035755838301,0.5007002600208287,1,3,sensor
0.5945421304095891,0.3327226292782544,0.9139099208731857,0.13429640765252515,0.1030954791875803,0.8900568302898461,0.2595678499566169,0.11464954972586272,0,39,camera
0.7319315281276421,0.8996267640845821,0.7846808705545105,0.5909587933565295,0.6398809096705008,0.44932462531218104,0.1969385808281289,0.24620366926746282,1,94,tracker
0.36945239994733714,0.3489829641470446,0.8438654402692953,0.6747430552717532,0.13671063393889135,0.6892236526983601,1.0,0.44850992110979476,1,91,actuator
0.35170396552721395,0.20884065945688673,0.9262994863077862,0.49155777020277425,0.07379624100201873,0.8657170739032644,1.0,0.42160245868795126,0,18,actuator
0.7691554453868117,0.21372495227226607,0.910037858144815,0.6220297060961331,0.16004349254084213,0.6063803113380343,0.6300907586123284,0.41000607357917407,1,75,tracker
0.25472964072244386,0.4732746698871513,0.9098030289306049,0.6092999360489778,0.10161102150937087,0.8664033622738813,0.20906325693538555,0.49119438423695,0,13,tracker
0.6295867904445133,0.9930156817066466,0.8142343888761314,0.6959021689426171,1.0,0.6619920182083109,0.2711141979807002,0.44717996359483414,1,38,tracker
0.6755673802542578,0.925122071699848,0.8065835215954438,0.3064865179017487,0.3669665666923408,0.7956959615652098,0.9688173224597715,0.26516147686829955,1,18,actuator
0.6866030107363232,0.21878731383430886,0.9072653345223652,0.6628979236646938,0.7988733824139118,0.60046375348313,0.4162353276050221,0.4631000425050406,0,97,camera
0.8475371122260722,0.401660464409717,0.8263634253805857,0.4085556701470943,0.41453436786637565,0.8745764041685283,0.38525542705708654,0.3461900003614578,0,26,actuator
0.9519819903086313,0.7244634662238133,0.9565020390982978,0.6231773438795233,0.32723813729064394,0.8111982746399448,1.0,0.5272380110838413,1,18,actuator
0.25229919880712204,0.4515848284819005,0.9707231101633691,0.7480073096432514,0.28968800979764775,0.3285645617381275,0.3284079320366903,0.21666056679845852,0,94,camera
0.3920733540838659,0.5905945488709896,0.8872517676518507,0.5245967612221403,0.0478899701923782,0.3874206426279621,0.08819062510195283,0.19709111579986588,1,98,tracker
0.1610587020628609,0.5379527012201243,0.8569818985630794,0.5573434124316388,0.13210940449172098,0.4415633906687439,1.0,0.2758219191891539,0,19,tracker
0.414827058463557,0.08067664006258318,0.7184141396863083,0.28704030790008045,0.757843211888687,0.6048227640687512,0.48141677054539556,0.19949698703191765,0,13,camera
0.25751681518478403,0.5845315967874299,0.7927175947941045,0.6164110229552626,0.4793708444393208,0.7796885736380257,0.6233728168184383,0.5667552152454746,0,45,actuator
0.7495885332869668,0.3651718317093293,0.8065723909333148,0.5544833425223369,0.11739412505599818,0.8747357801971445,0.10697183709701717,0.5225028500527656,1,92,camera
0.042572388962633205,0.44412866776727505,1.0,0.38531919938902426,0.1397882191952041,0.9390839541574969,0.5970821841181905,0.3492463408391874,0,46,camera
0.9567325121641416,0.44121078230339594,0.9597313433187444,0.5449100719549518,0.8639806458635515,0.731306003866792,1.0,0.39113255183675927,1,30,sensor
0.8853023323436248,0.6359916148288344,0.8767550028946034,0.5903138575844856,0.4124149289347631,0.7225925295531588,0.6407813290224701,0.356414221952303,1,21,actuator
0.3193037076407977,0.010429397434049206,0.9900716059272958,0.39618000407740755,0.24594731815826248,0.8176876793806961,1.0,0.32195040942303926,0,84,tracker
0.9728043133260201,0.771441865980458,0.7802709365324467,0.6144484985036746,0.22921017255845672,0.7563281234637967,0.373601417498567,0.4692384668846025,1,2,sensor
0.7308676655642674,0.7583697703189634,0.6724619644561551,0.36886264887038217,0.5699496249539852,0.8143190558185192,0.35883767171652253,0.3285581190787986,0,4,sensor
0.7671350919461617,0.9928660639716385,0.7264012317946132,0.20668773484051808,0.24127825613865267,0.46455010396044966,0.41913515021821207,0.07077523543385053,1,98,tracker
0.8884143402240452,0.3499287039023765,0.7500485636698405,0.5149059967309431,0.06065668570527114,0.647949445585004,0.30819397684630184,0.3240873351644082,1,41,actuator
0.8179457920035802,0.496670590997281,0.8396298745493884,0.5965164381920203,0.09156309923587054,0.9043282887117022,0.817190831215386,0.5273507082294268,1,21,tracker
0.6629045357496773,0.8280651604739341,0.9908533891266632,0.36443491245604315,0.316115979390364,0.6461556253229244,0.26344865237727916,0.22060772356067662,1,89,tracker
0.22017916459721648,0.6167300427850373,0.8107159606253184,0.5469845083880238,0.021744305876993886,0.8766480418084229,1.0,0.497503713519378,0,79,camera
0.6138882969274544,0.4768693661320154,0.7642815120862453,0.1169056366027676,0.4160934244850827,0.7184138318303909,0.37149366611364526,0.0798960110500554,0,40,actuator
0.8926107390497018,0.7333327643612867,0.8573087071860584,0.4945066124148434,0.10120891535316465,0.801122958683584,0.9227327605615206,0.4301848790703529,1,64,tracker
0.8663715726311211,0.24346602474324622,0.9071674448489644,0.7064901643625529,0.8795226404759162,0.5859521484243608,0.49652891425017565,0.4096099390771272,1,73,sensor
0.8356148037430635,0.7810756335620681,0.9448734088609931,0.3004411980072699,0.06368422150790155,0.9293848262698924,0.6400111426084901,0.281987119609816,1,62,actuator
0.8081028960319281,0.4399001971527538,0.9016608718224198,0.3962673821053835,0.23171398249378083,0.8074408696092749,0.4772865278878947,0.31844727036900927,1,84,sensor
0.947206388052171,0.8920120539151318,0.8395422406091171,0.2738054108944067,0.8138208001935935,0.31866449625778565,0.6594385306346701,0.08149502094636552,1,15,camera
0.25296431610029807,0.7452836021598476,0.8157394821625363,0.15785309429430133,1.0,0.6157619153173314,0.11958491119327055,0.09876295624853557,0,6,camera
0.7296434889277708,0.9671126569420824,0.9369243282627491,0.8920658871306488,0.24207400093400464,0.9148230051187792,0.44379439050251224,0.7751956720812546,1,41,sensor
0.9393399801538607,0.819382316217911,0.8480492454653549,0.2161992179034263,0.012356623004874763,0.8648105775347216,0.04019341559889062,0.21126270983138526,1,35,tracker
0.9721138977499261,0.7467969928380453,0.8543607797208836,0.45387948577222864,0.08063207762658794,0.9607114384249908,0.739259803246818,0.46605789312057544,1,54,sensor
0.9218381369725511,0.6418588058152233,0.8997318747546906,0.635035271820504,0.4956482143921955,0.8280718989864074,0.22361389887063568,0.4804637302584212,1,52,actuator
0.8045707934724995,0.795446770389149,0.797824374305863,0.6179183930799645,0.07651520863002818,0.4925910497152111,0.5289570116604442,0.2990702774086686,1,92,sensor
0.9110886431381401,0.7739576891969981,0.9450688696997143,0.18107402947166398,0.0010394128001349782,0.9910560507424914,0.9177009323209999,0.1694553479013301,1,57,sensor
0.9739057926155209,0.2156115526253469,0.9535575444548191,0.8065149059239376,0.23515620756187444,0.5235316168417069,1.0,0.47348380385659755,1,3,sensor
0.6284639578955397,0.6996882499832494,0.7549641510032441,0.7180984012891314,0.35087294411400843,0.7769363564520565,0.06361654068238573,0.5456762501080696,1,89,sensor
0.19777738152064178,0.11014101456148548,0.834564094663731,0.3769223551719275,0.16588319827160722,0.9432173546313505,0.6743997792030125,0.38169292668785254,1,83,camera
0.8413178730749421,0.9190767346276683,0.9740061396619317,0.8111002971374018,0.51469083658071,0.5556960210388819,0.7688407142117669,0.4363650609415313,1,8,sensor
0.5615354010419972,0.7250860085873503,0.7246315766958475,0.9656467623005188,0.05189130687614483,0.8420366586919386,0.7214241966434017,0.6716569436784839,1,49,tracker
0.3068968484627875,0.2731741286818873,0.8287281164361642,0.4865614026415842,0.344456682922395,0.723317764233697,0.5454125617029609,0.3843856246616494,0,84,sensor
0.9220241741426849,0.802524076746392,0.8849733365582418,0.42338216628152436,0.4707828814983605,0.33667835985163397,0.7998678360441788,0.16695188874969508,1,64,tracker
0.6979767263643375,0.01917598946981,0.8618485241938956,0.23305641409813468,0.040852362405784194,0.7984834865336266,0.3712130750876225,0.20160387337008848,0,41,actuator
0.7315909729482563,0.3868384836475954,0.7850694866121573,0.5201221917380362,0.09718691618237958,0.5849975854854017,1.0,0.3310354689797476,1,7,sensor
0.8320702920990711,0.43779390281427855,0.9429277740540907,0.6499671736208661,0.1319676657902169,0.7341866132951246,0.5829524070589751,0.5496766125131851,1,99,sensor
0.8576584553876964,0.9210592832201056,0.806550434526297,0.6494326634705028,0.37786136708923757,0.5319938789009264,0.38981846049031577,0.32945265630238546,1,65,actuator
0.09230958388060252,0.1934247239441661,0.6923357566811362,0.5768266045983284,0.32089291975971956,0.5022600335431985,1.0,0.26356873135763714,0,76,actuator
0.9158782465638038,0.7991976353147924,0.881636023349631,0.270369905221798,0.18484500632976597,0.414835923085449,0.4590462377756564,0.09914788373283213,1,39,tracker
0.5545654095186975,0.690377568113973,0.8796550286834396,0.21223914597961155,0.17913390700588466,0.761888254211165,0.9468831602710747,0.12818991718059147,1,70,sensor
0.9253649653827734,0.8402650787473063,0.9827645153118143,0.9935503672832637,0.4663256022860929,0.8465344144008877,0.7369683987094718,0.7040771432562155,1,7,tracker
0.8760460652503359,0.7320879608207727,0.8750718105680342,0.34739525603009574,0.3179653470066025,0.9006926440024242,1.0,0.27579333560089714,1,86,camera
0.602492043765701,0.6531763116719157,0.7374601730804208,0.6297510289571197,0.051621322715559116,0.6374356043944105,0.7820196179600918,0.3801481072697656,1,95,camera
0.9755044086247677,0.8469244641206816,0.8982482182897464,0.7216411247724052,0.37573376483609583,0.5009831102918249,0.5671826764165899,0.3387223601070024,1,32,tracker
0.11157177185497151,0.3777342296183065,0.8662774062646268,0.780042415679947,0.19123381959374294,0.7665555766578366,0.5455593898940062,0.5602994101720851,0,70,sensor
0.8285546776249864,0.6470675643754082,0.6220202409672883,0.43529006133796977,0.6705634835333416,0.6235386855262354,0.39571210160314996,0.23005726128918247,1,22,tracker
0.9581638726990077,0.24906183235758736,0.8330806628966632,0.41056769207878113,1.0,0.6228608421606403,0.5661318948790013,0.30148945723641896,0,84,actuator
0.22838644479335235,0.3762426338664932,0.9111053127382929,0.9562788295896022,0.3690357816789446,0.6310698280223389,0.8489451717077923,0.6025700437041367,0,28,sensor
0.6737170988395912,0.6670245937344834,0.8257614501977217,0.7837216363167206,0.3084580201133737,0.5593181658406475,0.29493412279118525,0.41875932961355633,0,53,actuator
0.7968458140310525,0.21374966571788703,0.8810436077014767,0.5911848028031821,0.052113475397865074,0.7879185108359478,0.39647874305349046,0.4359476879269151,1,74,tracker
0.8467790609821562,0.908572867671864,0.9322026800524371,0.5850727687102579,0.26517449345057226,0.90712624712843,0.3129454103759796,0.6121164758295272,1,82,tracker
0.7641735200127143,0.46933554168807556,0.8368465650465792,0.5542498357985618,0.08032849015961792,0.9435502569682722,0.3747926388507863,0.5604302241128546,1,50,actuator
0.3319426487951679,0.4988994567409162,0.6442306644318974,0.260950932689158,0.05458155405547366,0.8334943811175249,0.5174992543532543,0.24306718603696084,0,52,tracker
0.588282866356784,0.6408323923726537,0.8339273025979308,0.36752250726404706,0.3859106734655461,0.8554889592287432,0.18209645021025125,0.2829742655231052,1,59,camera
0.5748924619941166,0.8016800337864092,0.8005178265393487,0.6142747855458984,0.08947970516185429,0.9121804555026594,0.9312204557054613,0.5801058911925105,1,32,tracker
0.47009166777276773,0.6763034875849822,0.8435686718971406,0.24752539460334813,0.21933333554697457,0.7743807528559942,0.7897241188088286,0.20600068173472097,0,17,camera
0.9636081693366327,0.8279511975903551,0.7698399751814057,0.9525424458932635,1.0,0.4924105794375856,1.0,0.4541239975932043,1,23,sensor
0.8836516790209191,0.13795960329594925,1.0,0.9145573758535739,0.09213420702343296,0.824882175753892,0.6868084651182892,0.7843395593138854,1,83,actuator
0.5190143838075917,0.9057103679105892,0.7259427796024901,0.5529825719950935,0.7610053764240947,0.30550664545605166,0.9477478604196781,0.17162233993171164,1,7,sensor
0.9770752922017151,0.4130356574846663,0.910358839902438,0.8173908004677477,0.17714046931202043,0.8847262888696225,0.5410299105941476,0.7080350996774387,1,86,actuator
0.6876865136075502,0.43813212364734794,0.8565972507883939,0.8759879963801049,0.5271492395735531,0.6097882176187827,0.95338926284016,0.4260243109065798,1,18,tracker
0.9764784693245587,0.3324695199184986,0.9330288495946506,0.24984682815708228,0.7914086192470384,0.6133963885772875,0.7776227107670938,0.13703293079144999,1,90,camera
0.6886007780189166,0.5483178642768178,0.9323605708834645,0.22666150636091156,0.5146652825531972,0.3952333255884215,0.2806378703734555,0.08622713736152639,0,62,tracker
0.9081730238640919,0.8835037125266842,0.8376976452187546,0.23729798609044941,0.673217074265709,0.7010441143409648,0.8903410614151664,0.16671370115537223,1,38,actuator
0.971936700710841,0.784492951640131,0.9538710678437157,0.14044121470115264,0.44096011808947233,0.4327275518580743,0.6804859926819282,0.062198917189090416,1,19,camera
0.42816970281935,0.635245755560956,0.8046162522782861,0.7195226666731995,0.52941566673145,0.7703726452122654,1.0,0.5745338829336925,1,40,sensor
0.5434609017246177,0.25674622759705307,0.8572680989417605,0.5072996139046483,0.2177775018614688,0.9002092362853485,0.7272916260360748,0.5121712747189692,0,29,sensor
0.9477032309239697,0.8412754325317089,0.892026072809796,0.25448564417191827,0.28738595677003015,0.8014880885644053,0.9233742540963177,0.1911907556811611,1,32,sensor
0.4471310253349036,0.8307923525744415,0.9520048833995953,0.8900469269505901,0.1832226267345256,0.794516552898714,1.0,0.7362804979162001,1,91,tracker
0.8163187950768762,0.3063002552984466,0.7017504317769931,0.3086566943482785,0.0755237095042349,0.35992551766731057,0.26053985710798727,0.11290777255149312,0,85,actuator
0.782812162920952,0.4546474721322593,0.8396448883759078,0.5265493509704385,0.39990317322044244,0.7279812299837479,0.4264655478126202,0.3596642603900766,1,96,sensor
0.38414510820992676,0.28858419621159587,0.816460526501813,0.3027310862591308,0.06291193360490992,0.8176242228470122,0.10252029227285335,0.20996789509489414,0,18,actuator
0.5634394986851219,0.9018499852308578,0.7684589792967923,0.6419955877678126,0.6864415893733433,0.36599678104901007,0.9390332878941993,0.21713392865124606,1,23,tracker
0.9225417448214349,0.8160301471547281,0.8821396704911587,0.6788558659853432,0.7832340396690587,0.5599460106808036,0.42124004725219577,0.3306124696780697,1,26,actuator
0.6005745939483362,0.6224780959827534,0.8423644423734462,0.5169531163107363,0.0024569522518098855,0.6708780414659126,0.2646653446364586,0.34872902970953973,0,89,sensor
0.6354001309795021,0.9926058961280896,0.8320877958697903,0.6099675674551873,0.34291880168303507,0.4465444878249008,0.45439223243730925,0.28053047515585033,1,61,tracker
0.6343648683222601,0.8598245822732289,0.9094921714146074,0.5502685991292755,0.4451502934015279,0.7103301535701828,0.0637193326361167,0.3782447703821408,1,10,camera
0.4221004448774952,0.06486770860285006,1.0,0.11202421486344519,0.015643296619003627,0.909204263486695,0.1667089474675821,0.11205526124520963,0,42,actuator
0.9303351684384615,0.6056397791934495,0.8313607756893133,0.5334949422185469,0.3723131285323135,0.6128930935962401,0.23009046708763603,0.28434082936830773,1,30,tracker
0.8413638524316777,0.4951286791128398,0.8245622056678521,0.31698783180014184,0.6163151953387356,0.6246576020270931,0.8646051811134855,0.21691791740814934,0,95,sensor
0.8128134353633958,0.9791783085912295,0.9497087985283253,0.8189018113259042,0.15918935559209868,0.6747657779649894,0.42758095020436426,0.5756243249217651,1,68,sensor
0.6549919916300716,0.4350432259707095,0.844805402973223,0.3529602834856721,0.49496910473480665,0.8248380268221717,0.4224940628511414,0.26217727931289925,1,95,camera
0.2692448192650396,0.9436491837231252,0.7744467588933488,0.6451864536764719,0.19226163619248265,0.8995769300099739,0.11920719979523575,0.7296142690334737,1,85,camera
0.46588856199687767,0.8818874884297035,0.8161267971127322,0.44770566176831733,0.7246027719290289,0.5587685396301587,0.7328711755685221,0.2728454565970709,0,88,actuator
0.5526633903369833,0.10827487649736005,0.8174549669178535,0.4174374843040038,0.28264508158827206,0.3843832095015944,1.0,0.17348414074014545,0,5,tracker
0.9977683869335753,0.956948783863729,0.8190241330854523,0.35719889980138597,0.17695926666637055,0.7699108982471148,0.6201912757639529,0.23467581968282158,1,27,tracker
0.6954074949365139,0.6747120788602887,0.8273097711232145,0.701406344715733,0.00888253828870981,0.9879028798371858,0.518576015763975,0.7537126948093829,1,1,camera
0.9878245818125642,0.3548668094966944,0.8469846669287586,0.6214359827341965,1.0,0.6887632447919388,0.42122972702487577,0.44652481356784796,1,78,sensor
0.13756267773637082,0.21463995117748527,0.7824084026530396,0.38016038437580874,0.01955616921056647,0.5726372209485125,0.177436976136278,0.2324025466034106,0,30,actuator
0.9797742153568934,0.5744824180377369,0.8250188843775467,0.4989668472450867,0.366885004321503,0.8150046934529809,0.7369033847407928,0.401082682411193,1,4,tracker
0.7961154874088237,0.6046483535429229,0.7951943076024595,0.2976851282147797,0.02761534568797907,0.6823215852214722,0.527954858147319,0.1791654421578767,1,2,camera
0.5215694059803893,0.6692653918822422,0.7032185449570848,0.30533708751463484,0.016755301500555233,0.20704822055359517,1.0,0.06774029254633568,0,55,tracker
0.9966802489495623,0.8721732196851889,0.7617854088842817,0.328889537788022,0.00788746413978368,0.6803420471990664,0.9306440555837796,0.19312447422057372,1,21,sensor
0.7436269689454891,0.6077990795697789,0.966067484943943,0.6290824718274102,0.04348897269480843,0.9720469756756237,0.15149813158615652,0.5148182716118812,1,36,tracker
0.8678800921681015,0.5322836842600023,0.8593624319485854,0.2834282510716003,0.15599327935525242,0.8053132031883815,0.7007695275669871,0.24320526466434517,1,34,camera
0.9451954418637032,0.3855350847340566,0.8456484165648307,0.9161815764617064,0.19085315183586898,0.9344464610172792,0.09791899803045308,0.7166722510096959,1,28,sensor
0.770135436030374,0.7900662392941887,0.870337728470836,0.4124669891827427,0.23777277422782445,0.8553070687677661,0.3737054040698367,0.3184381709218722,1,66,camera
0.7472882716770551,0.6247920512245626,0.8353308184066819,0.4989689517444939,0.4393505773424061,0.7596872698871725,0.7364588578592791,0.3802081470068143,1,56,camera
0.834676000830001,0.7189559691700698,0.8976906600281143,0.7778133498845708,0.09524909917654231,0.9620230850735954,0.5351470857999596,0.6903223785239151,1,9,sensor
0.6928693486044205,0.5145989201288559,0.9869709618207149,0.4294721142608132,0.2408253110390882,0.38173512940452337,0.20047520401476546,0.16119222579998074,0,42,actuator
0.5968111285383466,0.7251392218288175,0.9110907996338441,0.722201180304117,0.11867836095541091,0.5282781873252277,0.2867970692688472,0.3522380447454364,1,79,sensor
0.7487108250473872,0.22857744370905922,1.0,0.8570856471358449,1.0,0.45295576984012864,0.28977871475031236,0.3783865759219633,0,96,sensor
0.9124448783740761,0.37880127317778084,0.9858787944314747,0.11357033372874603,1.0,0.5287528343176429,0.8473448078385877,0.06895659736619038,0,34,camera
0.46659717314317267,0.9064459965942053,1.0,0.7701388361999573,0.13933162464902688,0.7946159690278056,1.0,0.6245018702906876,1,57,tracker
0.48156070213404145,0.9321274693271353,0.784040076125268,0.724556931542661,0.18730351700930642,0.48218319823302663,0.5202996410200118,0.36944322608902536,1,25,tracker
0.413588996180924,0.9939188609343055,0.9303464225250268,0.6525052516003212,0.12474329396707043,0.43389786174563466,0.7194286737477504,0.29634434966082424,1,92,actuator
0.4566981003605702,0.9271954306324497,0.7825653163885582,0.6319764384754853,0.7266432093112348,0.4364013353359909,0.23947065839431975,0.272398169015342,0,92,actuator
0.181289858350952,0.5043348529658527,0.8986081911964084,0.7738646651971701,0.007195994092456463,0.5312582033933184,0.7615078214657932,0.40370894482778646,0,69,tracker
0.41403112996599706,0.6759406140389831,0.8402107644901763,0.537398223284378,0.03177675149371468,0.5379968394579654,0.8496222963772442,0.2530192485892373,1,12,camera
0.9052949059865159,0.463679506849022,0.9663799226588767,0.5085217832645405,0.5665675690902644,0.5464037262450282,1.0,0.2407669313669241,1,64,sensor
0.9886050200010044,0.3491607729296609,0.8470658922732567,0.6064013022590933,0.6165694532385748,0.46859877670020633,0.5644277793878483,0.25592990488401424,1,51,sensor
0.9559983802955581,0.6906290920222722,0.7532842877154612,0.6766704596894518,0.43684525830150056,0.45706199129861597,0.3734936832988634,0.2509995645779857,1,15,actuator
0.4041637453150888,0.12353538546766969,0.8364661914564755,0.46206336400629977,0.4818665977112334,0.6223439115916283,0.5041129089087637,0.3108910746635822,0,80,camera
0.6540496511678744,0.7899161501148325,0.7745126702582359,0.4694767670798757,0.40959787305618134,0.7748986944283666,0.2680744590629021,0.3836263566109645,1,44,sensor
0.8178232278762829,0.2337779098832488,0.9801974739295178,0.5615405978089393,0.29896591214963353,0.6237485118246983,1.0,0.35460469915372983,1,64,camera
0.6118499904040965,0.7488907766175473,0.8764535751500582,0.11499004130614623,0.10912193126120204,0.9633797423574434,0.5882442137501942,0.12573640114788232,1,48,tracker
0.9275013599494655,0.7805619833709149,0.8333743909256359,0.049440742004847216,0.2717861517100205,0.5938072785717452,0.35992810710000517,0.027087260343570774,1,11,tracker
0.07889400301104282,0.1617366424957369,0.9782781892050384,0.5375613872000228,0.3579737614071279,0.8269261259277113,0.2804667974236503,0.3920448075476859,0,43,tracker
0.8197442538166154,0.41927520149273817,0.9140143958454152,0.47328011894513833,0.537876731805686,0.7323598073383062,0.3948002005026877,0.33602601804692706,1,75,sensor
0.6848809142442646,0.1000303631853349,0.8636297859567329,0.518671239153345,0.0848513434102474,0.7621869088320783,0.19292396576694404,0.3530864690374162,1,91,sensor
0.6534112167978879,0.3826895654167164,1.0,0.7656175562017266,0.2844424803120901,0.8407492132790778,0.159868479586139,0.5886108763180611,1,52,sensor
0.7273746701352356,0.9119528457417281,0.9301164574352935,0.4107975562487465,0.35119291813980447,0.8353651626576778,0.21060959545872127,0.3581140691475667,1,54,sensor
0.7915077097274246,0.5740982717832692,0.7824329083803139,0.14410306488050706,0.30924433245830774,0.665303931797678,0.5840626364786181,0.09024668993891963,0,82,actuator
0.5100749259019798,0.03480647248439417,0.8157462031192955,0.27773197326242827,0.0008650267523199015,0.6531493978377256,0.8822224242221591,0.1900469354580781,0,30,tracker
0.7935410729430747,0.7781483831907253,0.9228291259123856,0.6258490036500346,0.18569059360662615,0.8616364472211948,0.026118910747288983,0.48877744944497076,1,20,camera
0.3538919119200049,0.23296578345349722,1.0,0.652838493620259,0.27377476981274873,0.8531325202907637,0.34837932841715624,0.6247613973064244,0,8,sensor
0.5886249327799208,0.2557460957568409,0.8773525597739209,0.6385567790577916,0.14604950422887417,0.43142022621536014,1.0,0.2688783891129297,0,79,sensor
0.35127638194020316,0.31579984368534836,0.6762845614486922,0.1312044616721336,0.13659500816592854,0.4995026319443016,1.0,0.07416809231867175,0,97,actuator
0.1335498179834004,0.015210809132762763,0.7012238707344434,0.37323107837199265,0.5307106403920947,0.7991578113744086,0.7705037120930432,0.3152571024734055,0,72,sensor
0.8685263703830717,0.30676950121880925,0.7862930317668079,0.36420470538000915,0.5189424943271523,0.601561003060848,0.6464214011234887,0.22645838481741937,1,17,actuator
0.5547010893712605,0.5913231082079345,0.7734557317921922,0.7736788495200054,0.21848175642397694,0.7318076793276329,0.7263351106244936,0.541176305357877,1,29,actuator
0.33292511569099315,0.6378714605928949,0.7982587017757666,0.5759525822481754,0.24681469750516882,0.7544601203994299,1.0,0.5051476914172439,0,24,sensor
0.009941324364974228,0.27836088385134283,0.8286609015631281,0.6007635269913061,0.4788881249294996,0.7492741503845043,0.2971175683073032,0.5020380237843011,0,59,sensor
0.5947183634266876,0.6401679515973561,0.8641183535854757,0.39591260302638853,0.06340451820891337,0.8275617615663644,1.0,0.3366958133497931,1,98,camera
0.8987550621793743,0.7270737561590002,0.7774009026411332,0.44527584755987526,0.07919567055121889,0.9215581530145597,0.6540148136627651,0.33983102850599917,1,41,actuator
0.9074022699581564,0.48997718144877594,0.9584706646854031,0.6559101632794514,0.020042918723945615,0.9486099028192024,0.7156905818960443,0.6304351595291874,1,71,tracker
0.058484304889544536,0.20371560877715505,0.8390800263759236,0.603596483325906,0.5079029308035233,0.6541628991517268,0.4826100369839279,0.47448837075439554,0,45,tracker
0.9465216136883539,0.9291923945114804,0.829396521944736,0.6896565993551763,0.08918748772659242,0.8476894627359333,0.39970025534916503,0.5970478865223913,1,2,actuator
0.6743351077297358,0.7085366374116538,0.9052080511587514,0.6895754838911385,0.15913444727080261,0.8138750226530346,0.2907017638451069,0.48538197350088214,1,52,actuator
0.7398863742233827,0.020889258747694112,0.9172842457056559,0.35632927561454897,0.8764670130014647,0.5943734682764841,0.5697337478796229,0.202189862838656,0,9,actuator
0.9712056791675936,0.7762839519302587,0.9352535968168236,0.36994652656053956,0.24178770027446586,0.6743078397251987,0.4139011222469923,0.2504029643065614,1,79,actuator
0.6797591747667581,0.7130884090480639,0.8630125798336193,0.8921963828270832,0.175977523171656,0.825146934244819,0.7258880759846271,0.7808603329992118,1,98,tracker
0.8040185262106507,0.8824206465704194,0.9096891831489275,0.5830794505309578,0.04843562772233371,0.7920855873156136,0.3496481296399546,0.4926968619211417,1,76,sensor
0.570648513580281,0.6562680741592085,0.6527677604479807,0.8489319166738875,0.3137030652930693,0.5268507666356028,1.0,0.5222861868126014,1,21,actuator
0.319550216497455,0.6390123744917321,0.8251962950217617,0.6326897746079194,0.2625847482365447,0.3579407230244393,1.0,0.22059653258509432,1,8,tracker
0.8014018495443024,0.43076896023420735,0.8154643852642355,0.267335015740164,0.07951045845883861,0.6848575715705437,0.5252348606573892,0.1685231448123167,1,32,camera
0.6141736372862162,0.8107545095433032,0.8934083685821288,0.15679597099394257,0.07939632648901407,0.7960669010367271,0.48291214747456157,0.1352184052816525,1,86,sensor
0.8598848941775329,0.17582160260011873,0.7060573711850734,0.38959699358440125,0.10972623273025164,0.5948382633353757,0.3707634768489459,0.25102919060841383,0,72,camera
0.5144951978638381,0.033558190454879115,0.915120739771391,0.06799007052915362,0.2519420374576026,0.9014913871177465,1.0,0.05963137480238086,0,67,actuator
0.9035250749673048,0.3166024711733791,0.9348508954042257,0.41676078835086605,0.14766383484889717,0.7243733693796375,0.8358726928260118,0.32494053621397206,1,51,tracker
0.4347691997323404,0.10860023456419181,0.869089102438701,0.6295204426738825,0.27442729603244626,0.7301106057394517,0.175898594723391,0.5409971051720016,0,1,sensor
0.6628076735979244,0.8357512959038805,0.7938327397619573,0.42688742749101344,0.6221329218007847,0.6532001952441566,0.4835335013702219,0.2713660318200099,1,3,camera
0.23169449707670245,0.1559825235253904,0.5331789014591154,0.27940552573084215,0.22192610288406298,0.5241207632152448,0.2707834071561078,0.1437646577402719,0,98,camera
0.843047633240525,0.4431192081861583,0.851121755515773,0.8331799968649982,1.0,0.6103342424898354,1.0,0.5934952667271618,1,25,tracker
0.9709487815464111,0.6923108518085583,0.9057306965713227,0.5982174213838929,0.08603560997417717,0.4723066648255087,0.629973715632591,0.23821606023601224,1,24,actuator
0.9524116437159944,0.9856936586018241,0.8341117734872161,0.6534203035553497,0.49375241662271696,0.5671117338849698,0.31828055905859626,0.3992706734075267,1,17,camera
0.7926298540084401,0.5039250261339576,0.9467295485774581,0.4725471402201372,0.3349685099965699,0.7973067606342354,0.17888655470242867,0.31069839858877957,1,38,camera
0.7000490271860159,0.5482960159054087,0.8693241065640692,0.19137786081417507,0.2650534422302822,0.8013532958611408,0.5880906583571252,0.173982255872376,0,58,actuator
0.970990182812083,0.7616056229619155,0.8371669723810039,0.6733137244069631,0.8295801169759969,0.4033243300454587,0.7610988441062151,0.2567670601592637,1,60,sensor
0.9870428546151868,0.7948045307920699,0.6712752494912125,0.658740736785503,0.6384598517841558,0.7226926714928422,0.0714093576282253,0.4245783371946811,1,60,tracker
0.36909224628150517,0.6816740099526548,0.8245306111536249,0.7418332679521782,0.5890024143892718,0.43755054958579503,1.0,0.3412058361416751,1,56,camera
0.3555172358332441,0.7883210926901267,0.8890441953419425,0.17592043535041746,0.05359363276483906,0.8729059730840086,0.5893554613864292,0.17643864765623912,0,89,camera
0.971688265278442,0.4438780889040067,1.0,0.28678335159839824,0.03019181061256677,0.7469061976155131,0.4914624951263745,0.20758867642435266,1,24,tracker
0.9590019416422856,0.25546495500393934,0.7636861930423248,0.32372398280861786,0.014186906499333529,0.3678393986302354,0.4989546409200667,0.11235464146885808,1,70,sensor
0.6784957062097283,0.9852609696848136,1.0,0.3355156650254218,0.4381494163737399,0.710189559230853,0.6881196435182457,0.2010379678414684,1,97,tracker
0.524014659730054,0.6541287425192909,0.7541880657906301,0.7620051472997932,0.04562309392454295,0.7336108625056448,0.259850017978372,0.5408104073819214,1,57,actuator
0.8194255314926894,0.514449155881945,0.8129572995224063,0.27007347532788395,1.0,0.5370301611114157,0.5193175619523062,0.12955941548396863,0,40,sensor
0.7235096070319169,0.4473911215151811,0.9588663888105593,0.5129230257167822,0.03756935517663647,0.6436080364094943,0.32688887502818004,0.37686607618847284,1,9,sensor
0.1975035855684823,0.5039722875437219,0.8415244517247947,0.7254567427001138,0.23146183388209102,0.8618231547903783,0.0423355748256574,0.6050537064093391,0,4,actuator
0.9105060763179608,0.6056209671465292,0.7693322219897648,0.7606736784038306,1.0,0.6526318308481494,0.13547199685499192,0.45897272766049463,1,11,tracker
0.3228347141215797,0.6854145087128709,0.9890375751421256,0.21038138019976443,0.22372079196909028,0.9023719734672129,0.47564432077191027,0.17393299257811434,0,42,tracker
0.5117216906465758,0.8493246055518009,0.8533270707246695,0.2907532941603951,0.43623281119715945,0.6335820721734159,0.7566970194786026,0.21264322897383395,1,42,camera
0.3695161694452365,0.9588631348468788,0.8128667862542782,0.7117015811758757,0.1741254685559666,0.5844202163517072,0.645676247337238,0.4284851571774828,1,12,sensor
0.2589573063331537,0.04484257931196646,0.9040512913692691,0.8666579190778457,0.4021633811236285,0.5757518072607593,0.4758564412005479,0.46810872410857507,0,66,actuator
0.5195976066159432,0.686588021052713,0.8270707503451932,0.06865755384773094,0.6972714702508984,0.7218281260350033,0.9375231038943934,0.05738078131259731,0,24,tracker
0.963062536139715,0.8774673822816791,1.0,0.5337937240791559,0.031933541908500444,0.6709254328858272,0.4344551110408636,0.30258121058143955,1,84,sensor
0.4690038188421741,0.7474000934026868,0.9497293618666974,0.330101623406455,0.5992189571766809,0.7670029613275016,0.15814267037775329,0.31530691624627705,0,64,camera
0.9662539877839419,0.09283527166445887,0.964949041574187,0.8204967544765335,0.21225113094617085,0.6393067053758115,1.0,0.5607472070821576,1,81,tracker
0.30092539954613917,0.9914906205878548,0.8054325571050835,0.2165090566758281,0.1396897610581174,0.7747182176147845,0.6948467370142272,0.15989551700045818,0,1,tracker
0.34059577164462046,0.4680619519883835,1.0,0.6237003272544501,0.06407554668254453,0.42279972420733053,0.6368410426247698,0.23836688853829144,1,96,camera
0.15581471693152096,0.11322095934018725,0.7581812824455588,0.6243705383196635,0.7313432327549856,0.6174964916475677,0.6210078366827279,0.3665367965089629,0,72,sensor
0.5403039271980715,0.8632245366302989,0.8168382298741815,0.7949673326645081,0.5071709881071476,0.7973801834193556,0.558313970864215,0.6371905162410533,1,14,camera
0.37824280832667034,0.3331600971191076,0.878791415889899,0.7658422060131826,1.0,0.5821634001205135,0.4753876203063224,0.38209185947320273,0,35,tracker
0.4846776577404014,0.5364079269015348,0.7145424184858694,0.7464919318137979,0.30005342308009403,0.48270983060848655,0.5004307833954014,0.3535297454454195,0,39,camera
0.9565518912004188,0.902593511653112,1.0,0.5937178825078594,0.1181461677041499,0.6297492369314266,0.17506461418065056,0.4055220695766946,1,43,actuator
0.418116047337027,0.4837114850442675,0.7090690948273657,0.8427889760967875,0.08857419213782282,0.7825395627296082,0.564587276820164,0.720663877369349,1,30,camera
0.5741401250618405,0.5744322331258941,0.8661489879465125,0.11320391232382657,0.1792664968135837,0.9382519032466918,1.0,0.09988175111370044,0,45,camera
0.4020132988800545,0.5884785546389885,0.6692354648965986,0.36718965903899475,0.03271025807464766,0.8453966195831738,0.12484738023505579,0.30506039624371467,0,20,sensor
0.8251641394044507,0.5268705664458881,0.9423970152652617,0.04864579405432091,0.15063182680544668,0.4549882597456707,0.3483360332021675,0.025455683132138338,0,57,sensor
0.977966256983804,0.43518696878256424,0.9520630721175637,0.4249153826671513,0.3220371150158495,0.8722113613733282,0.8133883600810037,0.39076595445112833,1,4,actuator
0.680035854561594,0.44013016681256545,1.0,0.880611248816053,0.2290771623148345,0.735994813991168,0.9814023705939661,0.6759479686122148,1,6,sensor
0.94894292885394,0.9434302576901473,0.8626486973731318,0.16962344851123012,0.024576214803159385,0.434113037016041,0.4468052875026544,0.07074678846414968,1,41,camera
0.720629034072404,0.7235498140491056,0.590139983201185,0.6944330050165702,0.225468396539033,0.8384187842835253,0.7540290577787314,0.5108876897104138,1,74,tracker
0.3727172656085436,0.9873664994869576,0.8417209444000355,0.321303605146723,0.08817313521564787,0.8047414752801703,0.6165106159789958,0.275095341934588,0,92,camera
0.8861944183948008,0.1512257780850828,0.725519307585889,0.7438652031470603,0.38518392590027734,0.8345525078377188,0.5424166063716304,0.6776905131933576,1,42,sensor
0.2784519986845459,0.3751819122409329,0.8888802692643893,0.627735582196319,0.5079902015995794,0.7845772217759098,0.3258442292583928,0.5771128682569057,0,96,actuator
0.4484411142486019,0.7161783176381914,0.8909171469374397,0.35428562306920464,0.18551318606923659,0.6119172598214998,1.0,0.20825138479573316,1,18,camera
0.9769982941059995,0.339204417082244,0.9136086916870518,0.12379006301988696,0.7493392564714905,0.6404935685468748,0.4318762352564502,0.08234515236503366,0,54,tracker
0.6766206399491852,0.3709685812904847,0.8705270581809149,0.8297051792809897,0.12746788096715048,0.8802008127084079,0.3368054979932525,0.6910719622002097,1,75,camera
0.6989808556198831,0.28861658795824763,0.6845272192086325,0.8408758554677475,0.11229889567249551,0.772377720623239,0.3202655072496291,0.7023243648930658,1,70,sensor
0.4008086011901076,0.18396277356576363,0.9420121986971217,0.4784719497352166,0.17002272943606636,0.40119107204609944,0.23880096415790564,0.15510933369903818,0,89,tracker
0.5321416639661921,0.9186111131155251,0.8278356483047955,0.7042590740907057,0.15935064576860855,0.7503887097574876,0.46559041851106414,0.599653563313543,1,63,camera
0.47284789718182585,0.5639432657122121,0.7817561813939207,0.5802151610665712,0.6681710663331005,0.44876660749329517,0.8899159366744029,0.2558682341384137,0,7,tracker
0.9143908105486472,0.19242360205586354,0.8068821881550293,0.5254982241115924,0.3223793420100708,0.5814455137877174,0.7869948630827737,0.2877700164531523,1,88,actuator
0.2335161818045713,0.03657899902385492,0.9196889955741331,0.5880718832633539,0.32764413500731565,0.8986484434043611,0.7350259207564176,0.5682992338500967,0,7,sensor
0.6782569693075964,0.5587140344095506,0.800083365670672,0.29858336518639067,0.2086441596798872,0.6348208482740754,1.0,0.19133627106120427,1,41,sensor
0.729085148050757,0.9794355593592182,0.8532411812625148,0.47688546445514135,1.0,0.6275803977916004,1.0,0.29103248525098413,1,97,sensor
0.6453230886733318,0.9445519337981443,0.9668835764822885,0.5579206608140062,0.7467749865406631,0.28551003311650425,0.5248112045685984,0.18755839631281648,1,80,tracker
0.8449959595790627,0.8463705136542078,0.9714828041927175,0.7853352379043693,0.24980117957786124,0.5993145232220126,0.4155798635891268,0.38271293357190694,1,30,sensor
0.7156990659938466,0.20626135771255574,0.9518074102208551,0.8264023151767965,0.20993411802581652,0.7405208851912388,0.3645048232258413,0.6741996957242443,1,31,actuator
0.5213948881934513,0.5389736198397088,0.7874829473275928,0.8458372075592577,0.6731781361493748,0.36116619866036187,0.19627339356981796,0.3298162646997489,1,97,actuator
0.924052440458447,0.8766538544797725,0.9293027857460947,0.7175761502564038,0.03848204550433788,0.9646004815178779,0.13376790774456138,0.8225833848849521,1,91,camera
0.7993635349586431,0.47615530687564916,0.9110347312242417,0.40982241235896794,0.4688361868739788,0.6060649499512851,0.09512760361291502,0.2839338231557815,0,52,sensor
0.5733650868929867,0.9872366192207274,0.7993876263978017,0.9506061959438838,0.04970287401226094,0.7858942830371132,1.0,0.7961060454627189,1,15,sensor
0.22651495362627494,0.4267294960275887,0.9102002810020513,0.3296386296869991,0.09958134217637962,0.9244537151602508,0.28824015086059,0.3321529434451925,0,1,tracker
0.9332192250025643,0.9452549219837098,1.0,0.43063441789482254,0.0715397296071932,0.8842094996865435,0.3870782307434239,0.3822675436313943,1,35,actuator
0.31830269993378113,0.7399633135613964,0.9950859066507551,0.2438359569014061,0.0024004526592463498,0.3479938417898502,0.5442747650559772,0.08087196422433811,0,20,actuator
0.9394526002947292,0.9739046467767078,0.6653576536567781,0.5885230781519907,0.24082030531175486,0.8665105964725567,0.5421347006946176,0.5370525083094335,1,43,sensor
0.4572221563182009,0.14114405119787382,0.8642703599680812,0.4955882889564921,0.3288155165855852,0.4386582962055099,0.9684497042647756,0.231739884408631,0,37,actuator
0.660855247359357,0.5112738599111806,0.8703074911536047,0.6829647960969965,0.17352287520223658,0.5468489023169217,0.25570674624765277,0.3948059478067101,1,3,tracker
0.555183139594693,0.9582848523129166,1.0,0.2114074859529377,0.3841854374112536,0.8138418912764886,0.5320628003425631,0.18199423014175947,1,78,camera
0.9936592718708066,0.2608343909526892,0.8901844151626845,0.3426457528941465,0.04963022107015419,0.5628669901704765,0.133364826671639,0.2118754003075685,1,6,tracker
0.7109397415151302,0.67750470315218,0.8958831240120809,0.13300804689368997,0.22834035633548408,0.8530503266475705,0.9430859890843554,0.10305500552193644,1,4,tracker
0.5895822798458786,0.6343312923590152,0.932008205868381,0.6903530682079786,0.16929975871269926,0.6326551049678315,0.45743405862198966,0.4061689013392329,1,24,camera
0.8665194202834874,0.8769788805619685,0.9251749229452131,0.023296112973717937,0.08678148732848238,0.7969340764230946,0.10248990505373083,0.018901491295421242,0,49,sensor
0.9297610507196454,0.5801626062011703,0.8882754302338267,0.6237750161492235,0.06644830942641324,0.3518778730664961,0.4680365947468394,0.25545794079230805,1,78,actuator
0.5196450132569999,0.6284234091937885,0.7448826109590574,0.6112636521186502,0.03872359285353617,0.6799641437268934,1.0,0.43492609788347514,1,22,sensor
0.6498858800497544,0.14738038627549807,0.7692094369190315,0.3355048033238196,0.01955517393073423,0.8449854824087475,0.13139725765493301,0.27523703288072454,0,88,sensor
0.8582239468940152,0.8610011404244128,0.9016164327960972,0.5302801928830273,0.007817090803880659,0.46557133570250847,0.9868578921536798,0.25287383418153647,1,74,tracker
0.9448001578860332,0.4670330246342483,0.7979472423067404,0.24051769867205117,1.0,0.6887823134315623,0.9586509881948108,0.1491968775203837,0,89,camera
0.2988543406998949,0.22175200752665566,0.748727773545197,0.7678361986932016,0.11752426748559433,0.8304962199197126,1.0,0.6407566111866478,0,91,sensor
0.4917420488329506,0.5596249902525124,0.8741827924692267,0.37344772845723073,0.6844434387850467,0.4579049781480716,0.5286787249903316,0.17903237590932528,0,60,camera
0.8829487488662349,0.33668473694522244,0.8708247457889354,0.4573596587736334,0.010116625635566059,0.9284636490776479,0.45077344756536414,0.3845451803612259,1,25,actuator
0.38055982238639724,0.8700894578610215,0.9055567962784906,0.26107413021242315,0.017614155621343403,0.6973857605044754,0.44364815659448237,0.1805479378668142,1,92,actuator
0.6434018416157272,0.6978527289067187,1.0,0.7081357524235106,0.1446485425185957,0.45112192650388677,0.7540050588124197,0.3080647169666551,1,32,tracker
0.8179567241783475,0.5775139764275086,0.827763082113574,0.3295478130929963,0.09574185787551856,0.8782915505687752,0.19408578915585542,0.3278370599467773,0,61,actuator
0.7030421696391682,0.9195695654131233,0.8631500354784944,0.8618454453781808,0.2436738625081742,0.5210744147275476,0.19348103253176527,0.47376275092283854,1,49,actuator
0.9405441914470728,0.6903961849392345,0.977619229974054,0.49996087048831295,0.05217996452100725,0.7409236686251179,1.0,0.4362267256232341,1,54,actuator
0.8443207265717636,0.7825991523400164,0.8053063651787624,0.448340943955613,0.9110532438904586,0.21607789109154676,0.7955490241568931,0.09997165421474291,0,71,sensor
0.6161566791962185,0.74452027360316,0.7940447998655521,0.12119072013784887,0.3754961637799611,0.7006779237599277,0.9964741689244327,0.10083574895361191,0,46,actuator
0.9773183706220084,0.8046005361879384,0.9225496914364709,0.3938474463571874,0.43444611215871165,0.6239398527293198,0.49972344304878225,0.23641350163233493,1,73,sensor
0.5767545764822936,0.8623171581265053,0.8674924330518106,0.5401920509294434,0.5625467742508559,0.7836989421265578,0.772364255274772,0.455695764101192,1,80,camera
0.7878147114459743,0.8127579670157999,0.8698487982493961,0.5806317847959614,0.10290484541894843,0.6332625653100432,1.0,0.41177190325916346,1,76,sensor
0.9642595382057381,0.9660713238912964,0.8078612858942933,0.6522433065322797,0.18473681977897544,0.3974621762014188,0.6295487393950742,0.27773009522941194,1,41,camera
0.9855175286968209,0.3848177912437773,0.8129083886729778,0.3765461465179687,0.1869083249651859,0.918846526547043,0.457047645156235,0.38222555338953595,1,72,tracker
0.4419694246627728,0.7350250012498584,0.8129155729642233,0.8197909256884532,0.750588958472574,0.42749014235539523,0.46376776140333353,0.3094419848557953,0,75,tracker
0.5762146762038635,0.5608767295381688,1.0,0.2692017664283093,0.25034812892787306,0.3029647455459062,0.6585373938876474,0.07965736579970797,0,16,camera
0.5080337301251592,0.6595175738946871,0.829887636754101,0.16612504063634637,0.35777849246505383,0.7571426912476118,0.3553502141386546,0.14693047555587382,0,94,camera
0.37573777834898103,0.5638798463525816,0.6186909728517275,0.3013380258070334,0.965598587909507,0.6684459827581178,1.0,0.18853226766901107,0,21,tracker
0.954403120079809,0.6322748925407109,0.7333121292433028,0.5550176454086236,0.2921023464363153,0.874406090554153,0.28995568053951404,0.5401619909682682,1,16,actuator
0.8517538672764109,0.7217785135466629,0.8361259595472048,0.5224416934568815,0.027028852622291398,0.5921707977518382,0.5524279466779302,0.2958307960881957,1,6,tracker
0.7093830544513676,0.8982842277044161,0.9183316046085128,0.24786915793634398,1.0,0.6822204653452627,0.9160241470547998,0.15847649890149265,1,6,sensor
0.22151212938431122,0.35424398769400095,0.8708871921907593,0.2346871801028325,0.056861113210282324,0.8048889863369656,0.23235280300585223,0.18608802513025421,0,77,actuator
0.7212070209141803,0.5753924579478069,0.971371557545355,0.5639915298472689,0.17437486694997495,0.83957618871591,0.1498665988459936,0.47190622168517726,1,40,tracker
0.8151293395266938,0.18001168066018616,0.7561005608669861,0.3214792544585204,0.20507999449558464,0.7474432234869985,0.6149486182071924,0.282982965256821,0,34,tracker
0.4834854919189963,0.3982819081893415,0.6985870156561866,0.6014666856900442,0.3444313155528196,0.6352968986399551,0.44388957374760374,0.3759828850843829,0,54,actuator
0.15260632889542458,0.19651364319832332,0.8801530471856496,0.24453329754895148,0.5428271526158237,0.5077808490370664,0.46579447221294407,0.1588473578902776,0,12,camera
0.9180461610131603,0.24099692301662873,0.8081713202509009,0.5244741018868638,0.6867307321703695,0.610481354249429,0.5485996062689654,0.2514379417737085,1,46,actuator
0.5172158250391847,0.09404655086742685,0.7416098598831034,0.7001696613360098,0.22496295516077947,0.4636630404268005,0.518813920007174,0.33414367489772556,0,84,tracker
0.5899541938518859,0.980217017488126,0.7320108214500906,0.39143543252918395,1.0,0.44537081729346406,0.7467022976266974,0.18391126015493472,1,17,tracker
0.999546528685597,0.8614481947872601,0.8823434744626032,0.4458541696508063,0.34429415711930755,0.6944785501416644,1.0,0.3182271290304976,1,6,tracker
0.6364577159432648,0.32013822100946904,0.9182433943646291,0.7692216389776662,0.15625782983780062,0.7374914890574439,0.3475895243499227,0.5806842729730419,1,5,sensor
0.28908843576889576,0.3130085653131494,0.9536385440171689,0.889569157904293,0.039808451858881426,0.7738199972259109,0.1791755975412977,0.6449767829869504,1,42,sensor
0.3130015321096366,0.21946729060748857,0.9614654157915763,0.49296590827329184,1.0,0.6253693932371887,0.24095937272604978,0.32616379187769556,0,88,camera
0.7431086363310466,0.46988975529594756,0.7778371090968825,0.2593116295731506,0.07871335166328519,0.7534118852854396,0.3067576672351058,0.21631698354505263,0,64,sensor
0.8504692074942412,0.47262592160373657,0.7585363718219102,0.4398115594096537,0.4444167842628869,0.8518536791002616,0.7496878684067227,0.39099861921319284,1,21,tracker
0.540877162410503,0.9408863148474935,0.9196932937102961,0.3396739041470048,0.7706676496263345,0.5465459188810825,0.34333503808818105,0.18230279893567158,0,30,camera
0.6598171074126425,0.6185819624508959,0.8818471946123605,0.2272354644846596,0.16112046640085276,0.8082031419730699,0.4787822763129006,0.19031851450643053,0,19,actuator
0.8292682341774981,0.3922724059985001,0.764073144116877,0.347454462408135,0.24940789913322775,0.2737975995528378,0.33786573218915916,0.09362031748125402,0,61,tracker
0.5493126837086407,0.25326781937221443,0.8770602505967237,0.6406259115057137,0.0915399086185195,0.9658558403745502,0.18729917375219315,0.5763511638108602,1,80,tracker
0.9835959814551792,0.07501165288539909,0.9027820811439133,0.5682726607367381,0.11620799959180288,0.8947880613970933,0.4811767878391551,0.48868021547521306,1,22,tracker
0.7001421293111858,0.9031022656290157,0.8676746082382759,0.4541717201264431,0.013736327010538323,0.2656948887420217,1.0,0.10774366328971015,1,61,tracker
0.5592832232049628,0.12521761667216721,0.703100981752912,0.24181232569555042,0.8946287399591579,0.21127892464326078,0.806408161171879,0.0545253531781199,0,4,tracker
0.8139427150461949,0.8840168678520363,0.8251453907831116,0.37074745223100175,0.3133203150886903,0.7089154741539505,0.9641697440952945,0.25634324888981885,1,29,actuator
0.3797783766879907,0.9562206871283311,0.6664487882671098,0.757161648498167,0.25892152278718805,0.8524390087041588,0.40581227624116817,0.6273607382664398,1,18,actuator
0.3727447017702804,0.571787738725032,1.0,0.1787555545995811,0.1585101335901121,0.7878856364485715,0.5245046335317327,0.1389748263297698,0,8,tracker
0.25429004834832936,0.5138606888851092,0.6468008305184806,0.4485592460798464,0.05452136674715573,0.7412955887623814,0.2424900737813362,0.3163134928727467,0,13,actuator
0.8589945806938523,0.6775015661461121,0.8357434106328832,0.5081987981039673,0.31753068630407183,0.7247749743866531,0.08494749623870422,0.36217346854916177,1,60,actuator
0.994319160246668,0.8024475158647544,0.6740751948530922,0.8798029140654527,0.08433691073805161,0.817599386177344,1.0,0.8625431209259715,1,46,actuator
0.674276161804256,0.28413627776677114,0.9180039535936667,0.48752351527643145,0.4404524970236331,0.8185131703646609,0.7845852021400357,0.40804528995488254,1,36,camera
0.7006179669158037,0.9546141900716522,0.7404986867968559,0.9159398844769421,0.13374054380856246,0.6601223047055784,0.01251850643847512,0.6289970046221535,1,35,actuator
0.8307022682609142,0.9401193580106524,1.0,0.896126967281585,0.2079269518580072,0.8185126030964838,0.6756380131615386,0.7157327034233983,1,19,actuator
0.6899590956727482,0.3959445204067285,0.8807518570729604,0.7220600529578355,0.7889743910370978,0.4015465610355116,0.16844069913419205,0.28378245318491124,1,56,tracker
0.4632255950414744,0.39260203896679824,0.8462013553500753,0.6525756083214979,0.061662173695657053,0.46930818811113156,0.11680671372018672,0.3185284942887277,0,59,sensor
0.5720148043021566,0.2800158129528649,0.7218907779269712,0.581814981553495,0.29887013003161766,0.6572688297850394,0.38641383464812956,0.3589047452535754,1,56,sensor
0.14037717920748372,0.22772555857666468,0.83459767205851,0.8339898720718533,0.19697586497941774,0.6857717151303381,0.08466705184939834,0.5404222014323796,1,2,tracker
0.12854441035236125,0.0941888694677937,0.769155727020305,0.4403135979655059,0.049423745896762815,0.5860646959653583,1.0,0.26299950765437746,0,26,sensor
0.4898470248535032,0.08478473274514378,1.0,0.20793003480463404,0.1286327476215466,0.8792132162400681,0.13093205844818123,0.18576194687505623,0,39,sensor
0.7773769035982092,0.05040932212940519,0.6948394538557779,0.7690611483224806,0.40713176806771,0.8000251485789674,1.0,0.6736245816883453,1,10,camera
0.9215781095914278,0.8361970351735688,0.7250735239632742,0.447067953365536,0.19401447498557217,0.9058517915906438,0.2771357395489346,0.3865257883818205,1,19,camera
0.674172796457703,0.8579300727566815,0.749955936044735,0.5889828811600892,0.8394594365700536,0.2063816020326151,1.0,0.11456953860686481,1,70,sensor
0.6904813742171059,0.8632601834368794,0.8564353968541232,0.40129554742385526,0.37426860823343977,0.2142497402517176,0.10204599049740891,0.06800649476412551,0,41,actuator
0.35858060838680483,0.7669694870346351,0.9643448636197194,0.332713280383748,0.43564933987169907,0.74918134961774,0.496494023152707,0.23975157442475498,0,3,tracker
0.6830565238780055,0.37730325773630347,0.9445002623326972,0.5919514517245165,0.7217677441443688,0.4685766237921931,0.4882223356744144,0.3107616723160615,0,40,tracker
0.43594298053920655,0.9797440402291552,0.9077406651389669,0.4113256987786284,1.0,0.6239677827444697,0.43940394262906807,0.2583747048404859,0,4,sensor
0.9588578160167525,0.11800046451404163,0.878538094354892,0.14742831984938887,1.0,0.5993021455102261,0.40257609622600143,0.10747691956142899,0,89,camera
0.5312521441362804,0.23684620002386508,0.8404576086410182,0.6606896692034777,1.0,0.5255964590828353,0.7964802070311324,0.34683339904249316,0,9,sensor
0.8881578718210166,0.8848382934459178,0.9790800385545801,0.4701766806408999,0.29365580068981467,0.34419960375255165,0.040964368842765435,0.16852395534502915,1,19,actuator
0.8532630138302588,0.16806610297027685,0.8299957085997324,0.4391542258970693,0.4820203580385215,0.7432644969590911,1.0,0.32315016935401236,1,32,tracker
0.5816841784588723,0.25397711620826596,0.818380707401705,0.41490869851212614,0.1834125057593306,0.6037162353480892,0.26535609499657464,0.25143803580776986,0,33,tracker
0.3236314366284305,0.4384206640773304,0.7763652709232844,0.8499759151980143,0.5098032005289465,0.6019077798559171,0.21973421262820905,0.5209888418225317,0,65,actuator
0.9177700153555898,0.7023399247763548,0.9323485769712634,0.8903794774978742,1.0,0.29098684148786186,0.5978043507057089,0.25306646830821794,1,82,actuator
0.5805558448223669,0.27256324128513476,0.9291267479476516,0.5766061939076035,0.4496584319612659,0.740971380155728,0.25766120395064496,0.4169871452812875,1,58,actuator
0.6597313557481521,0.4057971463005608,0.836004622925854,0.6310538256265948,0.09026775492732451,0.7613124391818299,0.3535217645441299,0.5296887026224248,0,1,tracker
0.5876961950141654,0.655648772658718,0.8540982237108545,0.5068056741773534,0.3747625734728546,0.6525604760793692,0.41656837670882957,0.3357909317915931,1,68,actuator
0.885679267060364,0.16871441515611452,0.7315192680611456,0.38223279992676906,0.17970940190677404,0.9065692341799927,1.0,0.3348685836872718,1,39,actuator
0.9257947847139475,0.830604032702419,0.7463372210136318,0.43746539080377933,0.011904107104396735,0.5774952287212766,0.8741320572661209,0.2749063842314806,1,80,actuator
0.9706146897666473,0.35738961543828685,1.0,0.18853970176956794,0.029862607753726633,0.9134549753588217,1.0,0.1648871403173406,1,60,actuator
0.6994545310785123,0.5472887829615001,0.8425356020915772,0.5171257871072381,0.04644166410202001,0.877422240323276,0.2017763797410612,0.5438264000962557,1,33,camera
0.4908878492905796,0.7335741235173341,1.0,0.5771034103161307,0.18011416376313147,0.20928488432588685,1.0,0.13382038864586357,1,87,tracker
0.47012298391864993,0.7941201990042644,1.0,0.4606119456236569,0.9028167685656129,0.34089150136319046,0.3429378415773059,0.1772247597562739,0,64,camera
0.9878675027080799,0.7037819611595113,0.9460663822520696,0.34010684081185105,0.20175364744064356,0.9115116379092808,0.597674811019974,0.35152468720589847,1,80,tracker
0.6489698546705092,0.66295828884436,0.7697819923145826,0.8837553418561379,0.6999501685744417,0.6916379496928512,0.6009210165681443,0.5335255611190294,1,11,tracker
0.29306402582471824,0.29974778294018223,0.7760387718222076,0.9266946484382229,0.0910764617484559,0.8364705339274766,0.3703545108482163,0.8778092815766039,1,42,actuator
0.5961142285050663,0.11109399426289225,0.9056358669405326,0.650550262698292,0.015433285998287869,0.6806117738555822,1.0,0.38026403219379457,1,34,camera
0.7615672633553826,0.3795383985364533,0.907481279672063,0.5089166272187207,0.63832822880152,0.7743983637152887,0.4776984531560505,0.35111626215369424,0,47,sensor
0.8975426624130285,0.751252423797701,0.7163954054466173,0.8039088489338122,0.10559370870082348,0.9589775539386172,0.5429592724479212,0.8257121144302157,1,67,sensor
0.6630039471491826,0.7191144954250583,0.8337606539880724,0.3003518780631842,0.10773371602446258,0.7942283921977584,0.5249772555993024,0.26174114114814284,1,51,actuator
0.6102280902379068,0.7252704778225609,0.931950356818569,0.8978598206877095,0.18615956702430073,0.6764546657019861,0.7168307005173346,0.5222882252809632,1,48,tracker
0.1766445475366182,0.19420239110023035,0.7442182053885902,0.2283351288227987,0.5219207591783759,0.8371491315267718,0.09182376236924653,0.2569754893622136,0,7,tracker
0.484939296894616,0.7191780516617357,0.8765348607122614,0.4804150453308795,0.019809410038619572,0.5891387963992499,0.20977410698084498,0.32155337433737685,0,67,camera
0.6382322411772215,0.9790478078899245,0.8505605245755367,0.6515042735939431,0.012933848835805917,0.47463337564067204,0.9228901846173612,0.3040471423570258,1,45,sensor
0.9218835312977876,0.16940919867051416,0.87970676807801,0.8727576772668707,0.08301253185869659,0.9665093033616644,0.06304684023697835,0.8860282665142767,1,95,actuator
0.8219935815303635,0.9040998329789783,0.7295877962708683,0.8173973367436178,0.10303927951314615,0.42745980049296417,0.6767893837463531,0.3665040490797124,1,66,tracker
0.5860021408796751,0.5133690005800913,0.8633976403796452,0.45257981867809566,0.1738268068112048,0.7376252163408555,0.3493070968596201,0.27832540061463346,1,83,camera
0.6126760260047803,0.25705578431317855,0.9439698223850669,0.48413033146066564,0.011572348041391522,0.9873433731789588,0.3850546241261727,0.5059648535753909,1,2,sensor
0.4769502075798429,0.9445547338122721,0.8423436858991815,0.48999287523765817,0.24871734690279296,0.3443445108267734,0.4653235148711715,0.16341233441582723,1,71,tracker
0.5426585973406063,0.49446750876965667,0.6464237632734166,0.5163426913734093,0.2665388662071857,0.7830490454513791,0.4242634704061662,0.41668783843295926,1,79,tracker
0.6167483750174455,0.3241224057305344,1.0,0.20084377076386634,0.22556755668816947,0.8395502560339516,0.6462283489166077,0.1614469841552197,0,18,tracker
0.7649131384690366,0.39630217200000717,0.706291868299771,0.5460109237544009,0.7322586381989439,0.20058854994249808,1.0,0.09201038767810128,0,39,camera
0.9310835418749412,0.44797519171701955,0.7390398300355518,0.9369879095198028,0.7698722820885007,0.649783707977595,0.15484333838072056,0.6609540567426903,1,86,camera
0.9498750912295896,0.7868878198004724,0.8573477872243556,0.7017619122478297,0.1371524109270553,0.3001861646335888,0.2362388200664736,0.23356646473502746,1,89,tracker
0.6110550812102142,0.42867575452941614,0.7853236533485659,0.8599106457742745,0.047879628123170884,0.8008353964852851,0.19091976683619324,0.6532301629126421,1,9,actuator
0.19321602880061808,0.48536029615650383,0.8930086116547976,0.9461666040894366,0.2288887068488953,0.9160795931126356,1.0,0.8862022582638251,1,43,camera
0.7766856935881143,0.21014860577335234,0.8798191818786311,0.7927764428858951,0.13864247580358766,0.9415472605813218,0.5766692202585549,0.852238026412897,1,72,sensor
0.4499215815045476,0.8117597439843924,0.8637479852869571,0.38209128748931237,0.5627905617993912,0.8238818139990636,1.0,0.35679118042628594,1,73,actuator
0.6572551548222644,0.514680840918837,1.0,0.45578935486643746,0.8874879262154807,0.4372288837302596,0.19513919093117513,0.2019216852620883,0,28,actuator
0.5737626044450913,0.29115958653034446,1.0,0.3485005222546853,0.63533046184945,0.2557496235561419,0.189682722261793,0.0898343772006088,0,71,tracker
0.8654041559289642,0.9572784946117435,0.8835729811392088,0.5458024621157006,0.05140412321027377,0.857322952985156,0.7691966101118072,0.48353475469826934,1,65,sensor
0.781637040531628,0.7276730236743543,0.9041452622429145,0.28017320778509147,0.16816803824566082,0.8144813205123274,0.7902606764284271,0.2120121020316907,1,6,tracker
0.3920000774168765,0.5607844085220574,0.7147703060499363,0.4419585311702304,0.05548609131790042,0.7848950624679011,0.3323398755572485,0.37105208646687154,0,11,tracker
0.7823634790631029,0.9675659053481369,0.998723602283455,0.16704825849762403,1.0,0.6590662546713112,0.3282482873822472,0.1032914695901003,1,52,camera
0.236580318865624,0.2145033282488354,0.81082572299612,0.4636635878155803,0.23042381269156884,0.6161874507074472,0.6093771898459356,0.3111177334368022,0,30,camera
0.9552883840991753,0.14054738531280822,0.8318769763326951,0.6131543924251619,0.14592313773074644,0.22446017535860263,1.0,0.1281855892531101,1,88,sensor
0.9602718720553881,0.35472643373032536,0.9547009798606433,0.16860025024497904,0.4087356091351915,0.5161397838591515,0.39971945015929294,0.08029919798257736,0,33,sensor
0.7686286418479191,0.8565136783215199,0.8023160210919111,0.8879189148413102,0.09190489208245427,0.8088575177005877,0.9014631665652582,0.7379324012191439,1,33,camera
0.8298735649151581,0.5296020305286109,0.9119274514742042,0.6725113433525366,0.27228448460274335,0.6191485905882861,0.4421610865961644,0.4118260655999175,1,27,tracker
0.5718069413241736,0.7908055459279029,0.9184783270417518,0.624080856215615,0.248224211826723,0.8841229809359189,0.7141164691265548,0.4975448074767645,1,16,camera
0.23371370607467473,0.5404269517851927,0.7472615945251438,0.41573036726820506,0.0009764632846325993,0.7806005392121479,0.1852876510305397,0.2613401791625509,0,53,camera
0.6978381818558244,0.2877168509722471,0.9691346609924285,0.7977304148161783,0.1122404035930451,0.7620983594644061,0.411403123341295,0.6774562511777464,1,90,sensor
0.8664391954733947,0.5810525962020858,0.8288150702018058,0.40969478804677434,0.1611300183023942,0.7155829167787408,0.899096629987594,0.3179559481232835,1,25,camera
0.7023932072991397,0.6856781133424611,0.9267014411333006,0.3143074251770758,0.12034626271261468,0.9455581644076655,0.8130108956870863,0.3223707933345222,1,88,actuator
0.6918772653173573,0.6425970559961132,0.782111640277867,0.5583791184133741,0.5100292866577671,0.5250074811156219,0.16061004881525703,0.32999228505115275,0,3,tracker
0.46700729559202836,0.5267590734929448,0.6609533834807978,0.5237889095028729,0.4341358523414078,0.8038897431659697,0.8403822249383002,0.43259259060269206,0,7,camera
0.6132938454262462,0.6601471265304644,0.83528125112165,0.764809357860119,0.05834620982776554,0.8779885041618427,0.41016960017167464,0.7488511889382332,1,73,sensor
0.545901216920163,0.9051975127243391,1.0,0.7843375902329559,0.5542942540674808,0.677025685305673,0.5237848763919556,0.5280448501330632,1,98,tracker
0.8405668163983365,0.22187352863799512,0.8540021712038238,0.10324620461336498,0.06965280828657691,0.737250675687569,0.8975664668382265,0.07634215355100363,1,12,actuator
0.3909484310476026,0.34183298150743086,0.93748741964642,0.6211549791233131,0.10417372402543176,0.6528881747846736,1.0,0.39745414192656847,0,37,sensor
0.6240510733525795,0.6156061011282862,0.9441509660992163,0.9265561046856842,0.5268210837109406,0.7427199133490885,0.12976777413094379,0.7745510943290485,1,72,camera
0.5080273864539074,0.5463770490193309,0.9654644796182661,0.7911905249011142,0.03690404415681034,0.6958484887900794,0.4497051138954539,0.5775463091470198,1,3,actuator
0.6285520486545404,0.29427459084990704,0.746499487456962,0.2796823235594015,0.09286948470430072,0.8512140320583528,0.14546397741480194,0.25734882502567097,0,27,sensor
0.7051342293367493,0.9611853862176889,0.8776895828259778,0.5333231779346868,0.19085063854236636,0.913386952808364,0.7864783820936951,0.4326613699461632,1,95,sensor
0.45096404266057344,0.9389465747512592,1.0,0.77822070388,0.14651348061451835,0.678251134628923,0.14261274852013428,0.6157822485561999,1,18,sensor
0.6575770989155083,0.6485893609652122,1.0,0.1197415345229244,0.14332168541569706,0.7879992037631504,0.3228943357578112,0.07686609046604892,0,93,camera
0.8605473283688183,0.8416682209915706,0.6679250104008326,0.5240543598603506,0.018841240823752693,0.9201020742306143,0.37163731321940535,0.43763726153599714,1,78,actuator
0.6940222637803283,0.672220993704789,0.9580809871031266,0.8093316521198637,0.45499687197390404,0.5863825436042231,0.33665337801443956,0.40973625149553605,1,71,tracker
0.15358567000246942,0.23521917602008546,0.7448947761063196,0.7551420173788066,0.2865403448651757,0.6462470045338677,1.0,0.5379980032579693,0,33,tracker
0.5132211206708336,0.8450549664052674,1.0,0.6356806350982593,0.08296563851833236,0.7629784436366589,0.6102197742025931,0.500890115220496,1,28,actuator
0.4359290752523694,0.571367017821773,1.0,0.7409385690640143,0.20306778348405913,0.714279224686365,0.7546164713512776,0.5031194151041619,1,13,tracker
0.5507411987659068,0.7294032809508517,0.9086984374997354,0.4800131765584989,0.3283536221793978,0.39968205690151426,0.2234824471516632,0.19871931232822398,0,18,tracker
0.3250476210209112,0.7987040464703499,0.7466342667167338,0.3306364114216466,0.2993469171484243,0.5676969590046635,0.3794982862956314,0.16823106746617073,0,86,actuator
0.6432431676461482,0.9442381801164726,0.9900111240001561,0.2655642870919101,0.21695816418788544,0.4173239416028187,0.2578294074593027,0.09135878199559469,1,10,sensor
0.19072015213546067,0.30878736200130263,0.6456255591535979,0.8191367455219811,0.9706345736821872,0.5487742581332568,0.18906206248218893,0.5166429475718713,0,53,camera
0.6939254452512756,0.2810070247700083,1.0,0.5490737067561157,0.9930965019635092,0.6166769110610615,0.16352099921531285,0.32731748645901615,0,14,sensor
0.4024862147064687,0.7227198459873962,0.8123938606104923,0.5689660947692904,0.052624235050849566,0.8125572504741813,0.32685169084966154,0.475353762484721,1,78,actuator
0.6759535543864521,0.6560945103204384,0.7295610013845641,0.39473713685055173,0.39329075812855147,0.8451471659479445,0.19864858816887385,0.32436430557804724,1,93,tracker
0.7430053379907333,0.5308200297874354,0.9644859400856454,0.5764152186853638,0.00337138444551097,0.9188756987578403,1.0,0.5552864478866699,1,13,sensor
0.9433092772911462,0.43257250838954425,0.8365266932068414,0.3374431076085102,0.15913308829381348,0.6129859413812342,0.049752894104130065,0.24618064826423974,1,84,sensor
0.178365207192842,0.22034461724511262,0.8422735258905895,0.492743355848244,1.0,0.5286735460229127,1.0,0.3189589394462841,0,45,sensor
0.43743835728525726,0.6988068049030403,0.8392609779328559,0.375241993154958,0.13839843769699023,0.69031122138976,1.0,0.23973220763495562,1,67,camera
0.7527876210848923,0.6409795850239318,0.9020579631802975,0.40937196998835,0.3329417209516866,0.7212391037333663,0.5889110679852445,0.27654471536505415,1,75,sensor
0.6650293628188171,0.310604943789901,0.8347834924637512,0.38621583460415065,0.22220609871817798,0.7036874822616205,0.39651680154959135,0.28586424302682256,0,17,tracker
0.8456774570136419,0.6607920092508139,0.8057202571973359,0.2308937159917236,0.8084485687943246,0.583022428162853,0.6016610181273006,0.12364430297706369,1,93,actuator
0.7496971537625282,0.3186719464237846,0.9069905761130215,0.11350526291273846,0.009192901956794574,0.8345912137119643,0.5489981598554433,0.11166303058959759,1,99,actuator
0.6016178853971405,0.9585014722775818,0.7884311602746114,0.14583541878470407,0.22424557312629578,0.7666164250688817,0.12210291279508478,0.11201201165807993,0,92,tracker
0.3487031415768215,0.791170315603216,0.7418998523210633,0.7029773721929553,0.004618870892893841,0.9555351337167274,0.4350671359973331,0.6396314048183959,1,66,camera
0.94196132014936,0.7784049329691582,0.7161407357409267,0.13858053545633683,0.32497690274184465,0.8977872021106362,0.5675959655982763,0.1205878891490854,1,87,sensor
0.29765478198324763,0.33025738213148104,0.9324064916508014,0.19982032602852662,0.7085484065363955,0.5142889873114416,0.34020715811055524,0.09165806529856355,0,29,sensor
0.8342318311729506,0.4675840950706734,0.8024061834886305,0.7173912339945843,0.3680533176158084,0.688484719449065,0.20736998574393709,0.538046348285298,1,92,tracker
0.5464238973478015,0.7807902195474904,0.909684243741989,0.31034565058020624,0.9070067461663301,0.4836274082989799,1.0,0.16520177278768955,1,13,actuator
0.4708421332411564,0.5476340979188433,0.893822110163749,0.6981731804434778,0.2753430162381478,0.8309266680690779,1.0,0.5348828353448535,1,1,camera
0.7269361071296997,0.48206369093790324,0.9553720249758594,0.44943467214271604,0.1427183725270149,0.8205638641072963,0.345792182760191,0.4202248282558839,1,19,camera
0.7350671354967729,0.8988379982779496,0.8432753713812587,0.13707274834686534,0.2911895623053076,0.8303866102094686,0.7324390938459326,0.13737539884759248,1,54,tracker
0.49218642282167824,0.5048937442919609,0.653931161897572,0.40293725014988185,0.549313525530069,0.5728637851324492,0.8612515287480759,0.2022280633180715,0,3,camera
0.27980051466714534,0.022228154046919493,0.7387224170131101,0.8825336320285129,0.03852801535943613,0.8895754153591213,1.0,0.8862670545170369,0,21,tracker
0.28806152975626487,0.711872353677965,0.9345847905414157,0.07822417886705776,0.14626326737457696,0.7491938082361167,0.2986433315090509,0.055650532292597775,0,28,camera
0.9901647985217787,0.8172944256975619,0.6954539628579193,0.8435680662978371,0.023521523499810244,0.5248772168689065,0.7314390017387403,0.5145463068843418,1,95,camera
0.5730159627164976,0.4205957727308008,0.7206999044334191,0.560678971248989,0.09612698223262325,0.8970068814085581,0.49943147192233484,0.5496268494762347,1,15,sensor
0.9144739455293951,0.9892830060094614,0.9566647687613904,0.45271991570069636,0.07612579896335467,0.9066586216928806,1.0,0.3967912629769886,1,32,camera
0.8938829523172711,0.9504073362945116,0.9154737236832418,0.7046730957919137,0.3312047715956073,0.2517011016101769,0.42470535173259366,0.20705316913406327,1,99,camera
0.9120936827127009,0.48071110322434607,0.8841857944561611,0.7205684490209702,0.2294573014111688,0.9031733310773857,0.19108745234409602,0.7546889658709951,1,25,actuator
0.9028383678922508,0.2724189979378599,0.9876026181370208,0.31461210812958507,0.00678745650343756,0.6323065289010165,0.1805971097303555,0.2069379943430682,1,7,tracker
0.7887992363567552,0.0990368102412169,0.7876092834752967,0.5026852209406849,0.26598425074381293,0.9160058830838517,1.0,0.4223339663060911,1,34,tracker
0.27521463867686075,0.5757695358420277,0.8154970736518269,0.5597517054210677,0.11544331388536777,0.8594806194364324,0.4396724260118285,0.45163527451491237,1,97,actuator
0.4920386783168537,0.24190604911221453,0.696736033517392,0.4220017004443805,0.014205075908929655,0.5816308727812866,0.7259466993109742,0.2508875429231865,1,10,sensor
0.19904544852153183,0.6999105900077963,0.9293937847724636,0.026096788837182364,0.23138557952609795,0.7404063213340489,0.6352789379058661,0.018357820466546357,0,68,tracker
0.2261854044522075,0.05267186585426572,1.0,0.12023305941661618,0.6232646325683906,0.6996193391475592,0.23515106232048125,0.08247576115681853,0,27,sensor
0.408780470466964,0.6647215807458309,0.7903970784001871,0.257590856501989,0.43575335255716874,0.6982373313325002,0.9094821841536438,0.17289908832224982,0,13,sensor
0.638431303882444,0.5118231604212744,0.8046200515226862,0.6547955453110733,0.1431883529797388,0.42953849897122487,0.35089880986675953,0.32694250577446365,1,19,actuator
0.8295079254504428,0.595889101789324,0.8187886213673463,0.27979165085302243,0.42257032382334625,0.5849623345613305,0.16353050864059548,0.15680136444651854,0,94,tracker
0.36802895281903075,0.690694190127237,0.8886109317137082,0.2187372249000162,0.15940464711820435,0.654070712003959,1.0,0.15917726976600452,1,81,actuator
0.9510579315597502,0.9026543563462772,0.9817402803069372,0.8533475708570232,0.7121036576923254,0.494504661692674,0.3344972436052545,0.4060470939642251,1,51,sensor
0.37658154466922406,0.8415828721228998,0.8221311778212639,0.2838834059995786,0.2679390665307088,0.8695992160303531,0.7879787541275362,0.2570182300583405,1,6,sensor
0.3360899247485698,0.7340243706671973,0.9869788966628728,0.2462975196194465,0.0032148447424630348,0.26429277318111416,0.4915469394793987,0.06895450950508214,1,68,actuator
0.9633394737557754,0.6064921631175424,0.7308746015099854,0.3383137903521459,0.13672374691670375,0.79121100202155,1.0,0.2785455341229922,1,74,camera
0.3726998332829178,0.7208532429961921,1.0,0.6875871853007169,0.15185891247975833,0.6673126615307441,1.0,0.4583399982663933,1,98,sensor
0.8623624664653272,0.8049571898485508,0.6947586587636542,0.19965393854144306,1.0,0.6923922143897596,0.4913117764254481,0.14117277055632046,1,17,camera
0.6362396740891488,0.07992565896442319,0.7846478004045614,0.8738734139492021,0.23472883891078875,0.23667410116277468,1.0,0.1844185220446876,1,95,tracker
0.8576132355571413,0.9515293473681117,0.8991938793542442,0.11902381635365925,0.37051592547878665,0.5807281247406114,0.4979766533266647,0.06595941364129472,1,38,tracker
0.4860566069418399,0.8048948725467556,0.7969666118581157,0.604998971524188,0.024187910563922988,0.7267499592105212,0.4906127198104474,0.35057793089762723,1,39,sensor
0.9978646242550365,0.4529438237259852,0.9597467429607265,0.36777219847002984,0.12965075955758124,0.9348264934763337,0.32700814278931084,0.2926125428462356,1,44,sensor
0.5481051641832191,0.3476444530359294,0.7570659892297982,0.15321281353750738,0.24487541659446777,0.5209138031523375,0.23772495943844213,0.0900143283861734,0,49,sensor
0.84438608765556,0.3348756978521718,0.7719238273512328,0.13084259499992695,0.5577462189207959,0.799640494812027,0.1429115897530144,0.11148223558153915,0,70,actuator
0.8529636729981671,0.8062753940816512,0.9475110677356025,0.5951243129779193,0.050363720588938746,0.9492760013993438,0.3584088581424922,0.4887455765923,1,3,tracker
0.17980070748996352,0.1504685385557223,0.9065079318208971,0.4333269924244795,0.5668663140753015,0.6194915495853566,1.0,0.24639748679288162,0,41,actuator
0.9687000585706093,0.3516902733117809,0.9152133134446292,0.7106157400979115,0.5442016077663624,0.761899121640981,0.16495052289022902,0.5153943772766336,1,45,actuator
0.9439963659158399,0.7156110555317174,0.8685562659701772,0.722732133158891,0.08922761561287519,0.8969942654862785,0.25278985845007373,0.6030921238874073,1,99,camera
0.5114246184418665,0.33617817914458653,0.8342131478796946,0.20351529302156565,0.1858071601453024,0.6589672722828585,0.2437095780395237,0.13001557037316364,0,20,camera
0.5991724592544532,0.07698380602356776,0.8169431150134472,0.780996039424194,0.31094215789124646,0.6502305779125724,0.8748387878205992,0.5572866685378435,1,83,camera
0.8098898379564967,0.8168198521077104,0.8499119433083323,0.568679456677292,0.21722645006188115,0.7005023203535355,0.91569184112077,0.31132844223655587,1,49,camera
0.07643652514557597,0.8631809765761396,0.8070909007515273,0.8460235291396965,0.06727944429984833,0.5060086590590663,0.7406063148101671,0.4565596168718399,1,24,actuator
0.31873517997697703,0.6188165414451422,0.8682273006597176,0.487329300264448,0.012427791941645774,0.9948203029083629,0.9934931047437868,0.4557648405411801,1,42,camera
0.34956924714357573,0.4465448383535438,0.7287193424963664,0.3880004333455519,0.050883854586333134,0.9240054460796786,1.0,0.31442572432025867,0,85,actuator
0.8199854060597797,0.6816285515597171,0.8420104743506642,0.25044014235019946,0.5719955509527805,0.703226713482372,0.9110692519882948,0.18787358611948574,1,11,sensor
0.7332349261531764,0.28555015898796854,0.827040605194754,0.5552333264791764,0.06310581875472789,0.7307900539823088,0.7810523724065084,0.4970932889642536,1,85,sensor
0.40648691235881257,0.705855576168047,0.8927590493205894,0.8659662638539635,0.9340002108531124,0.7105394912149618,0.4452430984270965,0.6332487419843446,1,96,sensor
0.8228568967706678,0.6435316714795418,0.9627541991195925,0.62793672792357,0.24657159067205323,0.3607770452989261,0.5952657726480995,0.19343881132020396,1,84,actuator
0.5751626192413547,0.8128040503866938,0.8255119803867573,0.39674998185380955,0.03755646696992369,0.4846508880582109,0.6189559133743398,0.18576134387383172,1,15,sensor
0.1469493604502749,0.6863842672097796,1.0,0.6779895339729674,0.26170783565710193,0.7141495914932484,0.14266298128585994,0.4512604198619806,0,16,tracker
0.3473910548250264,0.2609050291529795,0.9397994482159479,0.29102331521643243,0.23967659691891413,0.5398873442245328,1.0,0.15597417836254382,0,63,sensor
0.5881570153570447,0.6816846627594689,0.787958913391285,0.490327824010716,0.2628233997791166,0.7531811963950231,0.727426947823744,0.4061843130008141,1,45,actuator
0.4093544027248881,0.2945526400320163,0.9403994013664734,0.49764957060766196,0.42606865287161033,0.5153248797848996,0.406185285593596,0.26177944909310746,0,33,actuator
0.7503006799652842,0.9452979170267435,0.8642281281161855,0.899386552567392,0.326432022462503,0.7220804402135559,0.7485319859177488,0.5068285982818668,1,33,actuator
0.6273129138932513,0.11025005702231365,0.797631621355146,0.6709676324803219,0.3428634685210526,0.705940357653183,1.0,0.38151528415506425,1,27,camera
0.14840853530368414,0.16682662261568434,0.9512946508490385,0.5003395560786499,0.33814472087036795,0.8779430563645658,0.4639851413195777,0.33410820484155884,0,51,tracker
0.9414744426177762,0.40246678594436247,0.9727026945120227,0.7323747217074534,0.30747345709226853,0.4245518816794136,0.09101724962093943,0.3007485819211744,1,96,actuator
0.6756059628632017,0.9626431654770559,0.8120515681737474,0.8100463789853047,0.27877243586520145,0.7753669749480839,0.6810294222706491,0.6531593952764728,1,9,actuator
0.715392167316373,0.3490206286478413,0.9398459043624414,0.42258068050550385,1.0,0.6989672363110406,0.37679094890342557,0.2465506452546893,0,93,sensor
0.9251447982824078,0.9805608259610963,0.8534869188792938,0.5779922227783822,1.0,0.5693776830368346,0.9273255704409514,0.3637934431123685,1,59,camera
0.8671004497891643,0.5032719525602456,0.7792378255758111,0.4964519797080124,0.27347920811230075,0.8180132310972027,0.13450744898685982,0.38383636642487545,1,79,camera
0.8823564445794317,0.39755241156502097,0.8942967694326104,0.45883791800302104,0.5280615924257862,0.37384637522099334,0.557606905455395,0.15633832839391754,0,17,camera
0.994843198319153,0.5840180141796182,0.8811446819550458,0.6798880417260345,0.02269453616422944,0.5505174544198052,0.2967711440532504,0.41771806453420773,1,45,tracker
0.4866178700799125,0.06549127480650614,0.806199689075567,0.4374944301103813,0.017036149244903646,0.5126046434185714,0.3221674878014145,0.22460268588507348,0,20,camera
0.9772507595699746,0.347810504117676,0.824091729140451,0.5298445753065198,0.6943722171334947,0.3934943995786687,1.0,0.24979454623375139,1,86,sensor
0.9074529832168532,0.4715651166365373,0.9139048910967464,0.6349723206301828,0.03075587804862081,0.7369119012551801,0.9041965576250506,0.37534713429591,1,64,camera
0.6656031464516531,0.8968724893437415,0.8316728616606193,0.14430522468485146,0.2642501547599311,0.7580652534512533,1.0,0.13120718475890344,1,97,sensor
0.25066838344092723,0.16531504019154974,1.0,0.4858408881480703,0.00879032515878693,0.7400131493266918,0.5620427996092081,0.38118235893376173,1,27,tracker
0.2203744563502059,0.27199976780416846,0.7278803795283728,0.42033868338878816,0.20905048199978746,0.6609025898126492,0.39124890266295637,0.22465838981311337,0,38,actuator
0.5946984601346637,0.3617129026179002,0.8410498175653145,0.9078248917060522,0.6015332371259389,0.5776666572077088,0.9604558243892902,0.5114638768911001,1,1,sensor
0.9290105045068229,0.6339717339126594,0.7496076594725445,0.6986316392213707,0.5454122280973566,0.7482658261918951,0.3164093274849242,0.4090000290360437,1,80,sensor
0.7178698467199102,0.22682998416883401,0.8394600348715728,0.28784882220492536,0.514598815385633,0.5115865664008142,0.432285037736241,0.14005043332817171,0,58,sensor
0.15982057494666393,0.3674782080942306,0.8856519964882729,0.850547734200926,0.3462305825126917,0.8513330247563294,0.8560464975215275,0.5649152130550715,1,61,camera
0.7811657638235133,0.37680252349982224,0.7905200255143514,0.36670488934384926,0.12438269744776657,0.4681634721206402,0.7415549615240647,0.2017219270006909,1,41,actuator
0.6740664140895379,0.7940345018952948,0.8219987306187949,0.08939393006944381,0.026953040044026592,0.7017200078122696,1.0,0.05934650946525315,0,31,tracker
0.7461267879719464,0.10091726390039467,0.8060865188684777,0.3383975002531647,0.462286526439207,0.8466873621490341,0.7300489203358475,0.30775890696877695,1,29,camera
0.22631032631585563,0.4226144806294853,0.8218704532174151,0.2851763888065714,0.0227418639402725,0.7779409346137283,0.24638839414155145,0.24374350622287375,0,96,camera
0.9978999796608317,0.9602187621500549,0.7354460791022034,0.3144363696659554,0.6426372358295606,0.5297390128014593,0.11184626678868026,0.17393986323372615,1,89,sensor
0.8133332513219242,0.9541825695776311,0.9315351326735581,0.5861955166439745,0.08318354360143534,0.8628646631246335,0.4935311847351701,0.47891462028469345,1,7,sensor
0.26633284304819027,0.11842906256649122,0.8463230192990098,0.19572877639792968,0.03319453591799992,0.977728044191674,0.8739951061110478,0.20243578940473517,0,10,actuator
0.7054991422117772,0.9140900441201096,0.7954123317464157,0.6295142258099208,0.054367346927168825,0.9275273266435187,0.12035601813649659,0.6294875290712225,1,2,tracker
0.602250318119241,0.8039437862005682,0.6748034907112633,0.8643240517870953,0.19845330590945562,0.5795531011589607,0.8076323295542359,0.4669107475099638,1,47,sensor
0.30822996986020734,0.6847184611592755,0.9825597245853468,0.5223429526662754,0.2396872369955272,0.4410256042526432,0.6172162426935148,0.24360423927522662,1,89,actuator
0.5493040293198153,0.63131131042561,0.7525498162665918,0.44780015198654133,0.047470580316706014,0.8906183679936469,0.8646665957061951,0.3964037213156874,1,20,tracker
0.5246654035841191,0.6982078806098614,0.8536586808306434,0.49492465732397706,0.025830043950271515,0.3078816626814136,0.06990949832508943,0.17444390115439612,0,61,camera
0.670095626919174,0.7604513282037946,0.8825272006847672,0.6713024186407813,0.6518929221478317,0.5279634816659089,0.4954238677857431,0.3405317537579948,1,37,sensor
0.9738948050665088,0.5735410887053884,0.8617590369405743,0.46124791687637967,0.02575394227592086,0.8401581284809241,0.47810507697914795,0.3615278888053461,1,83,tracker
0.1776724877986839,0.08001117869120511,0.8255270665120847,0.2785213219182113,0.12471710944925503,0.20108797391520125,0.8515540878869851,0.0525041971582904,0,50,tracker
0.6272454549333937,0.5166681725834044,0.8498317902077194,0.27387587814820225,0.1830377346437612,0.4235665457008122,0.14796795631449222,0.12870354634899125,0,64,sensor
0.6956242696754128,0.3271486008343396,0.9663452048689927,0.40581887107228937,0.2859586276811399,0.4655045537792523,0.5147719265499124,0.21014543136707584,0,34,sensor
0.4244891308053155,0.8048090083406406,0.7958366527074752,0.6031440032674191,0.25664123698569136,0.8904066671394082,0.41563002499613905,0.5916880359840101,1,91,sensor
0.3545555485807508,0.5578933450791482,0.8969295372296078,0.4831684778213169,0.217953023919282,0.9076219341987986,0.6599860891583992,0.492770624580292,0,66,tracker
0.9437120940643688,0.8757149385728309,0.7895730121092915,0.13188735457586276,0.08359876597615787,0.2598137996499919,0.20262716557987348,0.03631054697427909,1,44,sensor
0.4724564441431039,0.5717015240182097,0.8203966445356901,0.3744119394468015,0.01627606251055503,0.8917412669802577,0.4630569684455474,0.34146676782183855,1,9,actuator
0.12282506605443587,0.4230210581831273,0.8081402763228196,0.39772388023583016,0.326853802707585,0.5738533222439943,0.19790795905712963,0.23253680376441033,0,72,actuator
0.5671588885883707,0.04279346930776067,0.9112124587303407,0.40963075663772497,0.2678855274263793,0.7345244472346523,0.1166464183977952,0.2967253202565248,0,33,sensor
0.7922530561179488,0.07899451899766448,0.8931257742682434,0.8216280137586898,0.3922121911091427,0.7679631599501064,0.29867712793659507,0.7157542922753757,1,38,sensor
0.6654449739015621,0.7575749682322506,0.6580721892557917,0.505810952669124,0.7840867814818004,0.5543755476583367,0.33779638328601014,0.2723206582406126,1,36,tracker
0.9701021592334573,0.3231083461992454,0.9203231219412245,0.44205049675846825,0.09511325364340786,0.9134832666718212,0.8025256002713637,0.3824896523160952,1,62,tracker
0.7091319538098348,0.892549325900754,0.8525831760984323,0.5239414226789579,0.3021109425442405,0.8575738324070027,0.5627265069841039,0.37788678529321945,1,1,sensor
0.664358517571698,0.2718796011654901,0.851825961859364,0.3587237343758261,0.23761435844952708,0.6893428215905352,0.7829053748484046,0.2269480767912858,1,36,actuator
0.8958588039988707,0.8729231084102185,0.8669854800733726,0.2583618672112739,0.18589133108093833,0.7240420034722166,0.8603930226724347,0.16754504967101308,1,35,sensor
0.656795292779826,0.5938425676889572,0.7986848891012185,0.20209754326855522,0.4323513145001807,0.7343143631569696,0.8421926267144969,0.1618497586413253,1,58,actuator
0.7227395749802455,0.6268870770358769,0.8732329127531672,0.4136502509333617,0.23902503253908192,0.4309514896581112,0.33146875835800016,0.18337290640041218,1,12,sensor
0.8892612148033339,0.7629376512275515,0.8369911431204887,0.5475033648983039,0.12511475264910316,0.5427458316616436,0.32931798208256075,0.27865958841232186,1,77,tracker
0.6901286519168874,0.7301828413846057,1.0,0.7126558596871779,0.020966030459147345,0.7478962674876047,0.6290603948169988,0.5701654555765086,1,83,tracker
0.9207395492228705,0.8640856735449641,0.8362047036318082,0.7253589369994559,0.19713214783518374,0.8205094270832054,0.860320063750437,0.6802648707123378,1,6,actuator
0.7556346296305506,0.941442889087129,0.8237657506620557,0.5711283829745377,0.2264846214639856,0.8933331761158281,0.5528410552030083,0.49156682020490766,1,98,tracker
0.6530288028427406,0.4270352895804932,0.9432067344145478,0.28984438360153575,0.22547968180917125,0.8899195803440777,0.10228077993814007,0.24593040711369735,1,58,actuator
0.7150646005946845,0.8711684125348951,0.8150035465759504,0.5386008453414655,0.35655043029367617,0.7031700880126498,0.4025331473337577,0.3921678737792242,1,51,sensor
0.1191088948363825,0.5773058760124816,0.8037979117849677,0.50603966786728,0.35058650477693687,0.7255207145573023,0.05769797668544943,0.3699243789925391,0,54,actuator
0.764211298059879,0.6422514459922705,0.9421630269653043,0.23734785964526103,0.6192528570816405,0.7331082529988924,0.2562906923674489,0.16624609910509008,0,90,sensor
0.9844339367419642,0.9819523485130803,0.6911989583176036,0.6712091279228575,0.1078791742729388,0.8233235192016897,0.49938372822067834,0.5300588652245635,1,45,tracker
0.09081976155480694,0.46754264711020505,0.776275876435315,0.17947172024366043,0.5120873118046955,0.7827612598283702,0.3987758512470937,0.14189616426904286,0,6,camera
0.43905254192544474,0.9997316294099884,0.794151336955593,0.43133365197215656,0.48527415965064674,0.7138533014280374,0.24905850692263526,0.35001180261127707,0,55,camera
0.7661771892498737,0.2590711915898312,0.785242962808021,0.3593790038745847,0.18304582354040747,0.29876180494879434,0.2833307125418457,0.11003347362949922,1,12,actuator
0.3105704629300684,0.9157121887150511,0.7373330663726957,0.3187079085337822,0.30693422963463207,0.723993019304707,0.5612217121568412,0.2606625255459459,0,16,camera
0.3871828610817614,0.25200469042719864,0.8358038063284784,0.20199036705219067,0.17041596587433663,0.9359850751984785,0.6184600280054601,0.1951619463686082,0,20,actuator
0.9437441735887966,0.9902996501218391,0.8325836477733916,0.33081300108613726,0.047700646434620124,0.9718529617597575,0.30472924116908556,0.32570748668025,1,40,actuator
0.9355446749489276,0.8691519248477637,0.8785373096263276,0.22929539968808132,0.4401488356514097,0.4326804899372905,0.8392450999328037,0.09014496199545549,1,12,camera
0.8077016302074801,0.8713320326278515,1.0,0.9429111187522746,0.1498016046461792,0.8018943264443088,0.08912169109426205,0.871074352512115,1,48,actuator
0.9492031128130594,0.7324669564763804,0.8098930057303599,0.6636305101002546,0.17699361603237357,0.3996550093555401,0.06498637181137663,0.27423897682399584,1,84,actuator
0.7371070324902455,0.7967042476789222,0.8441521774970393,0.4850826013942055,0.6299783868790765,0.7397930949202008,1.0,0.34959313184897944,1,41,sensor
0.9610753332209513,0.2745176373616293,0.9737084666390592,0.2783154160448151,0.12180672644184842,0.8610494672172917,0.8988682144332163,0.21615182215448,1,99,sensor
0.9358028877320161,0.8090348646387535,0.7689803732742564,0.3485217704644015,0.5753650110060036,0.7422661203434288,1.0,0.29123035722435514,1,30,sensor
0.8920314694064707,0.3551154584085201,0.7520528847101801,0.9353301554466993,0.0689915956809031,0.950758124075128,1.0,0.8097498153907363,1,65,actuator
0.7554022617596329,0.43698201474531734,0.9934614958960764,0.7257754697796743,0.3322719934306501,0.8936903434673555,0.36942219602314613,0.7138977885374296,1,72,sensor
0.9227301869681312,0.3818499016758622,0.8407126345486571,0.45518052081632665,0.14682149642563708,0.9496002147037527,0.8649903046943697,0.4489949198908476,1,9,camera
0.9378767309640312,0.7342883649031413,0.75351401075357,0.3360267891095015,0.3205026544680757,0.8342920801722028,1.0,0.27404668927319914,1,61,tracker
0.6830160323652911,0.9623656225863334,0.7930577542959816,0.43612803325468863,1.0,0.364437876287672,0.671864330346785,0.13910929856530296,0,67,tracker
0.4413850540816329,0.7505732253300672,0.7217344665156564,0.2840521416104219,0.5843282931107406,0.7588728722689668,1.0,0.22333171246176603,0,58,camera
0.7894660116762205,0.8303451435567865,0.8670893837864226,0.08495601662720488,0.07688864515987506,0.23900762525506647,0.3916256637563074,0.0180295598693246,1,54,tracker
0.7549629731856135,0.6348298112669868,0.8763554594942189,0.5056156681483656,0.8195327236549345,0.40073295140601023,0.1455300690911263,0.18605015702332806,1,9,camera
0.3729667207523104,0.7562658586578896,0.8975023776764959,0.7466185578870435,0.019445401784865743,0.8387337060956814,0.2660601435543515,0.5752270698839957,1,39,camera
0.8421001390005044,0.08638602973404778,0.9401608455026441,0.7031536510971915,0.10101158043322082,0.743468578682416,0.2856127411147809,0.5867678567427238,1,87,actuator
0.6062376689656388,0.28747452223481684,0.7309153227212302,0.47833492771001035,0.06776713561757285,0.5759437423508247,0.6613141369099814,0.2483152113577515,0,98,actuator
0.34443101397990467,0.1981403486995235,0.7634403260946023,0.30578810544580487,0.5625924284161089,0.7070983436003871,1.0,0.21293927389981276,0,70,sensor
0.32698262084843494,0.018402030423307077,0.8620406933790667,0.5223143061747301,0.16523326858711834,0.5471520982003157,0.48349612560080363,0.28863531420019567,0,47,actuator
0.4130288349643984,0.41150534431254043,0.8165142470786907,0.3666855939286359,0.003164907556725031,0.7495764644622313,0.9710358954985217,0.3047724052386329,0,43,camera
0.7829707455925502,0.9464325666778707,0.6702299133557638,0.771851628880102,0.046831896149751376,0.49407217017653515,1.0,0.3651825754902904,1,74,actuator
0.8418817156998288,0.6690903469721841,0.9938278874096976,0.9293080033207763,0.1551391543372503,0.7565483239651041,0.4663758230652074,0.6546779845920062,1,21,sensor
0.8380819082134607,0.160355564971457,0.8564407445955469,0.6331166527410088,0.12419457779578127,0.7147403845749367,0.37520376054322324,0.4548043245072802,1,33,actuator
0.606784899186745,0.7585559645228112,0.752045400400278,0.05583735455395736,0.18833677979974758,0.7776178800232643,0.13181915476690817,0.039969978803792355,0,8,tracker
0.5534539100758097,0.9515518790113516,1.0,0.6511805226809906,0.04340339545795108,0.8421259112861312,0.6782692264549359,0.5457442891682474,1,72,actuator
0.3853254697703785,0.6421396392915053,0.9271295473845456,0.6498105927779175,0.019232540475577663,0.8264583725980467,0.3638541845271735,0.5618441463360581,1,62,camera
0.47194752258680545,0.45546743571371845,0.8854652798384322,0.8368431320046819,0.10090200394389422,0.7105161931200873,0.31287447758979353,0.5511499844989783,1,21,camera
0.2800061673529605,0.27435604281422277,0.7886475031392642,0.35309926439712835,0.15164443039228637,0.5097938871060956,0.3571577846952039,0.19253558308660754,0,55,sensor
0.7954628101638569,0.7335121984098061,0.9710578431488659,0.5739406213294727,0.20519836981245237,0.7098817831903758,0.18656078839623322,0.45073550267143975,1,31,actuator
0.990822517927066,0.8113846895901405,0.7408662494485235,0.9340203398383753,0.21703584133675982,0.4837333931462165,0.5493542755889554,0.4228310445522168,1,41,tracker
0.5539247656038568,0.9557139678382952,0.8398037273981391,0.4728970758788003,0.49598570306651457,0.7597939927931961,1.0,0.34111204828630487,1,80,sensor
0.8110935024242496,0.29098703705041323,0.9772640908821719,0.610050311307019,0.2482278351487464,0.738924525251046,0.27191317026848427,0.3775616247484382,1,56,camera
0.7355539721085402,0.3534166770116581,0.7752670250971277,0.4981755556516767,0.09209052207416506,0.8971605692670668,0.13866773529074017,0.4125602939323297,1,74,sensor
0.9235187132853927,0.5272686086199667,0.989801164188469,0.23791943999835066,0.13639304799066493,0.8530756507905023,0.6235278122247351,0.20185820192095794,1,30,actuator
0.7540587459177394,0.8629228205293605,0.9035067699747736,0.1552528251062658,0.6249134139422453,0.6873399417518214,0.79447608629268,0.10717924212757406,1,23,actuator
0.9468096040430977,0.48674477362885876,1.0,0.4498479339706842,0.055188363908335814,0.9490143496800117,0.7700289562337532,0.4365186853696858,1,44,tracker
0.9631415896750299,0.8538986957671604,0.8495282292765381,0.47347811462089273,0.12760623942906488,0.5842200040906084,0.5892283928385033,0.3115593577060412,1,10,actuator
0.21572763302147832,0.4515462760408353,0.7927093857438716,0.771430400163334,0.6852974590427798,0.5769828405071342,0.36443595487993347,0.4067892706741646,0,46,tracker
0.9004351655259217,0.15937450210705537,0.7470612596869128,0.876150997110316,0.07781145209461048,0.635783377821539,0.5950750114735499,0.5610718794312557,1,29,camera
0.9449940849337929,0.935571313408059,0.8665241528974182,0.8898061604175088,0.017429517327506028,0.6266154382859379,0.7658615635553425,0.54343706430645,1,51,camera
0.7735737973124757,0.5699740878403956,0.9147301493188984,0.5662356195898801,0.10143876173242065,0.8737777358423156,1.0,0.5660499495303202,1,33,sensor
0.46369631463100885,0.30563031860863243,0.9105598187123013,0.20983722502235377,0.021068034573171884,0.968718534028526,0.7421939022307247,0.20423077757383307,0,92,sensor
0.8402341692005902,0.38613520554772507,0.992659466122365,0.7223467130442253,0.12430780989393822,0.6042448627868157,0.5422579399999581,0.4346693926831959,1,9,camera
0.25423361197853556,0.21766876917413808,0.8239088654569331,0.31282525524036003,0.16342166031002794,0.6272767625831029,0.9453479300347214,0.1768418018714462,0,45,camera
0.8225844334854011,0.05116993914633718,0.9325832921884905,0.23456876989679729,0.004182644263816695,0.5479002429457912,1.0,0.13769954745830268,0,2,camera
0.14924015710770924,0.10256101405481756,0.9246735617812114,0.4637707791347044,0.0219461158721398,0.5625513737877361,1.0,0.25566847294253264,0,63,sensor
0.2845117993899102,0.26102284363464473,0.7668229563609461,0.5222517470284311,0.12527045992548907,0.8727752062978494,0.18669791489898027,0.5166994977413663,0,91,tracker
0.6551326725655497,0.3451150342401137,0.7689685265151143,0.6810730846260223,0.2232102037723996,0.7679392525655153,1.0,0.5044629341126534,1,8,actuator
0.8961522982244263,0.24217254713646225,0.8917245543509362,0.8025831452233027,0.15302548923257223,0.5184995968685808,0.4977840621669436,0.4682121839183727,1,10,camera
0.8174315192393259,0.2960585661247577,0.8499863259607415,0.4123190759050706,0.039452311539518024,0.7211312185309752,0.49492381593308654,0.2824440104703568,1,50,camera
0.8087196037438632,0.6604249014294025,0.8286398247405938,0.7763988109404278,0.42374760167083975,0.605016750471451,0.29259973334319084,0.49900506402849043,1,60,sensor
0.48981260573127106,0.7100781128247946,0.9376755161572874,0.31386290739091144,0.3925236654592447,0.5840031950658731,0.9117610268304752,0.1773033412194632,1,97,camera
0.30840945097775485,0.9633682086546899,0.8824764511085134,0.43222200889008416,0.16613288989286393,0.4778288609317134,0.3085102915651707,0.18755249934290816,0,10,camera
0.9098508173149028,0.7198741159602192,0.9432375555808432,0.7374736489846201,0.14195645077179658,0.6932684095661341,1.0,0.5043368925164764,1,11,sensor
0.6890535632822959,0.766650241429306,0.8132795875765484,0.883047369878217,0.11218669206431957,0.6480364668107438,1.0,0.6019229064503224,1,71,sensor
0.07141879923100967,0.2790024653160335,0.8490690724008376,0.2003964691978171,0.006638180944574591,0.5376113716903916,0.6773155364205458,0.10702748815476557,0,38,sensor
0.12907427101056781,0.3242848154679963,0.9216438196337371,0.6115283250759784,0.24185583974203592,0.8862006392698747,0.6938196032187619,0.5672213732401477,1,5,camera
0.5839911355805681,0.22835747198647727,0.8479760581956632,0.6326143447867993,0.6876692790687077,0.22324574852031218,1.0,0.14862034677765504,0,72,camera
0.9057118937847668,0.6500217661291045,0.8829793663507638,0.32360354809706604,0.758583759345516,0.3791128678899477,0.15208707640178903,0.10994209244552668,0,58,actuator
0.8509898021408498,0.7046516888596552,0.7613896306558291,0.37890613782555427,0.34435603081213106,0.800478982615881,0.2611137000614441,0.32345780666077434,1,5,sensor
0.6717307442657987,0.6899013784601236,0.8379601323707456,0.2690546886080396,0.33480603514934615,0.5795216809204444,0.1124750026203964,0.13484374313962164,0,61,tracker
0.8710140195727188,0.6789450131406066,0.9210474285604535,0.4433767219155697,0.25579975831836455,0.44678616005875593,0.37363474370382893,0.14985701570980764,1,54,tracker
0.33986035713156243,0.3942201296157128,0.8476062237324996,0.7797686635796254,0.02043169629877217,0.42641540139897266,0.18139508922262212,0.31845788883955123,0,17,actuator
0.7994052602272175,0.627403060611112,0.8378529510812252,0.40809640901437544,0.696269116005543,0.740983611115084,0.5471729733311587,0.28624777575079896,1,82,actuator
0.9378850118920103,0.26106661548264676,0.9628121655591522,0.3759295604321615,0.5300720821993716,0.8354806036799148,0.3442398704736664,0.3279419539888967,1,46,camera
0.9848829007432859,0.8901211095686877,0.9112183988429943,0.5426031281201376,0.07667387879740473,0.5754907547725611,0.29820078473274136,0.36018470885678255,1,63,tracker
0.9033418888036494,0.8550785888272638,0.7836620920157215,0.3511796531433837,0.7501509536023188,0.7139764286092499,0.2186872189711511,0.24241104360335422,1,37,actuator
0.7538280240563343,0.28566939196189206,0.7554103302056008,0.6887252749558934,0.24313969397621485,0.7683635950586837,0.3157267556898565,0.4981658470983401,0,3,tracker
0.7584827855716331,0.8634123087065368,0.6836447879265112,0.6849032330863247,0.1808625441740233,0.7793265850911548,0.858352714098414,0.5427070033296604,1,3,actuator
0.6721571094845269,0.23993289435178589,0.7762760329864875,0.5078733396994449,0.33633639452344183,0.6000378164023001,0.4655069175894071,0.3084692027626382,0,26,sensor
0.7267690844733304,0.4686610398806635,0.8856713416336586,0.29254751780805593,0.14105709713070597,0.5109845890213676,0.3416645633786427,0.1569909261165228,0,63,actuator
0.9449482994708035,0.49010387275210254,0.8715827802330239,0.8503619620190865,0.30102505073907915,0.8124221359260683,0.4873321389215922,0.5760516804209451,1,64,sensor
0.2117496381809633,0.62606033894621,0.9210870998430352,0.26464006588331734,0.6160486002568366,0.5195251251404909,1.0,0.16047006222916466,0,53,camera
0.887606264912662,0.2558123145392532,0.830814844983101,0.7190599389311025,0.11733615780481918,0.8199371703031993,1.0,0.6253762487260522,1,70,tracker
0.27438379771865584,0.0761749882806925,0.777825972146303,0.6873164994434798,0.5979160704339013,0.5787331066916621,0.6228825328970268,0.42767158793230325,0,41,actuator
0.7706314070892579,0.619584086273999,0.8177459719024912,0.42777387373015663,0.7033511039279613,0.5887109759747762,1.0,0.26495232678057956,1,79,camera
0.6985450351337368,0.9833984416016688,0.878707174730718,0.6283806181148277,0.06697528910737491,0.5167019928812572,0.5202104534151227,0.3585137702122859,1,66,actuator
0.7002631586862279,0.47573004980073336,0.9798514930485555,0.40620691653493823,0.4401908734033572,0.6202983784192792,0.18298371522219042,0.2086075985577218,0,62,sensor
0.5685985140226488,0.5632925432457896,0.7768492701423365,0.7469299294205787,0.042420505030399694,0.9576931341281901,0.926323399194815,0.5218224681810726,1,54,tracker
0.5494388230089171,0.8554249145695467,0.976577627838785,0.5168741628260141,0.023075379616380242,0.9582680687002512,0.3148118689798327,0.5884471597318062,1,89,actuator
0.844245283283615,0.2169008717097289,0.886353845360905,0.3400044547338516,0.18475378085039734,0.6827572375690152,0.25557297560958053,0.21987696288509037,1,82,sensor
0.7392261735483968,0.5461060594500827,0.6909616341000316,0.6917630313339784,0.17799624888408044,0.9156578376016604,0.24727348631813564,0.7200604724590274,1,26,tracker
0.9242322828214969,0.801145538362959,0.7994262935922217,0.6847627876881207,0.15918282144224702,0.44811679207439065,0.7167494953110886,0.3249418938815312,1,52,sensor
0.12904351213155543,0.1406088226025398,0.9111172363392445,0.33645550870540497,0.20782922128022183,0.7740405331609618,0.14646421505222873,0.25754638733126806,0,18,actuator
0.7067523901511238,0.9321472560742229,0.8821409256648903,0.2807719091580305,0.37650368562055475,0.7562361127008664,0.15641033612437913,0.20289704730691632,1,67,sensor
0.6902072222234958,0.5789902551223718,0.7989028298721559,0.29487034151689284,0.015831619345182225,0.6368706873983474,0.2902252219134517,0.1870680788916739,0,73,sensor
0.8930363156098368,0.8860013761731178,0.8292252648383893,0.2391032940776903,0.2882874608791298,0.7279842722327657,0.1048253997118516,0.20049635767913312,1,99,sensor
0.8812998052447705,0.6541531080250848,0.6770575982965021,0.6191585561125128,0.09240589538824096,0.7453660168543866,0.7064548630913909,0.492873890791515,1,85,actuator
0.5472999547499244,0.5946836306502166,0.7709353953161661,0.3351849186120558,0.21747401691306661,0.532329234125911,0.5016491937933064,0.18893453523990855,0,79,camera
0.8884081176695431,0.3315903952392811,0.8629198572315177,0.40507945836209686,0.12393800626853028,0.3774901798127221,1.0,0.16877221369377282,1,47,tracker
0.8402974114278681,0.4567915539027984,0.7521494046533073,0.5580904829676174,0.10263223902367054,0.6749889283542512,0.6166285027254365,0.3193144822743771,1,64,camera
0.6073435959244244,0.10891408272612942,0.8399915476159426,0.1551614513430492,0.14766318832240216,0.827587252090026,0.2586536701201232,0.1267420449010443,0,62,actuator
0.8596536463468101,0.501366953742705,0.9575852993506009,0.3978081575467027,0.25221635224047567,0.74089145203127,1.0,0.30666543258035805,1,98,tracker
0.8336954385711105,0.9625278872085131,0.8114462604747393,0.7329254039904105,0.625717759328681,0.7994005850793836,0.8059346755083945,0.5476871908161264,1,34,camera
0.8182651372403583,0.7956058545121419,0.8082543725715159,0.285885793738911,0.08763558179388081,0.7778500168802638,0.6641972210575272,0.1855063609809999,1,61,camera
0.6874535005759599,0.6230150202286008,0.8806723306625688,0.735219704110479,0.8128436111194901,0.541017118297346,0.34453126971016335,0.4101109031750602,1,95,camera
0.8226555680986863,0.4695142295704511,0.9568035966944479,0.6620372042312364,0.21565242605248738,0.8151244419514251,0.58230511751049,0.4766788556305929,1,82,camera
0.8979530598970366,0.992756004919875,0.9294942899005825,0.08082621881406596,0.23988045799468596,0.5928793386130283,0.17658637164440982,0.04502247281470685,0,76,actuator
0.7461293926648979,0.985269317585947,0.8123620256950214,0.23149429468428273,0.08884165770760676,0.9234359755985332,0.6622487887151963,0.18913778595255354,1,81,camera
0.4669264599578283,0.32643221904171027,0.9303391594873777,0.4699885673844291,0.07117988477927659,0.6560586962038936,0.7753618735797881,0.2398547056591844,0,17,camera
0.9863980142846904,0.6267260820304097,0.9103887131589878,0.8010064281173576,0.03815327999165759,0.3272212021208519,1.0,0.23477917526052913,1,80,tracker
0.9551891214677677,0.06986072850308794,0.6673128363979342,0.715922626466927,0.4967260767274885,0.7040528435356451,0.6046212716057505,0.5433537377054197,0,67,actuator
0.8509613191519851,0.696751122671892,0.8875358791018153,0.6704942870119429,0.253067259190327,0.8439256125318921,0.10686429036709745,0.5697158152789262,1,76,actuator
0.8644146952193614,0.8052146334100856,0.8004391486104891,0.06170901574946932,0.03168939670393768,0.9830183669434179,0.4754701893999007,0.067872188996194,1,68,tracker
0.6647854982592144,0.8711640817502526,0.9590801249269095,0.27692046111893326,0.048957996007252216,0.6248935824019365,0.6895126236393331,0.1707515013048281,1,50,sensor
0.766284787283186,0.8828518155561698,0.9231071341960998,0.8260965228499249,0.031963318860270325,0.8127024457878654,0.8765278086566178,0.6456533097328199,1,12,camera
0.5328754920292459,0.9434690084432031,0.9127832093990784,0.8642272189495748,0.3437855048688402,0.8421607045003503,0.5509934067206197,0.7822969815420093,1,52,camera
0.5305937799865997,0.10821156251809497,0.6694085146670525,0.7063906270358207,0.19189314795072035,0.3628542957084005,0.4336955505873538,0.29744748282062516,0,59,sensor
0.6528844935152723,0.6882065670092101,0.8815163242329984,0.31139697002481126,0.026071224165620355,0.9269087039337893,1.0,0.2965301819194697,1,3,camera
0.9731096345755142,0.4528249209246181,1.0,0.8200031177069903,0.18797548551649057,0.8506669881896304,0.4191772893423706,0.6094476883157717,1,98,camera
0.37309463772520174,0.963358981334169,0.7449599399070482,0.3179823100909416,0.2354597182872408,0.8090590617918982,1.0,0.25822897277262924,1,94,tracker
0.2883425615312005,0.6427149884677918,1.0,0.6921000746887251,0.18085875892403064,0.8289425199610243,0.06364118881663443,0.6563595289950037,1,18,actuator
0.8949512366958393,0.6219346079566217,0.8991133810377137,0.5872537567203808,0.7925065680112888,0.6984533155823127,1.0,0.3641523957771866,1,81,tracker
0.4686389492112914,0.8260140829915468,0.8803513708897671,0.708136807700919,0.23644929250784577,0.6799721684837655,0.5855607922780941,0.4481227400346989,1,52,sensor
0.7104377790130337,0.26147827271907,0.8632446590009033,0.6046246112793798,0.04099921198008781,0.8930731449132147,1.0,0.5204743535523481,1,16,actuator
0.8870318402499795,0.7977665661234965,0.7084151132396576,0.39284222782342637,0.4554630995836496,0.669118313298754,0.3495413626195985,0.24944804190498654,1,87,actuator
0.6066201756907232,0.9363331633993607,0.8606596848228651,0.6216868984200575,0.2513651413350332,0.8486081905278331,0.19390348395068546,0.560183591798354,1,40,sensor
0.9824943362410534,0.4722360974213356,0.7810240164336504,0.058310018196554896,0.13102399407240933,0.8508722276711984,0.44708216666222034,0.042632277762829185,1,2,camera
0.6984328836382134,0.6971044400465933,0.9541109211891128,0.6834980614617178,0.01754486036588171,0.88448227525141,0.10865566774269181,0.5987607267748138,1,16,sensor
0.8849795290205029,0.5789485511610192,1.0,0.4461028382838803,0.0162486634233141,0.49609745673051636,0.8946204242937409,0.24119144436093948,1,17,sensor
0.10995463043538921,0.5204327445264302,0.8849876276350348,0.589801075356158,0.031027056091722505,0.929901523845243,0.33688818676962523,0.7036989989615365,0,23,actuator
0.669998297043069,0.795391861296115,0.9076094710826785,0.3475651505752682,0.03285218676344755,0.9464161922112451,0.457474203766682,0.4292678334092523,1,77,tracker
0.2610649800958681,0.16255337269939446,0.7162948706830631,0.27814054113228087,0.032176714367237305,0.855844001568148,1.0,0.1804189909100375,0,46,camera
0.2994263671045479,0.5063276827793082,0.8671161275455902,0.2687550066073338,0.055727260993959506,0.8099805498851712,0.1836007009985323,0.2075170565492791,0,40,tracker
0.8760760948688691,0.5064935979100778,1.0,0.22892136921817577,0.2750694453681576,0.8065245123347141,0.36314253364688326,0.1762365733768457,1,97,camera
0.7203233586735373,0.6118693497204483,0.7409970359515983,0.12306569044508422,0.513997140957764,0.7811894496005938,0.45559079212645154,0.1021221323426477,0,80,tracker
0.9879703123105025,0.6862990969000082,0.7016510047931288,0.26444849976759144,0.007161319082620512,0.9778790334532581,0.12305110795690646,0.23206756011957919,1,26,tracker
0.9087388385165324,0.9393948105632028,0.8641654310446789,0.4384797292466383,0.12131592818846171,0.6718464684951725,0.9255975309929222,0.3046818114847991,1,91,actuator
0.44428793774977915,0.6377720372569053,1.0,0.6473773202201476,0.12254082518360838,0.7639465864153694,0.06001508704420269,0.5122029275254434,1,8,camera
0.19371139688299172,0.4618663788629898,0.9027173897839031,0.09945043826396543,0.05010950765117521,0.9593464339430262,0.03660680805715784,0.07544036892076933,0,30,tracker
0.780215062803363,0.40302668907920647,0.9695177608118815,0.714272458516777,0.17370656217405664,0.7110321614031397,0.459855541801065,0.5378042499747628,1,49,actuator
0.2607557441006562,0.45782166181647055,0.8148123349652953,0.7912762673546062,0.3699480061019023,0.5531426894208711,0.8283547428951477,0.4781236288274088,0,53,sensor
0.6954321115440169,0.3251392411368968,0.8397995034761618,0.46294091727055753,0.26538739991572063,0.5876805050900265,1.0,0.2864699618966999,1,62,tracker
0.4777949390219261,0.09750369613687047,0.7557355953384964,0.1880124283562443,0.14694925409623288,0.6683675870039785,0.5619791665317382,0.1367733153949822,0,16,sensor
0.544450616982345,0.9833633045468794,1.0,0.18599681296345777,0.016384912051743396,0.4396842489456019,1.0,0.09842013083908692,1,78,tracker
0.7398694979464268,0.8106929891954004,0.9412973617121978,0.5531068362029032,0.3081426741613343,0.6660360402749557,1.0,0.3391384739221188,1,88,sensor
0.5012553271556809,0.9281916581523562,0.8101313356881893,0.7113185637605239,0.07768737389848948,0.8882855084429095,0.5345800593183416,0.7037539221255312,1,85,tracker
0.7998192497650071,0.5864189011461957,0.956228756685937,0.696095960672388,0.06565417986014811,0.9272071028305419,0.6919283147555362,0.5962547533629748,1,51,tracker
0.6208946721085491,0.3720449490491601,0.9465700510444915,0.05535587935664098,0.13694107873663897,0.8482388450371602,0.5069794466651213,0.04876729688170992,0,29,sensor
0.5487621547815431,0.7333946452211321,0.8643341706326801,0.2837563360505198,0.17250038386005867,0.2898165305003243,0.16231516764678283,0.0746837232279327,0,59,actuator
0.08878850470461223,0.08435128422781503,0.7836171956205374,0.3733094080832934,0.30289123827248376,0.6758375991968207,1.0,0.2378186746779639,0,28,tracker
0.9585067499122208,0.879532371249338,0.7344852982423618,0.1690614337525148,0.25664042275457044,0.5143745610860361,0.20369035139599784,0.08651039673360401,1,10,camera
0.2021214378608551,0.4323747994488058,0.9678226794577256,0.16927827597847117,0.635485935774476,0.4368467731720585,1.0,0.07696711433425818,0,25,sensor
0.25593998389369393,0.04064352887057258,0.9341028857586746,0.6747630772171335,0.5087069723484928,0.3389202243054675,0.13977187171002803,0.17034791422156073,0,78,camera
0.6131924344593174,0.965100644784481,1.0,0.5686827712362847,0.17096812710085874,0.6845889551138574,0.6179484771622539,0.37673215962538875,1,12,camera
0.9705849750462251,0.9766566456603032,0.8366272897608539,0.5054547628440548,0.037386973712631076,0.7533533946170208,0.745580375169029,0.35487521126512256,1,85,camera
0.7233153883133066,0.8831678326595219,0.8148481834456988,0.7652700605408401,0.10947753886260618,0.5667535089153826,0.3504466438666827,0.38894405023985,1,43,actuator
0.975239238470488,0.3933730187435214,0.9315079663669545,0.3508712591229648,0.21696812324462086,0.8751503242966492,0.17800813817680547,0.27708163570202154,1,70,camera
0.6851935297729488,0.873966220470793,0.6999368330655671,0.7627190150979749,0.038836906785889226,0.9256938576412743,0.32374152043987264,0.801014681598851,1,5,tracker
0.9428038124201373,0.8651275782772908,1.0,0.5624195485041857,0.1908597037411166,0.5168683138067361,0.2102694517354749,0.2954364497413081,1,81,camera
0.2679055867161645,0.01785332455881093,0.8653990186663936,0.24963965922945897,0.3799553923450709,0.6338295561338776,0.22927925812028604,0.15919307155738288,0,35,actuator
0.7756071994935998,0.5189128697410791,1.0,0.5864731664670499,0.02328751256163692,0.8871080515866984,0.4806097990615872,0.5519203529429595,1,99,actuator
0.835365932301453,0.13164668714650743,0.6614235154408453,0.7207815758730288,0.19185147429987587,0.8391608128281477,0.3225672430865388,0.6191925604973736,1,67,actuator
0.140843629229092,0.8215940031210843,0.8122195761095216,0.706076926782577,0.636671322413432,0.771649721661092,0.7474725802653956,0.5903730921262338,0,88,sensor
0.8763878567369846,0.08842804146963884,0.8319923270998638,0.5233739437467865,0.02740610890999575,0.9210093260328434,1.0,0.4760895801166931,1,8,sensor
0.5320113600731909,0.7411453866829257,0.9310432800885986,0.17590433325203814,0.20764208193711617,0.5888378069641377,0.11662924325371682,0.10651970469410446,0,24,tracker
0.7642495238963097,0.6994097889487577,0.7721128513072053,0.09594417124297051,0.24411630203375728,0.21013491663210068,0.3658992359650906,0.02140911844059535,1,20,actuator
0.963896972721488,0.6943257069538646,0.8700236080309737,0.6248289397472716,0.5329822700317572,0.5231666515781896,0.1936467191774813,0.30932708260738606,1,25,actuator
0.23416287040632114,0.4069402084019132,0.7463047675885519,0.31472248744038467,0.02452350787641594,0.9374273672101282,0.8765738484352369,0.3029183052299731,1,98,tracker
0.4605542852187579,0.902941961303882,0.7457945130980828,0.6948848599000341,0.20153564528090526,0.2179858329734572,0.06976866056037903,0.16337156622649493,0,41,tracker
0.727898478450702,0.6930017562778742,0.828163775781574,0.9072900209146981,0.059253505553702936,0.28134586628092983,0.2922418787486652,0.2896335389552396,1,61,camera
0.8477394299929168,0.6829667538229138,0.851020447901612,0.5261133744985026,0.07278869762673339,0.9102960702989032,0.16121958376349194,0.4246139276557102,1,18,tracker
0.37994286120815085,0.2496107366661243,0.8757096478937737,0.6077999539866629,0.03419399311648451,0.9163125075368023,0.6184157869465284,0.5751758212253748,0,45,tracker
0.34517834801394365,0.9870571535946749,0.8935389101132469,0.6386815264716895,0.6873532438076032,0.5359595920794218,0.3608911360965757,0.37542640977803005,0,1,tracker
0.5572423540895788,0.5575781384281892,0.9303071807463069,0.45510344433061145,0.46994606595580446,0.8469835294170335,0.2166898650484506,0.41623718943298244,1,28,camera
0.24957338659712902,0.8892653641114271,1.0,0.5067749187980359,0.6205451426182407,0.2352043828319995,0.326712051724004,0.12563491471007965,1,25,actuator
0.6275006189758855,0.39567250319366226,0.9829262213001038,0.5991232689497793,0.23600532542116875,0.8012717531460176,0.7763682230868458,0.51845642721703,0,52,sensor
0.5487702254429733,0.9035340965573047,0.7389114726820262,0.7004083639895753,0.7762518417654584,0.7370934116768966,0.9832521145301024,0.465248278010732,1,67,camera
0.10978390505502049,0.018638251427111088,0.7985696045118653,0.5496014453093923,0.2551360949238273,0.6133834578345876,0.398385486292571,0.3557415437007582,0,81,actuator
0.9348151710555186,0.9095192545287674,0.804838570421019,0.21682987494256023,0.3358870077779307,0.8021878672980297,0.8364114843369385,0.1672523056386014,1,6,tracker
0.8626648781555911,0.9935106404275693,0.991649031644503,0.1242711139628573,0.951394965307818,0.5304336439770422,0.8002571125191188,0.06248046018666539,1,58,actuator
0.7687402496275043,0.5410039924301393,0.8073350680373232,0.5270819628911472,0.5809464698191407,0.46604313675055564,0.5099760645860766,0.24108631556669424,0,9,sensor
0.3118702139451364,0.9018634085550443,0.8717527226478909,0.9710857044987161,0.09365714284846531,0.38871348283657836,0.22206312190200786,0.3892989152564976,1,45,actuator
0.9154631269030155,0.27065779398543544,0.791018839196207,0.39854289196907655,0.14030470075696386,0.5657987480446308,1.0,0.21415487041995399,1,15,tracker
0.7743348903978935,0.5221175616180913,0.8840265126694389,0.6937313032805402,0.19993881484123538,0.9177385453487164,0.9792220323066693,0.6435580660212725,1,51,actuator
0.3868273592925981,0.87397637336313,0.8781312870761486,0.4080179410353095,0.3019044598281083,0.7933879247538503,0.38463100522855737,0.40478254728116164,1,35,actuator
0.9052655212919781,0.5357654633440948,0.8922827531071683,0.531619247037154,0.04334055071622139,0.8509978292735008,0.21779378162545535,0.426260526925934,1,90,actuator
0.9554639013520365,0.9421686833047598,0.8958309936374558,0.21080168735072324,0.08827119725932628,0.43812979184736744,0.5111365388571275,0.08591967901547484,1,77,actuator
0.23812748464892425,0.12499819599680394,0.9717799087204833,0.5247799861773762,0.4491831585336737,0.572026006429182,0.4903139623850456,0.32286751398207636,0,8,tracker
0.9459471881417623,0.4452761619627971,0.7073047185736916,0.4643401672937863,0.18530035098911246,0.8669227143453777,0.5578502635183801,0.3582037450802555,1,40,camera
0.3336183185597999,0.8797761016500546,0.9546262453805288,0.5269709159505562,0.35153011052206057,0.887100396957653,0.46447777671417706,0.45617890021417445,1,82,camera
0.8903481843922841,0.5424884328390536,0.9856171086661644,0.3866623940287247,0.4297449291187149,0.5131835419193572,0.17129569892376495,0.1878715017509044,1,86,tracker
0.1061635865543714,0.7130508510016705,0.861212965085082,0.4628454234455826,0.017641723548962897,0.7939395203001913,0.5629844605163985,0.3350817530953526,0,75,camera
0.9965010487113064,0.6931269318169672,0.9149702128835139,0.6332797877007819,0.48651758865487127,0.5030879309583334,0.0755981381755091,0.3485659402053085,1,13,sensor
0.7110578756036979,0.6437380877204809,0.9618576405811599,0.13607260662938542,0.13611403429631747,0.9234780272579295,0.2659922653367647,0.15087109098951845,1,93,camera
0.13254287322077662,0.19951020342002312,0.8040713185483462,0.6329626415611052,0.20371088602337886,0.9155028927905051,0.5741091308439515,0.5798544338829198,0,93,sensor
0.5805229245740101,0.8701987927628525,0.8335444335815937,0.5870177591451177,0.06188269528964846,0.8376661633253986,0.34944970982118584,0.5084129595235007,1,98,sensor
0.3515737583666859,0.4823894781160277,0.7678817045586015,0.22546664457357313,0.8191085446491014,0.654307213362131,0.37212131884724625,0.14721910971400912,0,90,actuator
0.6672582156865303,0.980008851113139,0.9168390977272751,0.665919808714249,0.3783497888612745,0.5213300605020516,1.0,0.3653660626122979,1,7,camera
0.5701438968679376,0.25329120932755206,0.8093699576107728,0.7421892966086662,0.8203580016052759,0.3227482455008458,1.0,0.2308607602245696,0,33,camera
0.8054244328342471,0.6203177114500174,0.998485370517806,0.7483456010454472,0.17963666792547264,0.5496031741678294,0.3810521072005507,0.4383348298265883,1,99,actuator
0.7632583210048611,0.7533380693511142,0.6888121852037069,0.5377552527349262,0.06597653272875094,0.8253792447664854,0.1286214654486682,0.46150871205242894,1,87,sensor
0.6498791706056561,0.4646282298982306,0.7962040242495387,0.6539463681704962,0.17908467528500652,0.4641304867624841,0.2581107086999177,0.25395846659969074,1,43,tracker
0.8763818815788286,0.8651076462004708,0.684563427561732,0.17304224592397943,0.03839319323239263,0.9556711643015336,0.08050056486376858,0.1608671999063847,1,17,sensor
0.9736920186074147,0.9457455123605064,0.8961247957508567,0.3708611489365095,0.17317303954142083,0.8079242775779086,0.563894705858975,0.33497547857482296,1,85,tracker
0.861496053151428,0.23874543948351934,0.8245624374448502,0.2390657623596422,0.12160343034395427,0.8410183752503888,0.3555260019315853,0.1840916321881451,1,76,camera
0.5470412285561871,0.9004062297054133,0.7779697351212403,0.34437889467778243,0.13952073092005648,0.5778444987127759,1.0,0.18297365040077296,1,48,sensor
0.7546554680191228,0.17534897095460905,0.7406194255453694,0.7280172435854207,0.4911582222524098,0.718335692167749,0.6836783439795994,0.4672666079263909,1,93,tracker
0.6680577710482443,0.43949563824796317,0.9446869835299436,0.3316329270855809,0.15295221410725796,0.7721290894405727,0.19139535289262738,0.2405846778873486,1,34,actuator
0.8073264811789118,0.5170991698125469,0.8266185479913043,0.7527603781949012,0.006182788812439347,0.969745780544186,0.7904120640929697,0.5994740313232413,1,93,sensor
0.8507182196648333,0.347153432991599,0.8447774913532401,0.6644473278716545,0.3558807762115376,0.832415219772581,1.0,0.5516756712674952,1,52,camera
0.8890451653035304,0.3575107584010072,0.8634912401222722,0.16299806442908915,0.24712090132368733,0.6909134816679803,0.9445743299413529,0.10342831428876745,1,16,sensor
0.36512623712874137,0.23296816833200332,1.0,0.43220853065758263,0.49018201246172327,0.6796190428347165,0.6086535237381744,0.3029679179954814,0,6,actuator
0.7961574849590402,0.16052969995092836,0.8945781710293548,0.49676798476641654,0.2388842223732351,0.22202733100854236,0.4903611984571907,0.09015922046951907,1,31,sensor
0.8027334274413783,0.7414997890360537,0.8779247826771374,0.6981300035821336,0.16066263121538327,0.4137323810897878,0.892399388887541,0.2886404570268838,1,47,camera
0.4526044702292992,0.6899428755980275,0.945238714565283,0.5211088646730613,0.6998673356192513,0.6079712499707093,0.3458312206976374,0.33986128391748827,0,38,tracker
0.8525333502849305,0.5120381393954513,0.6717853262559584,0.18927387988434496,0.27867321137073037,0.6783099703942904,0.6617292111716887,0.12618142821221123,0,71,camera
0.8562097664573588,0.989083544229996,0.9217984520250463,0.587976172596555,0.36542275913407796,0.5216747506139694,1.0,0.2741368567890686,1,56,sensor
0.17949967533605235,0.961190291871986,0.7413935400326589,0.1908331061466368,0.15083236555906718,0.6188009432105405,0.7816579142217593,0.13739994285772952,0,35,tracker
0.8661037601679856,0.5928451693777926,0.8207646660733082,0.26874317360030503,0.061449975675872535,0.6761442266311631,0.1957289178825613,0.18131893290021764,1,45,sensor
0.7477187090670676,0.1420285893824268,0.6777048594917066,0.5200328130797035,0.09801797239000312,0.9152016679717083,0.9872129791495259,0.5104475319700319,1,99,camera
0.754049004946623,0.7344868843338159,0.8238433927955623,0.21079260672598643,0.21487252870508233,0.8155408807959336,1.0,0.1819797391773105,0,41,sensor
0.8635871384163619,0.48868399367044163,0.9039591951732701,0.884961089241596,0.48517610393139465,0.5336011887376164,0.6474182657173605,0.5135104581287042,1,53,camera
0.4531694374530386,0.8355213684017415,0.830862900227982,0.9099267633875502,0.36810476845775864,0.8465164100611764,0.37424578482719845,0.8120014719288194,1,11,actuator
0.4876009656834047,0.6094301279419758,0.8932015024575982,0.8658903345178012,0.32440491701734586,0.6506868360614313,0.4264555861779446,0.5849988437147645,1,60,camera
0.4477274210976924,0.23127884741870974,0.8134916333907455,0.5139193535740957,0.1603931687661651,0.817288860829024,0.4233925377197129,0.3907386173717143,0,23,tracker
0.627907677646835,0.10586144001318562,0.8503484947817146,0.6567652773250212,0.055779918345384094,0.3284163368402289,1.0,0.23224707354666874,1,41,sensor
0.9160485161317646,0.9519060614792177,0.9239801195538514,0.26108746663706933,0.2361724668564707,0.33162345623683764,0.2305795279327357,0.10087421769149871,1,93,sensor
0.7510531447126908,0.6890672873654508,0.6478358224597544,0.4267123707318046,0.2057906058405396,0.4416016158496316,0.6277935642361375,0.1848615321253778,0,80,actuator
0.8740614264303632,0.9175584893812921,0.9274432722311543,0.3732556297705533,0.0023261869717339815,0.5746947613520969,1.0,0.17600752720338722,1,97,camera
0.7596413277878301,0.7750237872638349,0.8422416632012317,0.5585955623208398,0.19477853700642642,0.5685634420098769,0.8402444903212402,0.3144379527515333,1,41,camera
0.7053852529481185,0.6513837645181166,0.9776104465940454,0.13119110088311492,0.5521188948928194,0.6462881273832801,1.0,0.08179985452646694,1,9,sensor
0.5382125069370814,0.23332499238155086,0.8713495089571606,0.6656833924663151,0.10519929503965908,0.855317258329677,0.0614710970370516,0.5947048548781542,1,10,actuator
0.22555245570069737,0.62676346638869,0.9899548848005938,0.6948788877480863,0.05816889575704602,0.8752302926614495,0.9655992492425625,0.5906047313271773,1,13,actuator
0.9944662461168687,0.8395633957854309,0.8461373592249042,0.4700610171571372,0.2456771742945764,0.795247165021869,0.16380840965006283,0.3799335418297414,1,3,tracker
0.8301700268467699,0.8063282039104025,1.0,0.586606162444797,0.6190818607105387,0.6034895630640779,0.7509121907766031,0.38402877348612663,1,14,actuator
0.5943648130739234,0.3248166279902465,0.9529531281009831,0.5011700580814256,0.35309893318389685,0.8893713421268257,0.6676605901612779,0.5256849293519817,1,74,actuator
0.32418719528699147,0.7581374052236717,0.8366796343855776,0.43033633377247116,0.1003708582347663,0.9390618900661274,0.30262317877348666,0.42252398834368987,1,45,sensor
0.9528375668619993,0.5620443206512551,0.8585105019928213,0.5199532973506465,0.023627190997063584,0.3787083821720747,1.0,0.18277545734928047,1,10,tracker
0.9823415663599113,0.4835643701489067,0.7679351570353962,0.35900491459634815,0.029826035006930107,0.7549554491095642,1.0,0.2647178396166697,1,89,actuator
0.8453863736896896,0.9555803044119768,0.8624134714071877,0.8257210378646249,0.7221731583476723,0.5306882435394076,1.0,0.4726929268275716,1,46,camera
0.9579680680031278,0.5289729249272368,0.8417347156726238,0.7073047586270892,0.09885040186456595,0.7456798299948781,0.5936084441451858,0.4541612215288679,1,62,tracker
0.4057709830319561,0.5281711068576783,0.9141464295777216,0.6974049731489687,0.860252192067567,0.47467357673494986,0.8871893694748382,0.34076477457233323,0,42,camera
0.8156829749902389,0.11090898696980428,0.8031778661769693,0.6444136638319307,0.3157405781272875,0.16442621923295267,1.0,0.10895475345046132,1,42,tracker
0.9006595139133536,0.6690685301078909,0.6934728553506199,0.4713218702224168,0.40726996288923145,0.802436784924449,0.20491577160741536,0.3833539454130035,1,1,tracker
0.585853327540609,0.9625631605968462,0.8870679970812908,0.4555321993570758,0.5406939903870795,0.21843278471405506,1.0,0.09975235033675746,1,68,sensor
0.17802378650475545,0.5537646105153128,0.9884913882685473,0.3016468068518478,0.04088299606619171,0.8398443481569771,0.25144418604837393,0.27765145070600084,0,60,actuator
0.2723541821674977,0.1626628138401087,0.8344494147784679,0.7928722993567052,0.06068697145411568,0.9654684668276091,0.05424920079714784,0.8431515672022919,0,75,actuator
0.5911513540024533,0.9570067872681314,0.850628076171311,0.3493295584834025,0.38271035080335425,0.8645852011708717,1.0,0.3366232543419469,1,18,tracker
0.38355701226265604,0.3915372441614051,0.7449109624136372,0.4717833654569354,0.43736317353369136,0.7470672233255646,0.4125534540928492,0.3090902548441967,0,95,tracker
0.5314397258643373,0.6569941948867759,1.0,0.49468109854731324,0.031458111433158575,0.7832404903226886,0.2312200741446371,0.4106721472068474,1,1,sensor
0.7721495372991002,0.7481124124071483,0.8653611241461083,0.7278969570023605,0.6025800047411577,0.668397508639854,1.0,0.4617726726047727,1,76,camera
0.9553293988434294,0.5727156365704745,0.9215883652218955,0.3032173032724688,0.23317610435457903,0.22929641281187546,0.30359531769606046,0.07406437184061812,1,66,camera
0.6509157082000944,0.8611881109352172,0.8362335910610887,0.08975453262573992,0.20731956784219463,0.6934215405755999,0.27568702692243924,0.06272724641573686,0,72,sensor
0.59997992506409,0.4218031099344661,1.0,0.2360056304800003,0.29620369652899103,0.5652912810886475,0.2894710435791212,0.13980344692754976,0,57,actuator
0.669163033768175,0.560927926335817,0.9513413808591872,0.09836383722328666,0.37785111266857535,0.8124938153428874,0.4521568969110987,0.08781553764207391,0,6,sensor
0.37097844580790273,0.48572343469742335,0.8367184865319837,0.40753032665903627,0.597885721839683,0.46873666505794204,0.24992238450359558,0.20298215984891088,0,6,camera
0.7626911020017185,0.3724161119179527,0.8838973231213677,0.22360833418470144,0.0068454577243146466,0.6069408403124597,0.880158903391078,0.1372914143789003,0,96,sensor
0.7519632727518303,0.938839758748136,0.8595682055635877,0.2590778520536743,0.12353019873494672,0.5645862821995459,0.26703090506338456,0.137096352635927,1,27,tracker
0.8018637064234464,0.9819159294142878,0.7556883706432853,0.35750165936218176,0.4673340541851795,0.8485367649306469,1.0,0.2908619021513667,1,43,sensor
0.6692881229756293,0.36796762114819453,0.7548661081481646,0.5309509275088505,0.4764952286163725,0.37686040209634764,0.9659496801109,0.19807110021829552,0,16,actuator
0.6509594786037619,0.4084613213132246,0.7749183944599194,0.18092608530420018,0.1884593885252114,0.6827356522060802,0.9292195327608244,0.12217693299868862,0,47,sensor
0.7123305342914323,0.9230343097828332,0.7644959133027573,0.7252949892806513,0.11609112896677443,0.8259823715999594,0.26022617289662736,0.5874907650647467,1,51,camera
0.6336736952008772,0.2684060567855305,0.8152470045230802,0.4962959048167848,0.04196184617652384,0.6438197866938337,0.33813836916318357,0.28954125645763085,1,91,camera
0.973186095349173,0.3548601257862402,0.7762663303813983,0.7303820016789259,0.26213684551296107,0.8638453470447993,0.5260435213642298,0.6520495930820653,1,87,tracker
0.8991932734344803,0.5516632798522246,0.8005800058463185,0.454685489487182,0.8757904275256678,0.6121078771873589,0.8008825948251064,0.26577441563941145,1,92,actuator
0.4828853266608495,0.8356704657924304,1.0,0.6778588314983844,0.15245550073584718,0.7264390710255823,0.5945406490304908,0.4780644552156753,1,12,camera
0.2516253585134892,0.6117039059023932,0.7816899422766305,0.09537529004814821,0.00967963775698353,0.5789102997455228,0.20512847915712412,0.04701549978873985,0,4,actuator
0.7507642096720583,0.24517093767480758,1.0,0.8681990511910793,0.29186257342503924,0.6900409739970695,0.3175652729235292,0.6204801694591336,1,45,camera
0.8861658412640872,0.4459375241435045,0.8150132808943178,0.22349126609130934,0.5531613487634257,0.794564877375704,0.7425856780924035,0.19999448555384666,1,25,camera
0.6334431002871581,0.8494697471375219,0.7399776698726233,0.5515907723812864,0.40502480454493844,0.7933994017071551,0.44146504094845507,0.37649145221081887,1,66,camera
0.7986242376782278,0.4141974312183252,0.8462367440400753,0.7226137173126489,0.2354546179656089,0.9201205119825902,0.8334655921893395,0.6148328376765718,1,7,actuator
0.9536946575011955,0.7101136798642941,0.6936177486032108,0.14859823021396443,0.4307796060552233,0.49193377762212576,1.0,0.07973871013385964,1,54,camera
0.5100489210061561,0.5346287715621665,0.8745389748942819,0.6756280162156743,0.81775297807439,0.42538725887876083,0.871009520779325,0.2675721153928447,0,88,sensor
0.9454065137202718,0.7909735505956706,0.906550525786908,0.5443645843190356,0.793565016267682,0.4792360575971874,0.2193696092041347,0.24131721328636302,1,18,sensor
0.8763482980974411,0.998007830684092,0.9400952693923846,0.628783971769002,0.04024194175428617,0.8275946926044531,0.7592949330293971,0.5660828178758386,1,83,actuator
0.6714437096163258,0.6010322014371616,0.9585817984002941,0.32078845411417195,0.597390105682505,0.7694812732530879,0.07162942287269906,0.25756817099732315,1,99,sensor
0.30148815878889795,0.6336308898653797,0.8361438012523199,0.32879512848225173,0.038239479302878285,0.6983914246646208,0.07977287877752616,0.22244091068344413,1,31,sensor
0.5398544730419346,0.6694967991361264,0.8436212887391059,0.6108468252130934,1.0,0.6018912855139337,0.09276705727319959,0.39983185639961916,1,73,tracker
0.5617025645117428,0.7220633078741443,1.0,0.8426848496323331,0.25072543677752374,0.7594487726683784,0.38554640975364324,0.6111149208018082,1,20,tracker
0.8360125390664663,0.46395537074583865,0.6960191182772988,0.5486314470772098,0.12626165618285118,0.7828215808170657,0.8932850125147712,0.3893765626066391,1,45,actuator
0.9036196258477106,0.9860948021405928,0.9095919411276655,0.47466964968313713,0.33546753843849964,0.8314138577044754,1.0,0.42702914922942725,1,16,camera
0.7797463587216046,0.46114392249626185,0.941043291147987,0.41554610583631507,0.3451327328042346,0.7859223913412132,0.8025004934494074,0.31791837643160903,1,11,camera
0.029807565222885784,0.5121350687252045,0.8482398081959587,0.7112878521703612,0.16780748149447125,0.6785701132894361,1.0,0.49051911073061494,0,42,tracker
0.32008661289450835,0.43170416901192227,0.8312213528604583,0.8132162544712769,0.025119561516401316,0.8848939528367247,0.4057776509363047,0.7062811839560563,1,57,camera
0.6796812970429391,0.5213938202927018,0.9523175442507409,0.3105682408535346,0.0076601299072114005,0.6755055755404757,0.6044534111799442,0.20930877784077384,1,27,camera
0.6235983494104178,0.6756648429338495,0.851685730085842,0.6585994005745229,0.041026295231723686,0.9512752106294641,0.2630100018511144,0.6445404677637908,1,7,camera
0.2887967889753157,0.20761478230254246,0.9703473877094213,0.6176899188146782,0.026450107754511697,0.855520955019031,0.31933607630482624,0.5499982028087369,1,72,sensor
0.5622803028750467,0.818312639495574,1.0,0.6547994176182257,0.26565017523362744,0.6292433228938096,0.3672366767196635,0.40327848203435407,1,53,sensor
0.6338918278166074,0.7540686340473717,0.951526699718599,0.1485830888805838,0.7197547195636876,0.6898477279594945,0.7257727928520714,0.12073006951646137,1,60,sensor
0.39333251204593905,0.7342130329845395,0.7343457224024643,0.14199557421343872,0.30193814069902825,0.3717842744949304,0.41308582022500373,0.050561248309584535,0,18,camera
0.02078664526226538,0.4455157181553702,0.9259989082222938,0.31046374260383247,0.7771103199204772,0.35991096126021754,0.19959666042963578,0.10938377592116806,0,49,sensor
0.6968410775938657,0.32542678529466335,0.8995371493701438,0.4768588369595478,0.21475608178525568,0.6800263858200092,0.23788738363098472,0.3228515488401878,0,53,camera
0.850916180229773,0.3436749279335973,0.8296501093699244,0.43528101552132964,0.04817254186161393,0.9497814135713304,0.20741868685613096,0.3994679764281705,1,83,tracker
0.392885961329766,0.8490708171015019,0.768357174839998,0.733914962531809,0.09071622348087031,0.5992269775774611,0.6962606840107329,0.3582302536691934,1,72,sensor
0.5047211166798773,0.7041373688119598,0.7921051764008148,0.7775941094176416,0.9329531270912668,0.6410278828493571,1.0,0.5491298209830877,1,80,tracker
0.7878602045496321,0.8644081637307253,0.7976954366766232,0.17243330657125114,0.23678606667542645,0.22800685974585003,0.9782919441779185,0.031456547982877586,1,18,sensor
0.9085150227733678,0.16074911969858652,0.9039251419983584,0.17123310236295744,0.18020500290452207,0.8155492255580794,0.4934423437675487,0.13244894245488742,1,39,camera
0.9475609215937435,0.7566779377996962,0.7708513030781392,0.7849078978335072,0.0643886815151341,0.7455414020558591,0.45162593655120997,0.5481712468150842,1,63,actuator
0.3386918298867529,0.632247778768259,0.8169311186105412,0.39708483928523997,0.047618058022674735,0.9064790374530739,0.48719487323401933,0.3897300766921848,0,5,sensor
0.9889883689634602,0.8911394212234759,0.7642483217507787,0.7425691006106144,0.6527603923410072,0.4450402707583506,0.5009147119475339,0.3355123680729526,1,95,actuator
0.9685863736059993,0.8435460065939036,0.6576532557666269,0.534588150680189,0.1157434915822366,0.8570980721047281,0.17614671939508106,0.40148506211524077,1,73,camera
0.9728512633592356,0.758643165006902,0.7926907097199791,0.07766753482879124,0.1451915849401068,0.7020819605979329,0.4501250591656175,0.05237312157167277,1,7,tracker
0.4581322279530559,0.12949066220241598,0.8505489089085366,0.10304499509536344,0.015135740828455129,0.8910776617973214,1.0,0.09262321227607487,0,18,sensor
0.9876295645235067,0.06713107820695599,0.9157785200575064,0.5441176734617158,0.6736679748678813,0.5199425038988008,0.48312457838131645,0.3034159133492649,1,17,actuator
0.8395682073143845,0.606986049232502,0.840420556737063,0.4121828547949167,1.0,0.6596717352214267,0.4110750334719784,0.27197426506258615,1,97,sensor
0.7895748290854564,0.9287792031487517,0.913602860811776,0.2675677766791303,1.0,0.617133462485804,0.13363518245691625,0.1571900901175828,0,45,tracker
0.46195537799788183,0.9952643644125633,0.8804974848870063,0.5730403542201514,0.23285386522002233,0.8376605877101103,0.280004106668885,0.5381609207121014,1,54,sensor
0.30012106234307406,0.3204740659508541,0.7658669649139698,0.4980122835663876,0.048180425701462984,0.8304810603119674,0.454597948024359,0.38457381822074305,0,64,tracker
0.7565829495058947,0.9363276836669018,0.816608034870372,0.5733647191003193,0.46382138609285206,0.6816877111485308,0.42969569255592416,0.41893156792486597,1,70,actuator
0.7569409140727181,0.7980794661888604,0.8423157219908867,0.2987299894302189,0.40240551582106504,0.7037946792912909,0.42201445117821285,0.22569535043008213,1,42,sensor
0.9883418354768534,0.5536844739876543,0.6927350350626692,0.31484787864996155,0.344291632823552,0.5556696282704849,1.0,0.16643341477517062,1,72,sensor
0.847384104307846,0.4047593451800434,0.8733400831013665,0.3451277618924622,0.4394980406837437,0.7382830511579784,0.28743901501329977,0.27155504418930654,1,1,sensor
0.3487601055090208,0.9747382920195709,0.8193836511361704,0.8724670728161591,0.24703141123298483,0.6091812221319061,0.25172325869313583,0.49531515359500217,0,3,tracker
0.6764312000617642,0.32621362896850725,0.8030084445086698,0.2939607238678424,0.6264341787596843,0.3034921729849386,0.6993503037736135,0.09553661267062667,0,24,sensor
0.5175609441937752,0.750219192330719,0.9048439384315615,0.32471323621985027,0.21575596377423206,0.7426418980970972,0.5021128175493875,0.2636989213575564,0,4,actuator
0.9155149294950763,0.8601096390943349,0.690674014947824,0.49360127543921894,0.4346640924698252,0.602610976393668,0.17475929468565155,0.3343680019544671,1,3,sensor
0.38124339841702987,0.6314839729819516,0.7742425006170339,0.5259447600776112,0.9703900747429636,0.5833819001243499,0.7418219684663448,0.34418542437825245,0,79,tracker
0.2984901709039794,0.350975013841773,0.5790859973469157,0.08412051330712164,0.07932746639470337,0.6201523500752794,0.49259503832799023,0.053230327455147226,0,99,actuator
0.45037204729084196,0.7767022227706615,0.7700761915447759,0.577978922697405,0.05110861987527606,0.9544517710479146,1.0,0.5980310549110869,1,2,camera
0.5497762051753559,0.24004265309164255,0.7877669590744915,0.40624019632270925,0.199303201662444,0.846713505856878,0.6556281269949539,0.355883289650998,0,25,camera
0.8229486940591131,0.7432282857762613,1.0,0.7883505095005887,0.413081929565197,0.5789878249987725,0.011237704211482758,0.46796085593509285,1,92,tracker
0.7418581956204467,0.8689510586485123,0.7725688163279406,0.39024886310866097,1.0,0.6715342056055754,0.29040911806700953,0.26485183703766746,1,98,tracker
0.24285374222984968,0.5149245182159047,0.8271633966232416,0.061583804197280594,0.050852204194813476,0.6393324303115463,0.5155074004772849,0.03297121471931971,0,79,tracker
0.7286220188524332,0.6579188846392087,0.7508748617760314,0.7967450024217426,0.34708990907450066,0.42155600651946373,0.7387100525417863,0.40857414623155114,1,83,camera
0.43464839273046324,0.350811112549133,0.7672157628143924,0.7666756047021435,1.0,0.6890383687675699,0.2629835573340397,0.5707537571648992,0,13,camera
0.38296422308460193,0.9832719490772434,0.7131823871201519,0.6347500905573609,0.2698376699580526,0.49291257882858114,0.3653448414431953,0.2958200570065188,0,72,tracker
0.7590268399957286,0.7271779419084757,0.7598297338008984,0.4656264526119533,0.33738666898675573,0.7711891663771747,0.15852359996444346,0.3533434982286179,1,24,actuator
0.9375669940195687,0.9012912078657307,0.9610685430970005,0.23856527286367132,0.05075736042872307,0.9702646404932361,1.0,0.2574207556308876,1,8,tracker
0.858968406769244,0.6591484390347597,0.8860524514459668,0.24697956421497258,0.4209639617638972,0.7784964623540205,0.2614610199883788,0.20102892725350735,1,35,actuator
0.8769114905238184,0.8728278291077464,0.8519606756171193,0.393768427952981,0.6607908508458367,0.61709300221523,0.2499261751484303,0.2879952170827347,1,88,tracker
0.8963590006813068,0.5987092073286638,0.6579294529089703,0.3649463392539553,0.7610294401888085,0.5402530221655567,1.0,0.21165446889239478,1,99,tracker
0.30347288870063194,0.6988033338086548,0.9797114506537156,0.2733140806736684,0.3552093566522806,0.7813750273544032,0.5103795554662128,0.18073585800265812,0,28,camera
0.7844696453309169,0.6044055977719155,0.8980152932141989,0.5150008310984768,1.0,0.5412009616553468,0.1800374490608304,0.25667517563776293,1,75,camera
0.3796457175830652,0.5325413729931854,0.9095629808506025,0.33401958253502606,0.2863335987754172,0.80064158409991,0.13316281699903093,0.2549369717659445,0,63,tracker
0.9092153490354669,0.43753574197793854,0.7607401896631288,0.511860703137219,0.0072236341705717326,0.4821250567034895,0.25944258584599905,0.2554403995220991,1,87,sensor
0.870407005304368,0.7563577421527959,0.7713897996010792,0.4689924771730521,0.08237059575587388,0.9279203576256163,0.23400045600648373,0.4051014228165239,1,20,actuator
0.6661608172615191,0.9735490838648394,0.7728374118035801,0.5699049341104755,0.4186018621285209,0.6222079726512922,0.9946551513757008,0.39548516871979245,1,75,sensor
0.9109068414636043,0.7391710345092758,0.9395294796608908,0.8988862049065921,0.3057500519702228,0.7666167587762682,0.3510163483458589,0.8533053111726967,1,59,actuator
0.8733346219412177,0.8053714114051689,0.8811313206172364,0.7029872121576897,0.4697094685751445,0.2707095854337984,0.3713585332405986,0.17798909084397557,1,32,camera
0.6106749757157579,0.42589210707803593,0.6538440129393845,0.18298245482153008,0.6342489084483443,0.48423462777918047,0.21161002020037642,0.09547597021126808,0,20,actuator
0.4486637226188496,0.5701571388166653,1.0,0.2135160142692361,0.07771421938836057,0.8736620615809294,0.21615740119473348,0.1872355962320057,1,22,tracker
0.30794605925940494,0.2906165379788641,0.9837172357512265,0.3387181029733509,0.1106388200996695,0.905289540667932,1.0,0.30524521645378816,0,2,tracker
0.6738307642236305,0.4992835345857607,0.987186049229437,0.3198758234489637,0.29806383335427183,0.7680713878511439,0.43107093852237505,0.2568782307767177,1,73,sensor
0.6497679857987222,0.8327139929604276,0.8176894168205079,0.2885202707778979,0.31016182437510736,0.8793176705557175,0.5406008495799358,0.268350338522414,1,84,camera
0.7897797980438898,0.22844365369582595,0.8127310128015933,0.8041001521839276,0.3134040634289943,0.21511360404473295,0.2813279473670149,0.1765472600832309,1,66,camera
0.8757298584733348,0.9878621846516982,0.9143193589178679,0.431574306813449,0.2976035732302262,0.716595043436905,0.36061283548648393,0.3353877285641949,1,74,camera
0.6641404760001103,0.48523154037846083,0.9254630632674788,0.2969633682743046,0.010955890562662818,0.4673640277568879,0.4682508934637145,0.13150781904525916,0,75,camera
0.5763956791015425,0.6820352115300365,0.7439319582658406,0.33030864754332584,0.19360761040745875,0.576221408404945,0.2422128543377479,0.20464063799112583,0,68,tracker
0.6162288987366547,0.6189131057900193,0.9046433219472605,0.05752528976388347,0.01531944990552237,0.4282032735231932,1.0,0.02412238606093861,1,33,actuator
0.4490900521595355,0.6586727532314314,0.8848941318692594,0.8261195180265961,0.5956794329504334,0.8098585327847938,0.3718595143608706,0.6769637428330517,1,79,actuator
0.37920992381273266,0.5973501037618278,0.6762858632163171,0.7107277094063432,0.4603248730535806,0.590681388324775,0.9824934737526103,0.4454820345000593,0,21,camera
0.8900285266895975,0.9714975553463179,0.9323687769019374,0.17085222461637706,0.11408463610946992,0.6339529468316579,0.2930826377007116,0.11491476915711524,1,99,camera
0.17200177925397744,0.08182150729908359,0.9989154439208294,0.8209972484237299,0.00983763862702079,0.97204155019713,1.0,0.6789808826735196,0,5,sensor
0.9301348844085631,0.4272750365344199,0.8253446896974419,0.3407374444009995,0.0740181877684791,0.6102025028572957,0.303566031269331,0.21616483209206616,1,2,tracker
0.2656173058477004,0.058139495909999034,1.0,0.4281521465291428,0.31230733681908557,0.8081300010552591,0.35088797334507005,0.34304370372676357,0,63,tracker
0.7714919992323385,0.39221017998368546,0.9540239407037456,0.33676506084429036,0.2845932198817426,0.40238732731543836,0.3882873177774669,0.12395417000725946,0,67,tracker
0.8048067796352435,0.764011505515355,0.6895129404762741,0.3285884745095825,0.09370130836645776,0.6936288529735692,0.3672462267463797,0.2394825262719498,1,9,actuator
0.6223987204509039,0.34778146161130985,0.8257895725672474,0.5865221177956664,0.07781638093992463,0.7612728277324976,0.874169489564397,0.5022948730437913,1,65,actuator
0.5934337915167778,0.8126020140190185,0.831010845042119,0.23435773216269173,0.28397177142920016,0.5906923530200057,0.7093848355182467,0.10707819833276128,0,77,tracker
0.2303645369742674,0.11758804869403079,0.7012692637628156,0.32802787536331296,0.07548190238353955,0.5910289632704319,1.0,0.20603837570668457,0,91,actuator
0.46862608646957105,0.6101654221837856,0.8424238314842064,0.10805889820512296,0.19450740659536078,0.8426876259074596,0.4349526713237672,0.08428575159196441,0,1,tracker
0.6363108922926869,0.8617799193025326,0.7812107225909318,0.6124914980516161,0.8686230830670327,0.4440967281686628,0.03963645590723792,0.24590136211109195,1,64,sensor
0.9287396268413788,0.8231679974644526,0.8702740881862965,0.6769661074031975,0.0821577078393866,0.8438212196466455,0.6436588014383219,0.5680927121395841,1,13,camera
0.4993626231528515,0.16194163972351752,0.8793216717472303,0.8087350846507362,0.15537066490342055,0.7433222696999167,0.5554308426405937,0.6557512198078057,0,38,tracker
0.8587878795865201,0.8917352097557335,0.7095821601012916,0.6291277737742959,0.16902487236635685,0.7677946123337155,1.0,0.5768752485954824,1,23,sensor
0.6252315186416566,0.3285881954909191,0.7512058006013034,0.1187481773792907,0.051025294403303924,0.5830985159893383,0.4902019045453466,0.07680549378275195,0,4,tracker
0.6432178935808474,0.7453591573312468,0.9018853459142886,0.500486826121336,0.2794619941471258,0.6716017567914445,0.7310240194868446,0.3179604077430455,1,53,camera
0.7154679429534659,0.6738438929438947,0.9673743674184017,0.4433124559823453,0.008279375088702658,0.9494606741259414,0.17502666026419358,0.39793609429991667,1,22,sensor
0.6507848714601783,0.34214950378395276,0.7661311913822558,0.3111183380796984,0.04913107044159827,0.6187619549309938,0.10220906499902152,0.17480676724753014,0,60,actuator
0.47635946355333425,0.6583779707648579,0.8892462574756439,0.7002379423760979,0.412796091324766,0.42237691814275874,0.11743763915805044,0.3013053934545811,1,13,tracker
0.8308543880267192,0.6536937240134006,0.9877281574516324,0.6501948525103082,0.2324824178062633,0.6385101996523503,0.6876555229168949,0.4260213621861917,1,81,sensor
0.5365195618382693,0.3590783728992747,0.8877726115356203,0.8999732799195199,0.3610788486521943,0.627351771237124,0.8376633549064719,0.5288238362103653,1,46,tracker
0.44104206807925583,0.19048147411267574,0.8416840415783097,0.7191640961051955,0.010735014348433927,0.9414705908768605,0.3527446698986993,0.5898577810538328,1,60,sensor
0.47982949955548354,0.9384909205095618,0.8253511708243861,0.2634987618316133,0.028420547939501117,0.9708074892852094,0.3656251851645453,0.2854576908113241,1,10,tracker
0.2679997866263585,0.5293516679901127,0.853729800432835,0.4374761592935877,0.36786461807744175,0.5298343389215704,0.40379321788129113,0.2500943178012002,0,75,sensor
0.8152558296098357,0.9708977685491363,0.9692565783998229,0.5606733567687373,0.7354346635676264,0.6866535423885541,0.6157893840802571,0.42144349127336744,1,90,camera
0.3560797965260884,0.256151774252661,0.7827835534792528,0.4287385135389602,1.0,0.663907531762352,1.0,0.25010479614235914,0,63,camera
0.9911309598468282,0.037838037086642455,0.7880263422082441,0.12022525117816517,0.0003881789543441736,0.5949808968258317,1.0,0.060925595409860124,1,26,camera
0.7941201178023864,0.1820378041130204,0.8889597545073911,0.6670558170951485,0.12996657353000735,0.7486481324295988,0.6656568947650344,0.4871136827350869,1,70,camera
0.8469582154980739,0.029031538820160362,0.6862635297821904,0.7276864735574872,0.09926006003377019,0.5692167257162078,0.3629138277402518,0.4103642090175776,1,40,camera
0.8866565834684972,0.48580310273195526,0.8893911022563605,0.6225851412536993,0.39911984125099154,0.5574284039860089,0.581355100294926,0.3761000662189703,1,48,actuator
0.3402487197517256,0.27130975801419516,0.9264772745029157,0.5775496409957608,0.2925674944653391,0.7592958040483324,0.7904102561090192,0.42183728938231596,0,8,actuator
0.7666222841414612,0.07994132315180369,0.7376241048519209,0.479846157253396,0.207532967632657,0.8386800168228303,0.2726529623892025,0.38492089261804996,0,13,camera
0.6100778093207863,0.3551742778274381,0.8963424735440075,0.6568844521352829,0.2701579874458699,0.6078147471873913,0.9026502750392933,0.3637379742170717,0,30,camera
0.9405581865363485,0.6878945608509144,0.8813087382657357,0.5965230272167577,0.13949841916444655,0.34548174195823633,0.19670174434664928,0.2122441176394621,1,59,sensor
0.6558997567351056,0.3446065515315932,0.8282705530808709,0.384763115316835,0.08360236148112674,0.5255393933465122,0.07404843000861973,0.1991041273743084,0,1,actuator
0.547232421066696,0.6720092460225476,0.901804345100423,0.4563809442648199,0.3698225819100277,0.5582331679123222,0.6939400863422437,0.26987880833010824,1,45,tracker
0.49919715849176605,0.6520041199220166,1.0,0.20904611527501923,0.534230767957093,0.39713162776832606,1.0,0.09065764135128607,0,74,sensor
0.6027886891611661,0.7974758286816459,0.7418568040734626,0.46088770018294595,0.09752326009719078,0.7524053595580558,0.7350253589531516,0.3350054124486949,1,47,sensor
0.8991245982573064,0.3565071710170789,0.792353795039163,0.17246121826524724,0.17475076601569856,0.7608407505367465,0.43810007272144325,0.11500168870348741,0,44,camera
0.6709980934827533,0.8340454970564655,0.8550994717935717,0.30659262193271714,0.027034690542099827,0.5992594109059853,0.746204888484625,0.20806707987503742,1,63,sensor
0.9292626633115243,0.9090725673905532,1.0,0.3206296170837483,0.22351838082583164,0.8478407947660968,1.0,0.3037641255666207,1,29,tracker
0.6377924446904744,0.5477757676119446,0.7251741196282147,0.8112381999089009,0.23827088282407863,0.7758917870343578,0.487729161453749,0.7036935929495509,1,62,actuator
0.9641350387232809,0.4793500714626444,0.9371360094260308,0.250061197210103,0.18655733761396226,0.880178877134623,0.23500936421521829,0.1894082748161307,1,77,camera
0.5497801032872902,0.8651581780146916,0.9279999870979778,0.508152205783596,0.16887341870723213,0.9072862791671489,1.0,0.5165942926700162,1,4,tracker
0.9047319045017712,0.5209394859510964,0.8826571919535466,0.6561694270127005,0.0446175582289639,0.9159989132372847,1.0,0.5969588641468532,1,17,tracker
0.956375147040352,0.7411547994837381,0.8878378668761927,0.682776352319155,0.0047843968971888265,0.7219429637374611,0.22439899933613425,0.45941193966255794,1,45,tracker
0.8960770220411668,0.9684472001369884,0.8893049930144276,0.4651753645841871,0.6835526078705906,0.6685409471383509,0.4620315720942185,0.37211918456451054,1,47,actuator
0.7424984327536952,0.824248443263518,0.9938825540103848,0.3807909234710905,0.3345612144384136,0.3818474333344827,0.0351411510905185,0.1268362432031302,1,87,tracker
0.5467195277825744,0.25022487849703867,0.8462268186219185,0.23831508918414984,0.28590957680030077,0.4807099668900533,0.07795920374172403,0.1182533102390605,0,2,actuator
0.3419026578787786,0.5758817236501906,0.7935315836579441,0.5713558159718538,0.3003083335551054,0.7239316964007995,0.23594325030883276,0.37048214170788435,0,63,camera
0.9482415290144854,0.7988679502078736,0.8216920831618856,0.7518275046354977,0.07851073619723273,0.48898824338613733,0.17550141624097795,0.39886763450877416,1,29,tracker
0.9949504463459498,0.878095381726584,0.7319838135808012,0.39550609441607937,0.4394562438055093,0.6363717049805148,0.6439366243042782,0.25886839277951285,1,15,camera
0.884458737334175,0.8351363506543513,0.8449586418656332,0.4908487393923718,0.18485839072203508,0.5755710887664952,0.5831872183541637,0.2915599168427349,1,79,camera
0.8825562394991969,0.2569229376771413,0.8962537483815454,0.6189215284403242,0.5759038906771824,0.8198276954286919,0.8049545871367497,0.45586445003182025,1,71,actuator
0.5537162391130015,0.27343179685515223,0.7327076562514899,0.5910631276778667,0.5567176303056147,0.45509686294197094,0.09858395184273812,0.2665915133832763,0,9,sensor
0.21873263095181347,0.064890788411639,0.9033083791961753,0.04630384169930422,0.09958432757312656,0.7679634809904214,1.0,0.03462407165799119,0,59,camera
0.8803816229215329,0.03272316010171858,0.9007465213053285,0.9170705668997252,0.35085380286375745,0.8471865106431516,0.2685394625059807,0.9168806413590169,1,49,tracker
0.6852477842335917,0.4011790650350314,0.7284467540884418,0.8226950462098038,0.38135720914379323,0.7428198646118254,0.3070601911892541,0.6326317226714875,1,10,sensor
0.8351793751379755,0.02988243541176826,0.854623799893506,0.6967177414008963,0.5827296506692212,0.35288381942654845,0.192166221849979,0.22285195346792536,1,93,sensor
0.9723327425490899,0.5695524263464081,1.0,0.6312477674150176,0.02674176425069951,0.8301841561920769,0.30580576882611904,0.554173534600294,1,15,sensor
0.5838141649186885,0.9559973154921031,0.7543911917314223,0.6829648251397344,0.3085098617506514,0.5822258430722874,0.2200356737813804,0.3890020095801285,1,50,tracker
0.8029712111261821,0.8503068450445076,0.9343724050395658,0.3924148668033104,0.3057488036042651,0.8456691470160242,0.8175277850322854,0.3167854626736425,1,50,tracker
0.4452164624397536,0.7993220121208202,0.8694890894037225,0.5114055530944821,0.21582425200867217,0.8124567084577341,0.15500467809790028,0.4209761362984662,1,49,camera
0.3144073884293067,0.615373397142949,0.7868980738465396,0.9972049008732317,0.14572465862589506,0.8774648104236333,0.06766652497926898,0.6889238782847812,1,91,actuator
0.21584488433264906,0.45060292308449285,0.756689962363685,0.7928265464469229,0.023326197732159798,0.5348827920015395,0.1041694742522807,0.36289183840647166,0,33,actuator
0.7629763133521319,0.7139987541622863,0.7963552552964718,0.748323242216935,0.36978617767608923,0.5519919075753319,1.0,0.3700712401164658,1,42,camera
0.19368541506979284,0.09609561912003163,0.7967671933446014,0.8864146192630973,1.0,0.6685511401426337,0.23816241100368413,0.5344238078984012,0,41,tracker
0.5057303325337411,0.47142621964126086,1.0,0.5623168935606538,0.3701287418073229,0.7531292234878479,0.36592075745193003,0.37237951478957554,0,75,camera
0.7686687585911373,0.833214781527047,0.7733020587015216,0.5581510658066622,0.24028897616804734,0.8372766472168984,0.20315884862182956,0.4648160980300682,1,17,actuator
0.26123177414951065,0.24368645631701982,0.8920462552808749,0.8052639005797235,0.10101540012333052,0.8539533536027168,1.0,0.4575489547114972,1,18,sensor
0.7096156690424651,0.5664096613026404,0.7738763047872763,0.5966077872159924,0.06195643890312967,0.619781483929528,0.484635564568298,0.4186905114091705,1,87,actuator
0.8742171252303679,0.6845648470270275,0.9217580312824393,0.4176539101447948,0.34680960555318074,0.8899508503522693,0.18008314389883742,0.3856996725846848,1,10,sensor
0.14276842442807025,0.20238463782032842,0.7300748989728653,0.4701092625654634,0.30678147528500643,0.7500554385238666,0.5434622373011041,0.3349140804874687,0,18,actuator
0.9438576838969098,0.4574644091965228,0.849959861009666,0.8078933924128497,0.364278909654291,0.5873575609084419,0.6753549203008876,0.4629567971536123,1,15,tracker
0.42575222715188726,0.7892817233617351,0.9055685693725877,0.19591863685395888,0.004308670878251155,0.3053545569528996,0.049601197034668,0.06233155919671199,0,48,actuator
0.9510122124305022,0.5090933951667972,0.9084249119918931,0.6047342333899,0.18761141698272862,0.6278233335923216,0.027004023411903666,0.41413182293018885,1,96,camera
0.9728644925026576,0.8535187669871862,0.8754449553364877,0.6778942966416046,0.3603166151932878,0.7402372466960992,0.666452768188652,0.4721653571712568,1,70,actuator
0.2716521796839193,0.4528062912363059,0.7893750795775368,0.7026109440454361,0.1691611215719791,0.16838483581227948,0.4762302110712202,0.11589591938818815,0,13,tracker
0.7705121241738204,0.39505582711682563,0.8567698899574858,0.4419651540998388,0.048623960694225185,0.7195461787301459,0.9414475568575054,0.32313639998374216,1,14,sensor
0.8020991741063732,0.49042604080756547,0.8470247728956256,0.23446525293781859,0.04348842434970744,0.7083873121082358,1.0,0.14377132473163023,1,66,sensor
0.8585882577387016,0.2259114274886248,0.7260847564888422,0.34142199872096435,0.06298319704674094,0.21863684412097045,1.0,0.06982925365685394,1,40,sensor
0.722881407909205,0.5650653957484476,0.946095341090164,0.11499827677405489,1.0,0.5514423924802265,0.8155561976644011,0.0708314495300379,0,75,tracker
0.39065058987085327,0.9657775751548436,1.0,0.6171793530826652,0.10325052000255681,0.2124701386691204,0.07272692791344897,0.15903337851059407,1,39,actuator
0.9844640153043023,0.5426685486892162,1.0,0.8993520613047927,0.058350284017367894,0.9548229563001464,0.20109697423159975,0.9656766747123482,1,92,tracker
0.7324693589165215,0.8506323978868113,0.6824006747617489,0.4304722210373775,0.037889806665385384,0.7333274593850232,0.6057396296168355,0.35613775218186466,1,92,actuator
0.8751656629938881,0.8234780300598542,0.9367369826908413,0.43463213969719566,0.33547871473346635,0.7410639065984509,0.10569606758969038,0.3348309458876647,1,58,tracker
0.49774532824652007,0.36992615546453694,0.964934417161374,0.3415492172390916,0.06137974254426831,0.2706107000766288,1.0,0.10447965542776762,1,72,actuator
0.6958465365881088,0.9165667496008583,0.9498492396188531,0.3420135341158989,0.23820068724215346,0.7614507135915791,0.4159001336890202,0.24439001244394695,1,63,camera
0.6918756555380584,0.4318884571734226,0.9302935546040279,0.9008602901451842,0.0017904249499497993,0.6267874571506583,0.13168432542132866,0.5017365985065725,1,9,camera
0.5413421154830926,0.5739041709598455,0.8449467842170681,0.3144858255850569,0.1330488233247782,0.7468479196263076,0.6361920776312314,0.24641971538387783,1,91,actuator
0.22101056868304242,0.22385388475976584,0.8215665225806266,0.2065259633678856,0.363700742952723,0.7131669351916107,1.0,0.14384334113705755,0,35,tracker
0.8516148612771253,0.7349610600999021,0.8379880238620787,0.2193707259625537,0.12592958169919596,0.95890276197359,0.2528277661294358,0.230434523796316,1,49,tracker
0.4656544846338359,0.9561896348348582,0.9795648285285204,0.4304869717565098,0.3207017739080006,0.6245744760815005,0.27853229469229124,0.24406110098884204,1,68,actuator
0.8759494117060328,0.7561723210125184,0.8463764199141102,0.06674521213293302,0.2066785653262178,0.2440786066186851,0.11728329336376292,0.015836394632060498,0,17,tracker
0.5872622308298923,0.5534248304572614,0.6568268374284528,0.538522450389319,0.6611551674328165,0.7002259284815774,0.44988188104684007,0.3956965617219052,0,23,tracker
0.8810816184904197,0.5804660129676211,0.7141224835110898,0.35138977527020687,0.8816001630471645,0.5498746920125168,0.4680242934308198,0.18918667883533918,0,47,actuator
0.5023367620841015,0.9215933531994991,0.9017389339027719,0.18676904299129823,0.11514171182870045,0.8089658170177272,0.3075205329710155,0.1828620166442757,0,86,sensor
0.3927438266174856,0.7077986673251407,0.8764279929279974,0.2942110949304994,1.0,0.3313906371288444,0.6053635556439885,0.1098995735264464,0,86,tracker
0.8032781745036562,0.46078019433669826,0.8774237692527487,0.6201625744567757,0.08631548476920703,0.3874609132868542,0.3329818953226637,0.2576073269075395,0,9,camera
0.9946689020334428,0.4811748867181765,0.8129461123262496,0.8936390142329262,0.2631394218962423,0.884971970926045,0.12414792848421978,0.9180571614155103,1,72,sensor
0.9641995229409228,0.7519935677576057,0.8418518720538656,0.55418601121583,0.010611805902133998,0.5858782817614288,0.06832398303123335,0.26884255225988163,1,39,sensor
0.6743371510651298,0.9529779161639688,0.8567541312285344,0.0907757157592339,0.11552597960706852,0.6688391425131733,0.34295466988822015,0.050110196195725876,1,40,tracker
0.8345173419299636,0.5559134541342313,0.7552006241423493,0.3946660895453876,0.16801561760267747,0.8963660774616556,0.8578273733283444,0.36976064317530294,1,39,sensor
0.9588276545536348,0.9577036795848878,0.799706957866784,0.5480627850844647,0.342277136283428,0.773060373895266,0.4265841796180691,0.46781391910342757,1,33,sensor
0.5858117898953696,0.7212343860162878,0.9105986842822761,0.4127716982337708,0.3315280947641082,0.6019143062490475,1.0,0.1911384448927212,1,48,camera
0.6148743116251624,0.5270455262691205,0.828075301891511,0.6403839384433844,0.004544833303702709,0.5000904772188921,1.0,0.2949841772277675,1,54,tracker
0.8438347953638633,0.36675028423067524,0.743477408456869,0.3937572687837079,0.16291507345051762,0.7608038502762514,0.33961895316385393,0.3134353834489642,1,27,actuator
0.4792865933440406,0.7728639856820774,0.9386115208188025,0.37011784800529185,0.26285757536060156,0.8726126245481429,0.48898263800753194,0.31782607419102676,1,81,actuator
0.4975696648912039,0.45405743034270635,0.856230816503417,0.3731363004603248,0.29325770456479033,0.8637848584066092,0.24922183337800202,0.3185614847921303,0,98,sensor
0.840244128771655,0.9045403059912591,0.8916845821689596,0.7754576635373679,0.8633414242396465,0.6729832861373085,1.0,0.5384581079273696,1,48,tracker
0.8587953896651812,0.3083219554214594,0.9077545999698198,0.34909373205241334,0.3980646622724261,0.7983385600082784,0.38418747249597157,0.28668072631480107,1,33,tracker
0.29029539570651547,0.4710038968708226,1.0,0.1260983926255391,0.6849388437742041,0.6329640965534505,1.0,0.06823795599248585,0,27,tracker
0.6749960313013365,0.9535380770087268,0.7513144842824578,0.11048452828444527,0.7185052897315091,0.270619429373707,0.9457444807186699,0.029390630075374083,0,8,camera
0.6379551623933395,0.754295910979036,0.997564530959913,0.618481658958643,0.07089747442001118,0.5832355702451262,0.4647002100614729,0.3061334744804771,1,11,camera
0.9781905781170768,0.42182385637790437,0.8656596414395442,0.41436718784434573,0.23130325400773177,0.7784005370311202,0.44424704409084437,0.3209438038865514,1,75,actuator
0.8053822863524552,0.37922429227941473,0.7793464129801984,0.551753357616066,0.03603177746837456,0.36045808849344757,0.2099595824595664,0.1963644619371225,1,2,actuator
0.8820001890776059,0.9926862496890013,0.8619091518611435,0.8435074526970131,0.6881563869809962,0.7394816083604157,0.09236184774226557,0.7840163073518778,1,41,tracker
0.6777219523089049,0.12235267148223909,0.8349327334835174,0.36236709249998195,0.42522459247940747,0.7577409439601827,1.0,0.27267126482145077,1,7,camera
0.5339820603588741,0.3839248544069552,0.9218760118559582,0.06333114731052424,0.14454793363375518,0.8049313056710301,0.15999858094958144,0.055557775573777654,0,1,actuator
0.8608135314469437,0.9901275174244558,0.9149372681411507,0.5381893857529195,0.0935391221369593,0.8822902806139978,0.20839147676446818,0.5119822407455008,1,57,actuator
0.5668616511528548,0.6971889019543711,0.8384217440187637,0.7606311866080543,0.015875168041367235,0.7663166582966412,1.0,0.7411974277559252,1,57,actuator
0.824725337386432,0.3029650991734791,0.7475683788420654,0.5329508790249867,0.10631590531348893,0.8685422771122961,0.7972073518920012,0.4200643882347073,1,26,tracker
0.874127664566856,0.8099811088969476,0.8213688887303453,0.28266749281456555,0.15361004019169477,0.8403132056737166,0.5873150982138594,0.2604097484862112,1,20,tracker
0.9633314521914534,0.9957450210460372,0.8708951004518258,0.643055486239156,0.6811201824265206,0.6500273378557015,1.0,0.40448585481701976,1,1,actuator
0.33803901283143156,0.28328589309449326,0.7705189564543206,0.8987237894568475,0.2935458470041352,0.8297729597370769,0.1557414728875419,0.6830707292522543,1,6,actuator
0.5850561547804444,0.7054766760487884,1.0,0.5028292032526765,0.4187139122445246,0.7645945165976276,0.16195651724516022,0.39106029641963147,0,4,tracker
0.04244522780744791,0.5451752491830918,0.8952968788855404,0.4394454459391615,0.09015549944237493,0.8535176396443873,0.1765569486429503,0.41705122154233243,0,48,tracker
0.9955541826827504,0.540624215168883,0.9360563811419103,0.25710215624052457,0.004248849624498729,0.8714782027603497,0.8851069584449357,0.20730120727935195,1,85,tracker
0.9773870728103633,0.8884257871441609,0.9343483187822149,0.23329002299965104,0.23656932493674,0.7581587848705387,0.07867519956999051,0.15671836681411672,1,49,camera
0.9324480905233158,0.4060016945599868,0.7805785702231037,0.5853116146428499,0.2993157095310928,0.8361729613221387,1.0,0.4278594479804026,1,39,sensor
0.8241982735731817,0.14689545891134584,0.7700546714215001,0.44051838026993606,0.1916116820395212,0.9386687071488654,1.0,0.40174976983019584,1,9,sensor
0.932145429439237,0.8262706381897185,0.7467841608354426,0.59072682065367,0.12479264927364926,0.5606427932247651,0.18875991651467924,0.3185729353379769,1,30,actuator
0.29468307493310947,0.20617113353164312,0.9849925022760033,0.530207525121772,0.02974856812917819,0.8973089000193754,0.7980595226990711,0.4344304130436898,0,62,sensor
0.576056256525319,0.1971221978904778,0.8763497400286699,0.7073445824551481,0.3884966543153861,0.5909656753487623,0.5552783245404164,0.4149524235347011,1,93,sensor
0.8825706743752665,0.34537093726053786,0.9103197581352288,0.3596658175356759,0.03138426443975268,0.8880163526000138,1.0,0.30164129221185265,1,30,actuator
0.2768662165718324,0.0725516927286717,0.8013296438016582,0.5604417561450039,0.24069234492559258,0.8937295292584463,0.9116623254562158,0.5054484256313052,0,72,sensor
0.17276838799377095,0.4177390751167903,0.861198116294709,0.3802248205261864,0.216143410111124,0.6500010324705786,0.07446416628006183,0.241461026781851,0,74,sensor
0.24695247844425658,0.8772393085466687,0.9837116377456099,0.9559966375222206,0.25492368642444757,0.8100655382818811,0.18516645026409467,0.7837379823508287,1,87,actuator
0.8225794443047604,0.6944933814019792,0.8945230809923355,0.8854282901222652,0.490757883876631,0.3220878680892862,0.8014915198008536,0.28091828589115686,1,34,sensor
0.10710191918938598,0.4560047713839238,0.9261308964222422,0.5724940895445518,0.2104862954666614,0.6947173114346286,0.27306175196753196,0.4535770075210533,0,6,actuator
0.8121654792759092,0.6366725834163554,0.869194769793683,0.4493279893160302,0.11021052161277098,0.6654494110846375,1.0,0.31841960761020655,1,17,actuator
0.30399244003617204,0.16891051101561058,0.7872939985231807,0.616660220787468,1.0,0.5960381778767833,0.45946265133074227,0.3031007009929603,0,18,camera
0.6757254494056891,0.7514062538499962,0.9144191370476203,0.7808290014983446,0.06942234847981223,0.9443714749506814,0.07267472977748482,0.8921784727257884,1,93,camera
0.6994829638043991,0.25053752300455,1.0,0.8387768031173531,0.58928836009704,0.7495446564959107,0.5459562260518704,0.6429951619595139,1,11,actuator
0.8520471316432163,0.4153522717456743,0.7783076380021415,0.5776442089239763,0.07783722545906058,0.7500159521823436,0.5770284121443181,0.4346806993447524,1,83,tracker
0.5519440639411916,0.6911488286403672,0.8345993402536751,0.1841526387582396,0.21455337867837493,0.7302008116236594,0.3806010225948378,0.13852065531417815,0,72,actuator
0.8049454802219476,0.9844038260814839,0.8023917651293535,0.06436119484016974,0.3666538095463969,0.8659211257129247,0.4520038980046896,0.05480642293933803,1,38,tracker
0.9037646293936634,0.8345982072408165,0.9158909445806699,0.23967764860156415,0.3299418716595163,0.454647952405902,0.4983105503128882,0.09797354206520348,1,14,tracker
0.9769093546310171,0.6443511447980114,0.9178857891965233,0.25297925114015535,0.030243998557940077,0.5224121037871806,1.0,0.13943102857849243,1,77,sensor
0.5798442300332711,0.6471724650308278,0.8822308786208772,0.9780634407453567,0.9820440073957691,0.5934657659635614,0.6594300865139574,0.6425491436097853,1,88,sensor
0.38934192321036065,0.2288075796800139,0.7830431406414453,0.06044417580049226,0.4321289536294528,0.8349992137641169,0.44737148685272193,0.04971144258706672,0,18,camera
0.3620557440502252,0.9262508179978786,0.8192281101436333,0.7315953959351785,0.15520770929882727,0.7991944762198473,0.8781774167052022,0.613652942998149,1,7,camera
0.3488434645254468,0.5074821704281581,0.8189348313137074,0.09667211379179581,0.030449284215592853,0.7339410618726508,0.0038363109755573466,0.0665547716567344,0,96,tracker
0.9678175271586902,0.9741525434615075,0.7926897287235375,0.09806097419754284,1.0,0.3036730870033389,0.24022579029495633,0.027456537402933096,0,89,tracker
0.38135182531326783,0.2440298191079043,0.7826935126634994,0.8816835014402594,0.12047020741863382,0.9585608626697097,0.6844752307978245,0.8596431832822241,1,98,sensor
0.9411923459500827,0.4838353180499069,0.7061822346398944,0.2987796032983556,0.3800701176973364,0.8567050807083892,1.0,0.24334689359702533,1,62,actuator
0.2558748637470329,0.06354276089292926,0.7978397867996823,0.42987001383955104,0.07263126235174852,0.5988263622998391,0.058710190601081146,0.22531898238142722,0,45,sensor
0.851088152168028,0.7842893611406718,0.9084655715547929,0.2905948088722809,0.19142251033908622,0.7915935140342448,0.6728587518077163,0.2638963559625174,1,33,camera
0.6538869364707597,0.7860025555724831,0.7794122752939063,0.406799276239088,0.5584314379716313,0.44490811912938316,0.5753235556826308,0.16753288414589776,0,79,sensor
0.7545877598581382,0.6946278091603806,0.8605134403508282,0.210918419482352,0.20911391401779728,0.7062769418251024,0.14928663558855337,0.13721438382943008,1,97,camera
0.42524115544972746,0.8348213236463357,0.7801445979090404,0.37894397823361503,0.10358296397782225,0.6709580743676741,0.11258045478176575,0.27226325875587654,1,85,tracker
0.8293149480239004,0.6350983573310317,0.8222893252441323,0.12060055930752332,0.4503656481874324,0.6981635361776819,1.0,0.08327383719738682,1,18,tracker
0.6997927525634153,0.43094815401062386,0.9940224088823718,0.551421155618621,1.0,0.13978040561768146,0.4902135228985588,0.06673110223076545,0,65,sensor
0.7164704820943654,0.6330658776092116,0.6562871913154106,0.7313436659990756,0.34464240496926113,0.8610568910517596,1.0,0.5899373218422372,1,21,camera
0.947972902793676,0.7534628256002247,0.6469443133335886,0.7488685322803702,0.014383682275965093,0.5999744689408224,1.0,0.36245392624242767,1,28,tracker
0.9464805226042865,0.9781368191744224,1.0,0.9236534988698655,0.030277605903204004,0.0408527370803797,0.6280525004573232,0.03929047264091492,1,81,sensor
0.5679268493721364,0.0398016187929113,0.8997605096867244,0.25124582563535214,0.5471795561610624,0.6879482877788415,0.7282809504738815,0.19495820310950027,0,37,tracker
0.7240693118539481,0.1949050499853627,0.8848734988596008,0.574808020134954,0.21233904063319747,0.9311718071988098,1.0,0.5441837310744244,1,61,tracker
0.5116601941824,0.6326052733536294,0.9881689733128103,0.8074354764409987,0.16873710542536735,0.6425740466609002,0.9070844668237734,0.5339390820183721,1,15,camera
0.4778444433364915,0.9386535048716864,0.9079897610653357,0.8680366107698756,0.15160712749017424,0.8478515588963285,1.0,0.7162638859056861,1,70,actuator
0.865183261064904,0.6226472923081404,0.9239782041624097,0.9409720748555528,0.12160596494629797,0.4205252889369014,0.2700119916996775,0.35918415718299973,1,26,tracker
0.6349722918493622,0.9839774167662975,0.9333737054321849,0.8429138280863641,0.23341158243738977,0.7891273761247387,0.537951511697198,0.7395326522701586,1,64,camera
0.983464390899122,0.4999589798840452,0.9403105233478568,0.4690680008393493,0.030890349703649345,0.45566685593963924,0.5445821312597864,0.2121452927949481,1,29,tracker
0.5763712957623603,0.9172873300663559,0.7335052245350392,0.5796260896420311,0.3764567562394596,0.7441723659978363,0.6485534495102404,0.4414740670549991,1,1,actuator
0.5021183733391799,0.48063745077183584,0.91164626383889,0.640054520283288,0.34824105917322895,0.6959414051094354,0.18392862458202505,0.3992519807572806,1,47,sensor
0.4862361481277898,0.3411055305731177,0.888619633578521,0.7802186560440141,0.9862193058924621,0.5174947676163182,1.0,0.4325703927082792,0,93,camera
0.46732550630023145,0.2686137547978023,0.8464279485458511,0.8595113949764909,0.5709469522677619,0.5407942640767693,0.2719506714302691,0.4354791327063676,0,92,camera
0.8603867259753106,0.5530647370605684,1.0,0.1007663146942719,0.08825799792448612,0.9478126393468869,0.8373657519251375,0.1027989776775719,1,10,sensor
0.6500720974270373,0.4433037400154898,0.8428309037475797,0.5476961504550683,0.10087069612256386,0.8474686342722226,0.7372538744317073,0.4084866618081719,1,78,camera
0.9094508487181796,0.3782466725882397,0.9470785754008026,0.24290401145466808,0.4158848394568061,0.5746513117933271,0.36031293194872266,0.13774340279086783,1,61,camera
0.22425830788793347,0.07354242704341324,0.6320885379882127,0.7471178673325697,0.06566839730100849,0.827140229804095,1.0,0.5904419104292823,0,80,tracker
0.3254946538400088,0.9759411822408327,0.9324656514465484,0.45977730914213827,1.0,0.642581184173352,0.23463146784474884,0.2917400260504234,0,15,tracker
0.39079890242159365,0.9894649581295699,0.8668332630388147,0.3772803652831847,0.4478632797660322,0.7458975940488837,0.3719448081958174,0.34068100115155187,0,89,actuator
0.9453448910796545,0.5062230194530154,0.8237469181663973,0.6292283398229592,0.11297268873967488,0.3003227960361657,0.937799924140247,0.186946828627489,1,86,camera
0.8913224870254399,0.5250688532921525,0.7919343805615522,0.36719971858012657,0.0156594269784834,0.43483492359388826,1.0,0.19528928400667878,1,5,tracker
0.6484241061156297,0.7355662913660752,0.8384460732375517,0.78876911458369,0.7558507017711845,0.6793147685649589,0.5935763028250929,0.5791327076213166,1,68,tracker
0.6823639561649831,0.7268703336973347,0.8875827429252966,0.4393636331770218,0.15186342288250881,0.8283187462683763,0.9166927303610093,0.3552005261660845,1,36,camera
0.6698679589540619,0.4817641648295609,0.8608689974525969,0.7063243787990681,0.15521396419837552,0.7656909599233508,0.1537420287076933,0.43039467284051275,1,41,camera
0.26365067452629865,0.33646688038573264,0.8487193132680825,0.37913486666042107,0.1902670230459333,0.9251213304415473,1.0,0.3750035174561868,0,69,sensor
0.7020463384729999,0.2663023250645602,0.9271539134147257,0.8339323133849337,0.005736000530359822,0.8386362338512752,1.0,0.7189192820020147,1,19,camera
0.9953009916263479,0.9547972879884282,0.8368255534157799,0.2799012630693223,0.46841695101393166,0.762905767690385,0.4921302036965878,0.2542304744756173,1,5,camera
0.2645008582154079,0.26851972374469785,0.9331649018046425,0.8941289025314946,0.17063163973684023,0.6686352266803444,0.9071055714728049,0.49476686286537686,1,59,tracker
0.7495044763008712,0.7508196213973759,0.6837952569511705,0.17318627684426105,0.2584301651100235,0.9186009954715237,0.5141850861157364,0.16104363529253937,1,5,camera
0.9940256741584537,0.19739463337956406,0.7503025919755342,0.7561960077326786,0.24266555426619973,0.8435574439024843,0.3671293659810281,0.6100710909148589,1,78,sensor
0.9041348103627196,0.1536764763815782,0.8223245400335412,0.6922212922461316,0.0632619707090295,0.8986660367637975,0.25820610932210186,0.6322946822315794,1,23,actuator
0.5060975751348572,0.7974032180451417,0.7927313139296751,0.348930207168525,0.062008394173230494,0.887004626091892,0.7290552492098217,0.28819707331869016,1,33,actuator
0.7747848367623059,0.6640909810928303,0.9856416401778036,0.44465302068563056,0.0863610054574199,0.6729923044711666,0.23162791473721941,0.3207173104057248,1,37,sensor
0.9760511230919398,0.37541026423825447,0.9426235933941753,0.39142927050026893,0.31923370438739973,0.7143895551480332,0.4016980575719285,0.2954524476340768,1,7,tracker
0.298457507239647,0.33797314392195194,0.8965642852125911,0.1907006006785035,0.24213097969425929,0.8470809401255036,0.1676121268468824,0.15964250987872644,0,52,actuator
0.4556283077052917,0.34665804517524973,0.9910277590433849,0.4953379111889376,0.15409546490645862,0.9065271523981147,0.30684337304476544,0.41168010863088605,1,15,sensor
0.8765932083326459,0.723464631760287,0.9239628881194122,0.231918825815711,0.09787478027695581,0.7682890085733809,0.27134335421816524,0.15236567000007795,1,93,tracker
0.7018479420545702,0.37373084797252576,0.6508844973878728,0.8778832756803202,0.25192694262562093,0.6383704815568522,0.28738659706851644,0.6221367351391304,1,16,tracker
0.36314487735344486,0.31516530115559505,0.7907086989221626,0.7195127308922245,0.26652094652553837,0.7965369701329139,0.09966600249284321,0.5934101119368266,1,49,tracker
0.46583172747014456,0.5593228061048885,1.0,0.18991129938751092,0.3040431179125804,0.8416831104631411,0.33243638992320357,0.18912365752542298,0,30,actuator
0.503108726008614,0.06430091907621102,0.812339487655481,0.5337194367671262,0.6529397924767053,0.4822044480489274,0.27997479562060645,0.2685041171388464,0,59,tracker
0.43644294207082057,0.5657338872655079,0.6989170990687182,0.33150918187188855,0.0557911605269684,0.7621430019388206,0.5291099128303253,0.2754995364814683,1,57,sensor
0.9501566650943029,0.7320618518611153,0.9489506431413849,0.025149570237559402,0.10104733749386394,0.9691153578959664,1.0,0.029524259428894285,1,17,tracker
0.2692850716466823,0.020591643259065075,0.6245195920027523,0.3520145401642979,0.021948059445704736,0.5866289611593217,0.2594187991411828,0.22592150719764872,0,18,sensor
0.38738251726430367,0.5308435756316464,0.8132701352416338,0.7384535226989329,0.057222764722797706,0.9139103049813081,0.21246895292940624,0.6268980238346841,0,70,camera
0.524082051451031,0.25061761908783875,0.9041265937319877,0.598675596184075,0.03634843799263436,0.8224315021975833,0.05654540247153598,0.5186133096244582,0,40,actuator
0.8588896412729551,0.7995265243986631,0.8960007415626613,0.48874087818057754,0.2991617763965187,0.7838745329834703,0.40152693362303177,0.39066388606446456,1,41,sensor
0.6978559004030835,0.5010969940352931,0.9299511780027911,0.8540778730925,0.13976053439066768,0.8763541918810439,0.5359330296369651,0.8362697548486566,1,31,actuator
0.9867170434930815,0.9911197787153041,0.9786578222234016,0.5975905054559807,0.30955660618000524,0.8960608311815269,0.7487277212025096,0.6117572031813577,1,37,sensor
0.6088309979495692,0.813669137579466,0.7002846571763035,0.9672748798996949,0.24853528035278108,0.6298367852831225,0.1641057142275508,0.5959223597071787,1,32,actuator
0.7771209652707171,0.39496321477526386,0.9715447782753759,0.33207767636328345,0.0072129923067136646,0.9871788581283042,0.758059742935283,0.31827859925696017,1,77,tracker
0.6601154783326296,0.5706341711305741,0.8176012498758717,0.581487246072168,0.7783831300496591,0.3832393635547788,0.46235300293101905,0.2099885982815343,0,5,camera
0.8247017609468005,0.951204094987782,0.8353163640013012,0.5910121264464893,0.08447254293592535,0.47686142093242617,0.4764846161422571,0.3280560839100889,1,94,actuator
0.8679014401517209,0.9713221027080924,0.9080123620124188,0.6794217780595109,0.04298686107094599,0.969360342553993,0.1009138191338636,0.7834521956142725,1,32,camera
0.9373596290524882,0.12586965641220738,0.7702855953265266,0.3483815108708499,0.18514870205057118,0.8556726972219679,0.09039023591484667,0.28673999374729386,1,87,camera
0.97592692893059,0.45472285158222503,0.8743685333115235,0.35386468228524853,0.019250471025793314,0.944645517680628,1.0,0.29283152145975105,1,61,actuator
0.8090646625676844,0.6275815650004565,0.7716940264597746,0.9025961772201913,0.39400646707379405,0.5693529376979644,0.5834143558641459,0.5282788586782304,1,87,actuator
0.581748246731154,0.9701793442073685,0.8318813253290921,0.6399994136591869,0.19959025220585663,0.3472687415835464,0.3305727355957186,0.18230417333787807,1,63,tracker
0.36621389244366204,0.7875500922691818,0.8787217002209781,0.8791156973701886,0.6193781190738801,0.6759451976251312,0.8799440259874642,0.6208242704062843,1,25,actuator
0.24658680695159274,0.4245656578438803,0.8573356271617883,0.8395753839405632,0.3134266955496114,0.6319991554274501,1.0,0.591455252835107,1,34,actuator
0.6260880182992369,0.4604847793983123,0.7567374518491532,0.314576479075794,0.7660683946562826,0.530592765984586,0.6391254507186347,0.19557416518886522,0,73,tracker
0.32232112859215156,0.07826365432097862,0.8759470505036543,0.3857271659240426,0.07102969148964969,0.6555785067451375,0.5041282520903769,0.2516300504047938,0,7,camera
0.8567585877815224,0.2595336985760214,0.8613937001310306,0.3734976133946204,0.08077604911110269,0.6803307327924304,0.892564678412003,0.29650779940229455,1,49,camera
0.6967518604069378,0.5969703049528023,0.9390598313423671,0.472710366475233,0.184076227393819,0.9108587699869134,1.0,0.3629809078833662,1,83,camera
0.2912179870262285,0.3127955054008928,0.73292291109112,0.732061721413436,0.8811389109701743,0.6040143249151843,1.0,0.4064095895431804,0,97,actuator
0.45166955605296405,0.6297860050642203,0.9855142793895897,0.5900048781983802,0.4610261854043811,0.3700441427460115,0.5149452349195953,0.19204769921555012,1,78,camera
0.5934617049035836,0.8603388630348487,0.7905381143527974,0.6737902699607247,0.44786228820519297,0.8646801270561916,1.0,0.5722376228688507,1,42,tracker
0.9732403025875828,0.9675201754775792,0.8143508544927698,0.6317495279802153,1.0,0.4315244630481905,1.0,0.2199789024566803,1,71,tracker
0.7039484165682015,0.4704617991832073,0.9060807107764141,0.36140888786413,0.3305634125313568,0.862345373605606,0.8255958867087115,0.2869867842940253,1,3,tracker
0.1836225953682145,0.07716906125653945,0.8661061278401895,0.6344838864902127,0.34959973411845785,0.7517551684193713,1.0,0.4659818971923557,0,35,sensor
0.7883041440537375,0.7988065007163001,0.8114919332447516,0.7145712176128652,0.3320531129443573,0.6915148850516547,0.20305229659035867,0.5238005448115458,1,50,actuator
0.6817774844615623,0.970512572812346,0.9882211671629124,0.45208547603350147,0.07707546518072338,0.8938665299043599,0.7070417822998196,0.3402255431836587,1,74,tracker
0.4896602906339799,0.7423684654541313,0.8827359378484518,0.26602891268023093,1.0,0.6433211081097765,0.48996276476611,0.13843291022991375,0,37,tracker
0.5632049741554023,0.15935577422131947,1.0,0.13202347375880388,0.006138263399529208,0.7602303675364701,0.5702427654504632,0.11597394868239672,0,45,camera
0.8714978150310243,0.43904256002162984,0.6975469052385703,0.38964495613003064,0.7147302625233585,0.6082983671700051,0.3337676569471964,0.2502503693663055,0,40,sensor
0.8296570275978254,0.31593438766128173,0.8646902503592632,0.27822087580816407,0.18212458629120945,0.7996473675369232,1.0,0.22635710675260234,1,45,sensor
0.952070192388795,0.8423686110590348,0.8702379094501319,0.7295390612521253,0.3589258750158293,0.8749174172244562,0.4037119256304262,0.5605592644704982,1,18,sensor
0.8106141931303557,0.760936143491494,1.0,0.47776211360957094,0.09014098133675282,0.4478038729128235,1.0,0.23218262615057467,1,47,camera
0.6196693825281137,0.7103705327358182,0.9953459628250956,0.35035045714529506,0.005715225035633327,0.9325009920462921,0.3660434125989501,0.30762023771611763,1,77,tracker
0.385806378187838,0.9377863221964208,0.815894511945323,0.4081487606770831,0.009872023264222894,0.8834896790631462,1.0,0.4418011901362347,1,86,sensor
0.8411058634674141,0.3189923210066561,0.8372544336947856,0.2906449810233845,0.07049578947785724,0.8471022644182548,0.3724782175747602,0.2636483883772537,1,38,sensor
0.8430119673036477,0.3806970702775679,0.8890900886447912,0.42569548300800897,0.29716122563642244,0.7005701175724015,0.6253128667563393,0.3373516839760336,0,12,sensor
0.8153929463382223,0.47480876830953694,0.738849782669579,0.602557360834067,0.08056835430860257,0.799051954406423,1.0,0.530088669077979,1,38,tracker
0.564633804540844,0.8950062531923713,0.7490045877158473,0.3558971382836344,0.5755094538051905,0.5586660877239814,0.157341666896034,0.20606213367060794,0,69,tracker
0.6820381781053236,0.6480993163778253,0.8660627960992621,0.6686690513736849,0.049154323200196665,0.8665909738256892,1.0,0.5999822434956956,1,66,sensor
0.8768862610496463,0.7518193329732376,0.9183012055902704,0.6654685519486897,0.6602031721202111,0.7516182425334095,1.0,0.5532607466834081,1,96,tracker
0.7469001082926646,0.16371697305705032,0.8735725300236926,0.8717308418506244,0.3189559973723407,0.8537846997847381,0.5690286139702518,0.6681245686935858,1,18,sensor
0.583169061527942,0.6895269875312895,0.8305861624088041,0.4559874527019931,0.335446588916811,0.586257188091879,0.6809607362398559,0.2868072552918487,1,93,camera
0.6331870476922368,0.9621379903050058,0.8355978902572793,0.8365129184157559,0.13866707591599498,0.4262240589668159,0.20043012754917647,0.3491458861647284,1,96,camera
0.646481882736378,0.20110632428121072,0.8800812307106931,0.8265963979548698,0.14221750985354792,0.9027363824653211,0.13073009875713323,0.7683455785002932,1,49,actuator
0.9293266945106763,0.4685119028801166,0.9167465004077984,0.7631463429476887,0.08973664137659035,0.586589510820663,0.3973373061047396,0.41630987420712173,1,52,tracker
0.30049497441221457,0.3341437935792766,0.9648555793928462,0.20076537194135446,0.5030788854316884,0.6292565522871678,0.6426758846513734,0.15677311258193224,0,44,tracker
0.33340551824983167,0.33441405902402105,0.9192716807591371,0.27370609321871037,0.038702986995911084,0.8831539510187991,1.0,0.276491546223667,1,48,camera
0.733416001958361,0.7355262124016788,0.7519458237266788,0.6287507613475698,0.24789827743000714,0.8380160088598695,0.432061623974812,0.5180374147283104,1,69,sensor
0.8009347454504128,0.23757211065008887,0.7766491553102548,0.7310940473164571,0.25405624047744746,0.9200818118244931,0.7700348511714188,0.6426296600713741,1,95,sensor
0.6264570801895688,0.9707548217645461,0.9816861112890058,0.40585843475185635,0.028548326099392916,0.2798131966026356,1.0,0.09832269896420823,1,32,tracker
0.8683995036312158,0.3259472159047727,0.8639509984232374,0.46330461709948145,0.9205665986476184,0.4961668641525963,0.5982452996656563,0.2588005399564757,1,37,tracker
0.8216496099818348,0.9117132217713703,0.9513410781610571,0.7287822416117953,0.032695270041939346,0.6418868958548775,0.5594820867665249,0.5428402117855268,1,79,sensor
0.6900300144816821,0.3996767251098693,0.9347959435374331,0.5176265063712082,1.0,0.5683447115186022,0.9226447274768435,0.254488281273153,1,79,camera
0.8734138778422347,0.9564840416331399,0.785574636378515,0.614656857933477,0.06506116648965496,0.8853860896059057,0.3956894704148659,0.5256031111522643,1,16,sensor
0.8013549117404399,0.8783655547537066,0.8609407157902248,0.5181065982072935,0.13673092146752025,0.5130253040031038,0.05625354426730958,0.2204346218042186,1,91,sensor
0.5755430881047842,0.7322179028520662,1.0,0.5743058547032178,0.17685366701545852,0.44114313718792686,0.5795131493072923,0.23831316094132246,1,56,tracker
0.861294531225572,0.9763934264656612,0.7663361298415736,0.8482181376730347,0.608299125454181,0.46833354258081156,1.0,0.34855561016571196,1,53,actuator
0.7251421657855355,0.3093737175127903,0.9875045105621334,0.42205466848553075,0.14509164335514,0.8729879876091299,0.3704661301442925,0.37262455544910256,1,6,sensor
0.747798308166108,0.07068416560297477,0.9012364670074902,0.8070746355235248,0.4835458001566243,0.5563494730254527,0.517580805277514,0.5050787915242803,1,31,sensor
0.880190315372736,0.9219243808029772,0.8722077967754694,0.5730642816000122,0.5287009412681207,0.596017620661569,0.3206687934499682,0.34261799809711874,1,46,tracker
0.8367097723419487,0.8360995375779786,0.7973381899562688,0.6673172067325609,0.2481294263096724,0.8902819730772118,1.0,0.5250261056590525,1,36,tracker
0.6582690021079196,0.8071525825302542,0.7788006629228006,0.6766391895819491,0.011808229783172646,0.9912150043847646,0.9218717462984748,0.6338921193636099,1,35,tracker
0.6694217984897873,0.8742167913351018,0.7848220819045163,0.1078048059015106,0.08314159664974782,0.5553655722421941,1.0,0.06488506314658841,1,50,actuator
0.704136989217441,0.4318579230912326,1.0,0.21309166764296048,0.04338606283494654,0.5589846965943146,0.48272003323014023,0.1111652379512018,1,83,tracker
0.6546987918554243,0.5059226511748419,0.763530655207559,0.7540929394077891,0.3975944980696743,0.591766695074219,0.7928241703491229,0.4610233550241106,1,7,tracker
0.600522232760696,0.35246558946660456,0.8457400858725455,0.2920573470731152,0.07709279585969983,0.9398977427403404,0.393452583875679,0.2594943759932724,1,42,actuator
0.061695223722602374,0.1041399201088374,0.958475245664392,0.30725517545798114,0.2878961063927671,0.44140003095986036,1.0,0.13127505193677183,0,12,actuator
0.7008260317690995,0.4459695602938077,0.7327303795082022,0.3458946692948763,0.533991656535868,0.8092045420468837,0.3416659525639481,0.2607279740571458,1,79,sensor
0.8092221005591672,0.9774038739028753,0.7057570311507161,0.87987357006535,1.0,0.6454830877148028,0.4161349299522296,0.5007032972209885,1,79,camera
0.9226809372079947,0.9911383346296118,0.7725366396790119,0.6711833993506297,0.5058587630983544,0.22127857499542486,0.4726374997525749,0.17213876646910353,1,12,tracker
0.5439918376823708,0.8511433962908569,0.757950391273113,0.2572502912819795,0.2210138524781073,0.7410834664043836,1.0,0.24442481470687755,0,62,camera
0.6038293920728404,0.47248711410372923,0.9453457849659128,0.13938253988236476,0.3542992380847487,0.21109981550079235,0.7766626243454204,0.029457739769315743,0,39,actuator
0.8232346156305369,0.9061251838559474,0.7917077292599426,0.4748440309995351,1.0,0.5258970204085299,1.0,0.2642802541198248,1,1,sensor
0.79456442479305,0.7918176206771586,0.8732500920521241,0.49597245757020925,0.040811625100959106,0.9522684470750885,0.6714360363350199,0.4537559046914593,1,51,sensor
0.9169065790568556,0.26043082378549803,0.956066136957059,0.10632155817364942,0.4903511556887145,0.5388654828967236,1.0,0.05256122199637331,1,87,tracker
0.5411579990755496,0.4475891107980823,0.7014916537897906,0.9244875761962705,0.18195594013116229,0.7104859849632521,0.42415255054656353,0.666968350509828,1,15,camera
0.8436531097021758,0.4439260882812492,1.0,0.34984046318430984,0.6151424099794539,0.7037150834706524,0.7042507292189971,0.2352057282312681,0,44,actuator
0.8001117823486383,0.8907218907092108,0.7651385233486833,0.9171341259920758,0.0728659313710179,0.93819747229734,1.0,0.7455211002548869,1,99,sensor
0.5799504503378781,0.8574723306608392,0.981310804038791,0.5158356640869832,0.29213241280120955,0.7462744030368318,0.919373168792887,0.3336393197381153,1,24,actuator
0.4916180868533014,0.7980632426623028,0.8203501383259221,0.44990228012205297,0.1720435045409227,0.7650258022946765,0.6804981217176033,0.3672791192453316,1,66,camera
0.3938443573301391,0.933227889348784,0.7852967895461943,0.48602685093050874,0.11174414221172153,0.9510194066894696,0.2750808135983546,0.43905066992852426,1,30,tracker
0.9446325174849772,0.913786377773049,0.9136288620984867,0.7648861629936885,0.28039487314852274,0.8912822331547934,0.6206866402952625,0.6128664416288508,1,10,sensor
0.8923949794320791,0.9174281367891953,0.9452252742779987,0.18259906318964125,0.4875288483485867,0.5865373306483966,1.0,0.11891741138963487,1,17,sensor
0.8925297477184312,0.8123998110228183,0.7986843948540263,0.8839034544200303,0.16642847903822156,0.5625172164745665,1.0,0.4049969814175872,1,18,tracker
0.7893897764015354,0.9431387861037991,0.6183813734369933,0.8214226885484697,0.03580126498864453,0.7891321710805898,1.0,0.6263906826476301,1,49,actuator
0.590255240182609,0.6598721244964046,0.9056120534433569,0.7413856472453494,0.7384402402320132,0.5742769048339026,1.0,0.4041329208257471,1,85,sensor
0.9555731926283286,0.6734710592769105,0.8236500732780422,0.6541270492642723,0.2937685287461239,0.5476688103851993,0.5168001734471684,0.34205555268826976,1,38,sensor
0.9733722424216574,0.4483937976539662,0.8577647135279229,0.3134836897170811,0.11055971218929765,0.9577336952772469,0.17972058340599004,0.26854610472112367,1,19,tracker
0.732317221354088,0.6628525469589229,0.7319540051951872,0.4843940322652653,0.4767403724765679,0.8359358916687559,0.2988958220552269,0.456171966638662,1,15,camera
0.535578762476891,0.10134310586919637,0.8003227041039164,0.8394154727306522,0.1618866453003846,0.9476782674898283,0.15076594431188417,0.8694517801413759,1,97,sensor
0.9310141524797532,0.26202127360503885,0.7113233415626043,0.8537592260858106,0.2683129757831711,0.7525671428404037,0.9438282046575006,0.5757073282159563,1,92,tracker
0.6261826658492802,0.7081042326021715,1.0,0.923393108235968,0.45918918821705884,0.75274507351081,1.0,0.7306718597618895,1,15,sensor
0.4692041557054344,0.3373847507912927,0.9470842922911571,0.35125174205717996,0.2041702472539359,0.8590920929576957,0.16084749924551425,0.27639505589521934,0,70,camera
0.43660787223670966,0.02563127328722555,0.7783576252576024,0.6673929280489456,0.04104642170872314,0.6430001519411126,1.0,0.37248924078871337,0,81,actuator
0.8929316216444108,0.9831552009977608,0.7955986970541101,0.5314253646952678,0.5701187016213061,0.4423074827455995,0.34626181973028614,0.27168838385659155,1,36,sensor
0.9053480362775199,0.7906918019085012,0.8085328216559703,0.5853846087876998,0.2512635644323874,0.4252982402349834,0.13583635967735694,0.2705058510485292,1,71,actuator
0.7073136444180589,0.2517016616469481,0.7671913622474986,0.7121911866856229,0.6073649542255481,0.7075718311448694,1.0,0.5085191816265396,1,72,sensor
0.925259143155691,0.21704246057343585,0.9606864287287691,0.2719265615012026,0.5337838427903143,0.7282869150786451,0.43327831981463844,0.22571190875018193,1,7,sensor
0.5661938149507686,0.33393667746937966,0.7970914237239446,0.36860762989805507,0.09172969188595866,0.9421644998388651,0.30946989744762404,0.2971261640445405,0,10,actuator
0.06122523459123769,0.7149417319419971,0.7936266806220105,0.319903863540029,0.2246255767227559,0.9028872663891847,1.0,0.26867064985700495,0,19,actuator
0.6883056964788353,0.9155126861457581,0.7364063385946431,0.47727642079171545,0.1419369896706964,0.9092720953747047,1.0,0.4517196878736453,1,57,tracker
0.880454865388148,0.9739579627142135,0.8874418873512497,0.5195510426845413,0.1757210419894249,0.42166767795110305,0.731325499589423,0.20360788304185395,1,26,camera
0.5135189659443873,0.9855030434410226,0.8888692753023808,0.19536515810039506,0.0293679701181583,0.9654478519079781,1.0,0.2042419730843027,1,22,tracker
0.7078038366187549,0.8785813888481583,0.7431654849026847,0.40538460247320246,0.22859410212472087,0.6888290650615568,0.2221561704469551,0.3189440855890307,1,62,camera
0.6263751717272766,0.5623953895905264,0.818667833185895,0.8533325209290653,0.11083643842298097,0.6562643728112476,0.29689162385133866,0.596462447455499,1,89,tracker
0.3702071017853283,0.41393558339868086,0.8041144603963765,0.6256947037207049,0.48034778947424117,0.3989749404919079,0.7783191400372002,0.23758241197995664,0,45,tracker
0.14087519407680704,0.03964180517747694,0.9034554036123521,0.8161748834586297,0.31289013204211863,0.641161960786895,0.5315157536913658,0.47659089974397606,0,17,camera
0.8072739071733664,0.8674376148654419,0.8819077512981219,0.20170721373498396,0.04184266869709463,0.7883547663415577,0.24212719019138312,0.14093013150739298,1,2,camera
0.6849170908874012,0.9407848442643983,0.8244831722167754,0.883022738603928,0.11307632578260754,0.7817950696561318,0.9626543845683473,0.6074741625972834,1,39,sensor
0.5366475406530605,0.5422608402053465,0.8649039382699243,0.21930918445792968,0.69346141584735,0.6227259511626949,0.09762547627369396,0.16586279332896084,0,58,actuator
0.4848595840839577,0.5655661901376853,0.9183634347887466,0.48381609737068576,0.34966168591419877,0.5219494537933392,0.5431458468004516,0.26012905720969787,1,74,camera
0.46100750242237437,0.7709666053872052,0.7251595824791387,0.32810918648647147,0.2414386121332628,0.5337140891781958,0.46913758129126676,0.16845961532370413,1,13,tracker
0.41153856567987884,0.8694003428802533,0.9063173717770999,0.8605728900335636,0.026940435290256692,0.893907442183116,1.0,0.847666546229638,1,30,tracker
0.8828655586897605,0.9624578408598652,0.6557216756366766,0.6362982102851275,0.9763721415247918,0.6650381466463646,0.5117112581111843,0.5314923917123534,1,74,camera
0.5891351919524013,0.9615289478128612,0.7768732529150111,0.33459224823178163,0.2829825341123061,0.7928457843457336,0.7797320042819489,0.2613012335818991,1,28,actuator
0.8003783604884196,0.7827125923965879,0.8469982823263132,0.7111933528424433,0.010519059464961756,0.7395248437117204,1.0,0.47521858370774234,1,1,actuator
0.8850777561639886,0.6767306419535681,0.8159221768676266,0.6036751376776376,0.04489881504574629,0.7854007088554682,0.7132202899051614,0.43643286779209783,1,50,camera
0.7871468866643572,0.8819807114699596,0.7905709850015903,0.11842221009388412,0.33400615988921667,0.22678072827600995,0.7093994640376522,0.026664724426680463,1,45,camera
0.3739657286156985,0.12564373484856775,0.8493042108989742,0.7858795800346587,0.0673983637716715,0.9706876624499501,1.0,0.7932118878632243,1,80,camera
0.7335545797355078,0.5155681044857746,0.9509883258975337,0.14552041798391763,0.3966091792695493,0.850266687978933,0.08897086625879184,0.11796830231912511,0,68,tracker
0.9112554889059683,0.7357880999188184,0.7896355635684773,0.6130008638234717,1.0,0.4544593987593449,0.18463259513473962,0.30227821192653026,1,4,camera
0.44912423689779135,0.9780932075414326,0.7741804125383993,0.6956806248461717,0.14931865644603573,0.8519905311572764,0.13103435668113506,0.5725587553518009,1,3,tracker
0.5912957535727181,0.7880403167944868,0.6686441566867052,0.4209731886671434,0.7472005847003477,0.7571200792681476,0.8796959044363933,0.30776056548016667,1,71,actuator
0.2510883411374664,0.33627112758337135,1.0,0.6219438548313443,0.32205535525434026,0.754894050987679,0.03782002055323105,0.42456007474938184,0,34,actuator
0.6082383504233225,0.671314153788761,0.9501311711962265,0.5380547368702066,0.00834604980680612,0.8390313702544707,0.4337591843786113,0.4224310809935654,1,54,sensor
0.6200185792806436,0.2353886640803832,0.9604472434452961,0.1860234402823554,0.7848427282911247,0.6039884889695147,0.6332339435914623,0.13077043676403388,0,77,tracker
0.17188280104213058,0.4344342533948998,0.7224792679112682,0.3306221002910269,0.02943757437783807,0.9569111123492196,0.1110461779481887,0.310717773605953,0,66,tracker
0.5989981871779865,0.5107502988379602,0.837728126913662,0.4398790185494727,0.1770736110043391,0.7543471283500324,0.21951073817120606,0.3389789108452408,1,30,actuator
0.41980677831377883,0.4966596444257027,0.9771385347217575,0.0977191882452017,0.24669487651372704,0.8964550608351999,0.9865621807340464,0.07020536718131126,1,7,actuator
0.8155353256628161,0.9614514370005806,0.9117252557444293,0.9455726221682872,0.6521519162897924,0.7837764597500954,0.4260988751095804,0.6842904420629242,1,7,camera
0.3234734598684493,0.29433247651623706,0.8108662799617709,0.09387051650083629,0.22055587384028566,0.717460416001753,0.43693689896423193,0.06216273404950747,0,23,tracker
0.9364286172628592,0.26295574428130875,0.8602428973386309,0.5696947782754099,0.1829699891756567,0.5966240676405221,0.4697222831124009,0.3244917668697044,1,80,sensor
0.32988353836386014,0.45016893541439645,0.7852433569314625,0.5725241028222428,0.09966021334796364,0.8647154711791318,0.44696868519796507,0.50199654346409,0,62,tracker
0.8209033672763314,0.9418546175149022,0.8974033228052856,0.46112292221181655,0.45429289464280054,0.6134895165778341,0.3085011430062021,0.25077903457373746,1,60,camera
0.2473103041902166,0.4274538546610386,0.9825473743401748,0.9074831012548894,0.3176205137847299,0.7765330497391648,0.34909116305928867,0.6760187409193142,1,7,sensor
0.9514466086021234,0.9249889111159583,0.6718914808789734,0.8276509933768643,0.27503793658780035,0.835747366999699,0.3896029598740257,0.5712607236898773,1,18,sensor
0.6208459399378624,0.3117390014928028,0.7253098317380862,0.8074364499172639,0.19251653701887692,0.7861903487646071,0.06231417410511744,0.68854625250104,1,15,sensor
0.24413635129493347,0.3323090510396639,0.9327999823424952,0.5746186692092564,0.27015865113881793,0.8532055810317017,0.029483396598640875,0.4965093919526804,0,24,sensor
0.8501215921216283,0.0396823579432529,0.8527745124649936,0.25591379634624367,0.2705110089451561,0.5878955273255878,1.0,0.1542788767122515,1,12,tracker
0.8394389666083307,0.15149567184001855,0.9788248557710102,0.5897104548453368,0.21787799927409526,0.9224737439856379,0.28499199601931463,0.4769959591222772,1,92,actuator
0.387348094414843,0.7746637411698335,0.9242323043101747,0.7484256380356697,0.4315192663322566,0.3241585734334977,0.3028413637557016,0.22508256848905073,0,42,tracker
0.7384583540414346,0.2811786596401041,0.9102627171889481,0.4982566826175802,0.24824897793694795,0.3128633436989506,0.33038026681164,0.14822977274805957,0,14,tracker
0.6346252393966109,0.862502772984442,0.8021155488215728,0.3566258057014281,0.5208087440778024,0.7016614160205707,1.0,0.26881340535954834,1,59,sensor
0.14970297239688302,0.03046405631169883,0.7543308684414216,0.7731258753188589,0.1619483937629404,0.9113762580165015,1.0,0.7096319817976792,0,35,actuator
0.9429802135060721,0.3600840808148385,0.7493021984569496,0.5415345535754175,0.1832526079687883,0.6081566029094099,0.5172760124663507,0.3184125962602842,1,83,camera
0.5275418448512073,0.9823468156698733,0.9097059182015955,0.9652590821368815,0.2263348796795411,0.862182685837807,0.6559693948929091,0.827592979163218,1,57,tracker
0.7304357059941268,0.3832836384687817,1.0,0.14560724685473433,0.010493476533282916,0.9056402158073806,0.06871170910529432,0.11528822813172028,0,29,tracker
0.9540318536951157,0.6996521389499383,0.8393578730093377,0.5179823375386378,0.10823385459795767,0.8308249611759202,0.5133120380344426,0.43322784834013267,1,85,actuator
0.22268616631491112,0.2226803531281174,0.7660682778297814,0.5528157639344325,0.7728045314504117,0.416942117434971,0.12293805732175342,0.22271827874260022,0,37,tracker
0.9250910553172674,0.19561293953646203,0.8661134990938697,0.3242825011275159,0.17443560673767983,0.7613193243641878,0.1916585348161515,0.24826996883139132,1,94,sensor
0.8229428699909629,0.7223967078561097,0.7590005051826787,0.11690564674465848,0.05149421913589921,0.747338623359143,0.5979497352960926,0.09314832841816575,1,56,sensor
0.9329534574631291,0.09416063470909013,0.7940262622961405,0.262841687515433,0.09369994423582742,0.7581075583408238,0.18805535330082904,0.22637717766693213,1,90,camera
0.4942601400802212,0.9700875124950286,0.9272424274191269,0.18237241881783534,0.20464374641295682,0.7061405232386,0.923459637629696,0.13333057379700405,1,45,actuator
0.5270617023599296,0.22354077118466573,1.0,0.36802458877344596,0.018641180608508518,0.8631266685045764,0.5469167011150574,0.29122890707030114,1,79,actuator
0.11584800684533932,0.014143062925290027,0.9163908436297016,0.17363111061929032,0.6556961535678492,0.5920091302032189,0.3603797919212421,0.1103272879170618,0,93,camera
0.903560186606139,0.7719892349535841,0.6229798446316561,0.7364699300886071,0.049388531871014496,0.838830527455681,0.3436460587181184,0.5410403554181844,1,94,actuator
0.3475897876064394,0.2805153095258363,0.7925060909208477,0.8758770490609228,0.11923292339645022,0.6668682929540259,0.13942243768369839,0.6819380511533808,0,19,camera
0.11009117148671796,0.6580790795146119,0.8215247982312917,0.600954780072474,0.06139198173069958,0.6055505955085162,0.3747089922207121,0.3506221834950422,0,76,sensor
0.5151100464549291,0.8421588867250687,0.7782251459214632,0.8433137042078425,0.12254726430086504,0.5674962371272454,0.032506528191923366,0.4756099516626316,1,58,camera
0.4543884856447061,0.1691420498246171,0.8781842509253094,0.3711229035632772,0.547248734344058,0.7699321100266766,0.38495732203335636,0.24751824148001783,0,16,camera
0.9400882673362687,0.8604225277487881,0.8290852977638726,0.7547312278781927,0.12213650410800572,0.9171504332989479,0.7257849060018302,0.6387594016563657,1,59,tracker
0.9886921559778421,0.007227170232492647,0.8877092330245694,0.7512847369831034,0.3975734884370695,0.5910736507797152,1.0,0.4105569822494016,1,67,camera
0.7548286658040574,0.5657357078626288,0.7290740414423914,0.21808435087110906,0.04697912920115248,0.8037120322434117,0.8419293801909348,0.1767304250070914,0,13,tracker
0.7879473769302555,0.5403132466969394,0.6805650254356259,0.3345353741069992,0.7036413249647214,0.6628236764914602,0.20065017023785353,0.24677159008956193,0,97,tracker
0.8114606473923903,0.46477949627569565,0.9201722048949215,0.1582685915790722,0.01448040774737568,0.694913479703943,0.3826313795503423,0.10737730960043716,1,24,sensor
0.942912300588341,0.281121304305383,0.8860691572628243,0.46661949867352914,0.3084161834042266,0.6638378363165819,0.630758465346851,0.3178860092640101,1,21,actuator
0.9622257344497425,0.7530881475069968,0.8746259519355103,0.8909421970529748,0.06359226967764582,0.8108103352734892,0.6293802079321597,0.7371487813896707,1,36,tracker
0.9350724392266292,0.2872352809690306,0.8246694991984787,0.44357942842598336,0.9267372263618867,0.5121526845949228,0.52281124379528,0.2344018499124007,1,22,actuator
0.5765068435435198,0.730558937543718,0.8341664342549723,0.4900928559293851,0.9923200261615506,0.5832595507188658,1.0,0.3319057539871078,0,13,actuator
0.9749481380904671,0.5240727696023707,0.8301800854801671,0.28484738178710706,0.075365299303678,0.9139120994129197,0.15250119837220436,0.23245242732070054,1,58,actuator
0.11814680270500032,0.7319652217253216,0.8963130132524704,0.8228374167973332,0.16939849078741825,0.8880670593678932,0.21087550453020035,0.8532549973134589,1,6,tracker
0.7364884517704527,0.17453030061072639,1.0,0.43446017843568085,0.5128682116929248,0.5623932179755027,0.4652100854996457,0.25975760767088707,0,9,camera
0.9554956366924364,0.8894936164864926,0.6801126207071547,0.19036619093858573,0.13553406908775495,0.2205679612168473,0.9347091346710542,0.045445653622758986,1,59,actuator
0.8339235308689358,0.808256303588372,0.8209941597122479,0.28273441998404863,0.12192012737767784,0.7973260297668172,0.615999712418222,0.20613645152544258,1,75,actuator
0.6309634842507108,0.31667227649733964,0.7977797462843617,0.27002026005940266,0.05540726985881132,0.6943738058325799,0.5957418353194844,0.1726552360265681,0,35,camera
0.7170043152501953,0.35285550141056804,0.7861624190893931,0.7785490627010739,0.0017582375579629239,0.5722664890978342,1.0,0.4254364684215104,1,56,tracker
0.7422605689397218,0.7663596310842797,0.7961574253781363,0.32585878500566434,0.027155386749897016,0.9199848760800414,0.14810010936714962,0.3154540480464494,1,10,sensor
0.9521014384677844,0.9255782157788026,0.8366511979329204,0.4323418310810982,0.12484325207157125,0.6175090794853106,0.9907505000289665,0.2603790873393544,1,5,tracker
0.5606377095950896,0.5500455441219987,0.8347758818142187,0.8823519503119143,0.29252205762342587,0.5802349332150659,0.5276181742346451,0.4030211849739203,1,78,camera
0.6473117464774141,0.380857794187911,0.9687247245888214,0.21947481922166284,0.6565880716903365,0.5771708077628478,0.21964465547537743,0.12933044404070956,0,15,tracker
0.008284978238754693,0.41683352103556365,0.7524673912884179,0.44964257109111117,0.11315365752220052,0.5347342335369719,1.0,0.2699851408799809,0,42,camera
0.621543955236518,0.6456167890671693,1.0,0.4769318230830425,0.018046191636684476,0.0634039602479396,1.0,0.031042352498701783,1,41,camera
0.7830019992920779,0.9390344178502965,0.7176717711705142,0.41188545291101974,0.00997939917633406,0.8782432562853099,0.4686020815349754,0.4406896306063357,1,3,actuator
0.5893005044265532,0.4159229580238008,0.9665061489430021,0.6923476891940523,0.005121164616274769,0.8371024009976799,1.0,0.6570610414205674,1,64,camera
0.4354331217241596,0.0870145162194644,0.996517010974508,0.6916661894641779,0.11989886961876528,0.6005622523012386,0.0627128211160196,0.4065870884247398,1,9,tracker
0.49681618199321953,0.6378159620946147,0.7641448984527239,0.4833814496519852,0.04261346510127393,0.938894504114861,0.08424214177405175,0.45147276947798537,0,90,sensor
0.950302550969953,0.35966991001456444,0.8185395643102783,0.5864326143196321,0.1981252687554414,0.4679977558387427,1.0,0.23723652841398468,1,86,sensor
0.9783687132972628,0.8931012884330073,0.8947254298848127,0.572665612071668,0.23118750181754155,0.8703315371763573,0.17473835362330267,0.48320308726552197,1,65,camera
0.7831168134979009,0.6350533547851043,0.8002396877956024,0.34325733807309516,0.049949675522994355,0.6292022418146541,0.3702265115488617,0.21658742725070873,1,60,sensor
0.7306052099616478,0.9933731787561791,0.8351179179006228,0.17352895410393127,0.3993874384736705,0.7340408609913904,1.0,0.13086510469525678,1,72,actuator
0.9264278199693238,0.7508303068479176,0.6921807747756853,0.40086338392747956,0.13766236481280505,0.7993690554096577,1.0,0.3020921872940002,1,69,sensor
0.8290310332091939,0.8607463424485363,0.681735746387586,0.6324697381966405,0.1965041970253919,0.7773562152813436,0.5248547721697047,0.47289706711020235,1,40,sensor
0.7022549371333223,0.5243533043238604,0.8889471739182454,0.5901053564372158,0.009403873442720903,0.41226945956358113,0.3779105436021489,0.2381158076633405,0,87,tracker
0.9543347070979921,0.14310339814561396,0.6446588880372788,0.7851144417652438,0.3096134484344843,0.7450068333561884,0.9849741222724774,0.6510137994364762,1,66,camera
0.6521220173268909,0.9470260187004297,0.5384081813586705,0.3945549784869576,0.6544217553251128,0.5805642629165313,0.36224013113351544,0.21783016359243604,1,87,actuator
0.6669731994094324,0.7133018100619789,0.8846631830245177,0.5886737594141158,0.7478296517382896,0.5280215683519754,0.9395590899349984,0.34126816825756046,1,92,camera
0.9565021594094333,0.5910603284368989,0.8182403225020998,0.7549030301744106,0.2033026742128458,0.918967071036981,0.7396980069210105,0.6289075284172757,1,36,camera
0.9393281432734214,0.31379523285825145,0.6864004576347383,0.49743478152638615,0.06083340550390366,0.8275748232220274,0.6001660843255422,0.40943867301608705,1,19,sensor
0.998128192316045,0.7456107863588677,0.7838957147154393,0.6314229574876352,0.09905233739101607,0.41618530839277684,1.0,0.264791679950187,1,80,actuator
0.5400457333441191,0.768142950012425,0.8873753408243977,0.6238427313265394,0.1823967762218161,0.8405508180045711,1.0,0.5575275751939757,1,15,tracker
0.5495706791561504,0.7380920271561837,0.6197731830220383,0.4902321736480638,0.3324180363453129,0.5733246301962819,0.8134973906730457,0.24507012374732354,0,36,actuator
0.6675392138738929,0.5670009571728758,0.8124367672656194,0.9203618243166761,0.8375864261804095,0.6918451130052263,0.7337035941518152,0.6566831577461288,1,73,actuator
0.17764674496826857,0.7226525232792083,0.9537724603345152,0.46511961817174297,0.18980152563653124,0.8001153893369201,1.0,0.3807655072250911,0,41,tracker
0.16870354412981647,0.35189548636561574,1.0,0.6079076362637941,0.3405896779038978,0.7717624110851711,0.4021711659708023,0.40076183436846197,0,1,actuator
0.8888889601420583,0.4351536236692492,0.8549348767835975,0.5421682659263172,0.5661091246767187,0.7802639057746177,0.802372460991817,0.3811025033175309,1,24,actuator
0.4725645196608002,0.9939185563612182,0.7507508199902998,0.06199423910467853,0.6954407972398862,0.6286322064819696,0.24339715015049423,0.03599337538523081,0,68,tracker
0.6443426828504265,0.5670927903041789,0.8828074068996978,0.11290432181056188,0.18331307990511733,0.6842271818779718,1.0,0.07325502210479537,0,59,actuator
0.9879526359758218,0.6988765023851164,0.8564569326973781,0.5366088568586168,0.18367299569531959,0.9224857929278611,0.5242675661883311,0.4287028864724795,1,82,sensor
0.5873435512634886,0.41312255375211965,0.9021101784371552,0.5192996930508418,0.32869753512434174,0.8330057265113718,1.0,0.4186254885620749,1,82,camera
0.2827733287076415,0.879949455093312,0.8900318984938288,0.6393669037218781,0.7161070955601415,0.26311479023957046,1.0,0.1732855822262529,0,92,actuator
0.15553973428550144,0.5466168908296465,0.7169442291258779,0.3868351262725094,0.16309736221006266,0.6255345612416111,1.0,0.2150638340938122,0,2,tracker
0.83303315455319,0.5872126054487941,0.8168884669367674,0.713561643557077,0.0035244387328999863,0.6588900406182365,1.0,0.4177744561045717,1,25,actuator
0.8954068144502725,0.47294064950760256,1.0,0.16140287358305475,0.8429258008622484,0.6107558832983405,0.2928706979212971,0.08166584986734435,0,56,sensor
0.08118148785349255,0.6400084803692658,0.9455351841375301,0.43225357115200047,0.9701917023818991,0.5103427823101871,0.8460940092401629,0.21409837087818703,0,51,sensor
0.8504393574871913,0.5765265823908423,0.8182765427891399,0.21208870903811397,0.0007675422886314004,0.7621390383617405,0.2857365253833276,0.1762562678148371,1,24,actuator
0.8598079112562267,0.9319213609208771,0.8108941186445485,0.42480428636400974,0.1853990100962671,0.8495484866703205,0.5534603960549552,0.4224698120617606,1,26,camera
0.5787555478034608,0.8555735125701868,0.7798595669604529,0.2264860128378327,0.7794532274398461,0.4447706869707138,0.3780807315756507,0.10197552282911256,0,53,tracker
0.2508767342736736,0.46964064419697116,0.9155055569875123,0.9727777272498542,0.12836393281167266,0.8449934432260048,0.8571835874284143,0.9586206612804209,1,27,actuator
0.9908906352746021,0.35561227631241105,0.8035602872021297,0.5994471953301803,0.1654975922202998,0.7823576622479778,0.6373182362312415,0.4665543279260794,1,40,sensor
0.4040238032381791,0.30914610247831864,0.9606370002774054,0.19697426664519202,0.27440838127380895,0.871439681973484,0.2647071809945015,0.157462064591079,0,91,tracker
0.5538803803903349,0.7731509312133014,0.6957579287171785,0.4727469656289062,0.19956732592739534,0.9189713335947052,1.0,0.46137628273304754,1,44,sensor
0.08831680605760606,0.1449578595301449,0.853703580837457,0.7805582517650453,0.16986413462970396,0.9025061934551145,0.15053842239823825,0.7327680963044948,0,3,actuator
0.9232441266307158,0.5565722113936254,0.8172280750063543,0.2598331515761814,0.04052163018594891,0.9478746361364428,0.9191672016715673,0.2165893854161037,1,14,actuator
0.5975424337542439,0.31879313049640734,0.8512229766486772,0.6384264341048476,0.1476351630020287,0.9430055810729,0.6555582276717288,0.5336061209923602,1,45,camera
0.7577660963417975,0.2206353512140025,0.8819260691473314,0.7320226134669706,0.15276516335839183,0.50512328577002,0.1234034107310744,0.47979359210275513,1,33,tracker
0.7830797531708192,0.22973716777409597,0.8321502992756963,0.4948262904121966,0.120572544591292,0.9040345528104328,0.15991514448862623,0.3935148949595865,1,66,camera
0.8290542443317078,0.7232097359190915,1.0,0.4453962964823943,0.042954787022674315,0.7599781085346707,0.9000326583047538,0.3785235302626852,1,22,camera
0.4293791038847009,0.7067374774410023,0.8187634145369805,0.54498515052866,0.2856834625663023,0.6066407400803288,1.0,0.3468553629017549,1,21,actuator
0.5342292100250312,0.751129528174557,0.7322813517002017,0.836912462881106,0.18752675049738182,0.5824981224309659,0.5250760406450027,0.5071787143081791,1,22,camera
0.8815342963812147,0.2530092026423552,0.8692277507710813,0.6196724125917278,0.14214634305035675,0.9400298299736249,0.9031805866687297,0.6942417475084302,1,3,actuator
0.5530082663355519,0.4796908907738339,0.9208192651206278,0.6126601123020674,0.10583731023424728,0.7866234767742976,0.6606546156970443,0.4772383815219218,1,95,actuator
0.5460077748425219,0.8572350516272449,0.8522405104701773,0.8545541966357577,0.1258639693995454,0.4654872618683687,1.0,0.43366108890944055,1,23,sensor
0.589936020982974,0.6922904164364908,0.8748561352003856,0.4914804270427148,0.7261783686171055,0.5155296651640482,0.9422775269926225,0.22521620182881585,1,59,actuator
0.9974374672832431,0.8058017565489304,0.8140074106067596,0.16773595990353535,0.0926948190747503,0.5358447438829556,0.26023514384879814,0.09100472974808096,1,84,sensor
0.41297138497696,0.9556485985523427,0.7162907940605288,0.5717911956812938,0.48087714538704346,0.6551731232950196,0.71355856480851,0.41942229049802376,1,86,actuator
0.6885097186879087,0.5504717493209652,1.0,0.556653084627896,0.40678179286948407,0.5887127160956955,0.34187095448620847,0.35952077163991103,1,99,sensor
0.8906024057306652,0.14426680422912994,0.9952002525363522,0.666116472076544,0.18432089189170747,0.9336985256275252,0.6692190555422982,0.551305154342582,1,40,tracker
0.9055576818007375,0.6702316294348506,0.8078956498799414,0.6493017411109218,0.2287750748125234,0.8659052016630471,0.4342651500202302,0.46820844180850196,1,17,tracker
0.4946495469187144,0.6989012620238539,0.9660871410514255,0.720242400461041,0.10772158434193746,0.8093949792751542,0.08953098816665217,0.6684681569959858,1,30,sensor
0.2684745810124736,0.07720785910947382,0.9334059738776355,0.6815130790483207,0.06777036537102228,0.9777156341838573,0.839375658485077,0.7341798233278886,0,22,actuator
0.7863324338163455,0.5194242310617244,0.985140644905232,0.30923856653696163,0.025076916775292345,0.8668991794316289,0.9473561486854069,0.24009318648402977,1,8,tracker
0.9048455553260351,0.04043510990234949,0.9618418789771968,0.06918356433536159,0.2383560506671995,0.9042454683654885,1.0,0.05409519040083187,0,82,actuator
0.4836045917475657,0.940515893683508,0.9487912035052851,0.597882030879846,0.22375703626918578,0.8889113081855641,0.13449660485099574,0.5504426328735235,1,44,tracker
0.7411126534897059,0.8913745313672471,0.860728895335299,0.7292791896855094,0.113062253511418,0.9074538920432309,0.9103000145036779,0.7070992215492542,1,57,sensor
0.5568446686309858,0.5775412070463042,1.0,0.26686276182156615,0.001388671493940416,0.9959405509663476,0.3748083815111191,0.23889764339356873,0,58,actuator
0.25319839829250895,0.018808966745486874,0.8218244520471019,0.32929580270709935,0.029738709393316843,0.9078590900618762,0.5141228687642971,0.3631080089981678,0,6,tracker
0.7602333678878548,0.8771298984129118,0.8466598453116955,0.4565268877442015,0.06785174013911782,0.8388146491947258,0.8161764596113456,0.32242300993800793,1,52,tracker
0.6014813590273154,0.3214510396869788,0.8982215999605855,0.12908880957032526,0.0940608750102,0.45532533353214016,1.0,0.06032170012127518,0,46,tracker
0.8642692088882287,0.3757521847808827,0.9332235545310797,0.19179429157837347,0.1287009066373256,0.8831022441633262,0.4456828192819711,0.17449882489138238,1,22,actuator
0.6301414024015245,0.639317092856497,0.6960042265040514,0.5916667465034964,0.05350070644199212,0.7641213629394285,0.6002945806498606,0.40345037779075865,1,31,tracker
0.6777017394511702,0.7713566812579686,0.8174344474517982,0.1778910672522726,0.10255910774847772,0.6364652365200855,0.3480580491147383,0.11156843202933556,1,39,actuator
0.3023094851741218,0.9861798189601876,0.8386881019327125,0.8444905194071147,0.6012670787030906,0.7376299368768374,0.3933021519757948,0.608495938907755,1,62,sensor
0.5582410522096166,0.2853271921383264,0.9804606563432847,0.5747295396462434,0.5557610560181507,0.4512879587375206,0.8176774787549318,0.23011544152937374,0,50,tracker
0.5801411738507466,0.32214478715980494,0.8869003838860059,0.8341439552239748,0.37442536369996227,0.8752035046788399,0.09135258642010476,0.8379098539026159,1,62,tracker
0.9836238291372547,0.12231197450370135,0.694454977270011,0.890800935965175,0.032534669214618374,0.5101691484634187,0.5586887232869511,0.4649170067141022,1,33,camera
0.7455936090087129,0.8201145596752625,0.8215951343239501,0.35113953119628144,0.010645105768571883,0.8711155684751585,0.19286269735450415,0.32991849935073564,1,89,tracker
0.8031713196831821,0.330381120437194,0.7448774580346679,0.8312390666128022,1.0,0.6659706990895942,0.4535516793646195,0.6287791996300519,0,89,camera
0.8569998196186827,0.1154212956857432,0.8765377992008293,0.8000813929176873,0.047950931877431144,0.9550976227090194,0.6673100907234707,0.7324331625853597,1,94,actuator
0.9381867125311053,0.23955797827537825,0.9812037104762547,0.11772657134964372,0.10657977959784759,0.3251696389306033,0.2762948246116838,0.03821543843339808,0,96,tracker
0.9207787813515436,0.9160099386221715,0.5882218466209164,0.67857924088767,0.2656015043311009,0.8858444141430607,0.269033854640262,0.6634185602347371,1,89,sensor
0.9552902918957247,0.5583327329298188,0.9879762437734333,0.4410498235865244,0.10213666407018744,0.7119329349488207,0.25623763300653035,0.3006765178106759,1,58,tracker
0.34362669934702456,0.7413872382161228,0.905820482293197,0.8478748514668687,0.10387107596480658,0.5646351847164229,0.5331024520270417,0.4196543295622967,1,21,actuator
0.8923211436739672,0.19684091346766494,0.783400178770532,0.2518598572719812,0.09025834292535136,0.9263541845892187,0.7616094137656296,0.20001010905056124,1,97,tracker
0.8692891002307193,0.9041590102071133,0.8109703197238813,0.6284158115170495,0.2584977497890415,0.6856867752615635,0.6154649298237254,0.3796829767277587,1,57,camera
0.6530094511185136,0.7450186770428231,0.7939036527461154,0.3911606658246707,0.8132869847548687,0.4563308541531937,0.3332468415117629,0.17164631265277996,1,78,actuator
0.4689113053228602,0.9253561200973613,0.7606404628131115,0.14091257744684368,0.07623410708148633,0.9519841442609661,0.13881995134643368,0.13968510312871932,1,53,tracker
0.9518839054305097,0.8561470384091557,0.8869330819089698,0.2812681032396657,0.35162534452217387,0.8546355853378699,0.41339686515803037,0.23180910807631055,1,80,tracker
0.4804595090515713,0.04150053056585506,0.8515681311960839,0.7860664836002769,0.36138235840009986,0.7485300095316696,1.0,0.540967417580422,0,24,tracker
0.33696585114846017,0.8921525170859723,0.9381983434955175,0.5978642252619698,1.0,0.44179638783193953,0.4308768062410427,0.27171256184881865,1,31,sensor
0.5500160167712873,0.5974052952052578,0.8156475564056643,0.09611093228266435,0.07256194052507257,0.7910587758927432,0.19275322459624247,0.08879774660550993,0,76,actuator
0.543329421593184,0.650780928336619,0.8406500098071145,0.31491776579242764,0.21813831419785729,0.46724480644059296,0.5042750731352055,0.13802966116781282,0,89,camera
0.33488357100604116,0.6455211496223292,0.8247645237920754,0.34230678510414003,0.44748441543554485,0.575218024160095,0.4632586734565018,0.17813901801058882,0,13,sensor
0.0990365551498841,0.15800588077445274,0.921773989305038,0.31174809348695015,0.5006164039000187,0.5033664852496921,0.18939914774515249,0.1445420463459886,0,92,actuator
0.6108722905495372,0.06459011647980746,0.8171324275225766,0.2845712420863376,0.10034928534834978,0.6092618914849468,0.33320185474337977,0.18171699193321447,0,10,sensor
0.5455887020174267,0.5777630635279976,0.7587666685028472,0.6571267024427306,1.0,0.5643057699579335,1.0,0.3926740785821963,0,24,sensor
0.9835136247619799,0.9105168489398237,0.9318486568990327,0.6582611482020719,0.23594681878400534,0.80391378872443,0.18053675579858766,0.47035001973303103,1,32,actuator
0.35573719094272827,0.22811440750686512,0.9415403135903588,0.1608686949433379,0.009955508136627437,0.7470331603777862,0.48959817558316676,0.12581924184745205,0,7,camera
0.3172469781613126,0.9588666404386348,0.9237295086517293,0.5444011504257544,0.16611651742076183,0.30543268553380026,0.09221997769276565,0.18566436578105378,1,33,sensor
0.45782680243020474,0.5739974625774988,0.834290412352637,0.14781158009298012,0.03930621697526192,0.6418072055663792,0.05702723903354531,0.09238104635612383,0,94,tracker
0.6761557237524576,0.423022891590144,0.8278961986243177,0.7632348002446732,0.2785813923892524,0.6663721853752765,0.06736389795375096,0.43758267587279465,1,51,tracker
0.5310466428031895,0.3711133876654276,0.9985802330007848,0.36413709049096477,0.056029342671093864,0.9210074246146707,0.6225614306928793,0.27225036450940054,1,79,camera
0.864401759173533,0.9648283791093729,0.8199261979192424,0.8011716231500037,0.3286241251871713,0.88437401438022,0.7160142411587302,0.6815512790405713,1,77,actuator
0.843028577861656,0.8677302545901606,0.8882139804357986,0.4837577045337547,0.27680703092677383,0.6925022366659429,1.0,0.35761829778157644,1,83,actuator
0.7399239437377343,0.5647144210786544,0.8783857145547512,0.6834081639626983,0.13475881700227474,0.890210661922248,0.7255276051996735,0.6145551777034627,1,91,tracker
0.9090092188650932,0.19626325153952917,0.8282849253965316,0.2484431533075844,0.1575857127313956,0.5443055454619181,0.5569257008256503,0.1520338125580154,0,26,tracker
0.7101133167104454,0.5907565880871244,0.7546341114121924,0.28134604908780614,0.31853563497272874,0.527455281307705,0.30911875840062175,0.1582551865707093,0,19,tracker
0.8501552735463255,0.6607893649022091,0.8360837954771676,0.17197456060782035,0.15029543785782093,0.6125086038569452,0.020187898165001453,0.09303002288246003,1,82,tracker
0.3344779477214323,0.6806482057633441,0.9055977819639773,0.39156023752752195,0.04713938672711781,0.8623872971333723,0.6812439407034002,0.34599230867673486,0,18,tracker
0.5742457524782303,0.2638202061486316,0.7716077797491315,0.2996415801498384,0.6176923884722125,0.7734837685756752,0.8926148983496051,0.23007479026750444,0,82,camera
0.5555582725870347,0.6726378873052434,1.0,0.2959094333484124,0.4786143012936953,0.7395645170616505,0.46647850594560275,0.21646906555150947,1,48,actuator
0.15655627261539734,0.3039579808673773,0.774647502864902,0.2245202224150668,0.17445103967274264,0.807828733282563,0.8290438106154866,0.17844332685307418,0,24,tracker
0.41388813738564706,0.35827200083754224,0.834547107775474,0.4362869202964573,0.3946704237446836,0.3816661489909145,0.2954289917242882,0.17090102929612594,0,60,sensor
0.4801068358842405,0.554698663066199,0.6386608622255115,0.5635340669565155,0.022249990615328834,0.9051779838574457,0.8007473954907717,0.5032066997084916,1,18,sensor
0.31365265565324507,0.06530481186410328,0.8358118576834722,0.7887413623470239,0.25254118027129224,0.48873265086059864,0.5326439609355615,0.4563373267537653,0,38,camera
0.3777586055570267,0.8567525931530705,0.8823565283394159,0.3671995825393929,0.0016901182493899488,0.8420959039155824,0.19348857012987566,0.35609606936639165,1,42,sensor
0.5482310941660754,0.17852918248985838,0.8430306729116522,0.7029095946978412,0.034891783890684445,0.8999964448636633,0.6462673978173091,0.6990932015888375,1,73,camera
0.7525412276292207,0.6804091291049176,0.8699922603719659,0.6712610917924826,0.14640973388597153,0.7917743870331003,0.7227374256380877,0.5198963655736834,1,87,actuator
0.6655101451165769,0.34105748706436095,0.8956711903221188,0.4326714399683447,0.037733129966427324,0.8890082721772472,0.8653207409606349,0.36338090772170145,1,16,tracker
0.5288220875422001,0.8240236588130064,0.8156170135344825,0.5836570992778729,0.023622875556726465,0.4800774877048999,0.26516085634006753,0.31603732083917885,1,78,sensor
0.3714980250787122,0.1250197935734079,0.762861164808037,0.8934283776660296,0.027024736628750417,0.9692786381019938,0.5063091815854998,0.9003421452573208,1,54,actuator
0.9989573242239683,0.7269540355244308,0.7958174685793746,0.4604527750793957,0.4569235712308905,0.7808319467609427,0.20050799342110462,0.4244646263444002,1,4,camera
0.32689443186598327,0.7644001084330967,0.9491005107016371,0.3485525669610321,0.00011634777126414008,0.9353990281394827,0.5059794720957038,0.26067593570482367,0,60,camera
0.7023457734834399,0.544411596683561,0.8078971833136718,0.5238515698741769,0.15248610984840008,0.9048377085278164,0.45932176991710255,0.4439763641084914,1,41,sensor
0.27710342785153613,0.07418237958273062,0.6884763650080574,0.5029902464452867,0.4637082594547648,0.8277614048528162,0.9178623430559202,0.39582688715014647,0,89,camera
0.8291374856976733,0.9770092634171837,0.7572987252767706,0.9141535983434147,0.3372536766047221,0.29741814953963774,0.48424034180325903,0.2841634970685789,1,1,sensor
0.49928654634920744,0.9898444630917729,0.7259795327690356,0.7374514185748617,0.001487772984911278,0.661092163960438,0.8092021035909333,0.5479529691949336,1,2,actuator
0.9081687835494503,0.09404534320646099,0.893208611184182,0.37794689335507453,0.10204762847872824,0.8982588666966369,0.5036683916405683,0.3660792699681249,1,61,sensor
0.8329987910989545,0.6932460694327994,0.8859578379254978,0.6893092412485696,0.034800872584274195,0.8237680831247151,0.11561411943372975,0.5837298295674074,1,1,sensor
0.8942072131437722,0.4570840892381415,0.9104755215585827,0.06939496838768483,0.44124552983799054,0.5670137572858004,0.6879673275858439,0.04150198274981628,0,23,camera
0.8070194897545542,0.6636813496193771,0.944907571461492,0.5340904645333864,0.35804452491126176,0.7259898368799268,0.25016421228276575,0.42600762376177576,1,67,actuator
0.4051151664865046,0.8135034734384224,0.8597788633797386,0.6537764098704968,0.549031726260087,0.8149640578087278,1.0,0.546954475848002,1,50,actuator
0.9632584868705787,0.5379164726032609,0.946586730595645,0.4743349762928597,0.06365412865066816,0.8728467611313985,0.7911780054922546,0.31779026621556783,1,79,sensor
0.5285513428288663,0.2835732577145051,0.7728020637477903,0.7746142443514485,0.3829748904760403,0.8089659382638825,0.96299734041572,0.5352436679359535,1,9,sensor
0.8390491548060104,0.9071564924701041,1.0,0.7905340496158232,0.06691554469836616,0.8382581456575025,0.4659492523550326,0.618755271994274,1,54,actuator
0.7864231537897737,0.28189238484660906,0.7120568073659345,0.5491170874769444,0.673851163988382,0.6747128424162717,0.5417463765709879,0.36112146397108197,0,69,camera
0.9424314750102128,0.5446802093913424,0.6978166881189968,0.26230786563741293,0.29897726354107934,0.32313490829828995,0.49228229315040023,0.09034999903911056,1,46,actuator
0.8516973183301099,0.4805154272154344,0.8007262248853962,0.34510915696302913,0.8316352137369811,0.7360135488799562,0.13701749034956245,0.22584825878351122,0,31,actuator
0.22091325366991973,0.13299432172438927,0.7924535280366689,0.14905966643453505,0.12035620430965743,0.07803111540636337,0.1610915020926316,0.010890271774849435,0,36,camera
0.795281693830074,0.3391102605431701,0.7446667077128795,0.3244832921085613,0.02698260369170683,0.7749145306745389,0.3167190374456222,0.2188881691779277,1,41,tracker
0.6464532269151604,0.6846400355740294,0.7913906296915816,0.6218804936676215,0.4961298584685867,0.37040861073262243,0.8388683557251538,0.23005671728389923,1,80,sensor
0.537697612480272,0.8675385261861102,0.8494757385674785,0.40954555416613636,0.12344932599072271,0.7559770324585007,0.6571111370166555,0.32355172081832395,1,36,sensor
0.336814142452587,0.8743142065126455,0.9750151032771499,0.16298610922715892,0.40953184209598675,0.8291191680937896,0.509280873202015,0.1318785374678219,0,51,actuator
0.5698546065955055,0.002730901940641883,0.9212112768042151,0.6442173916350521,0.28857977514905336,0.7944569266138864,0.8062679474175398,0.5408759265014172,0,96,camera
0.9290366583204287,0.5240015771542765,0.9959499464262513,0.4062045675617521,0.6945650405038963,0.5190627452867402,0.8470183315472161,0.21528711826481453,1,21,tracker
0.7827542660779022,0.7490849153780589,0.9206305367610784,0.7973928777598203,0.0742739979587151,0.9179783194229022,0.9331345668073767,0.7501071369334825,1,55,tracker
0.4689602049353726,0.9543579888944166,1.0,0.35891465052646293,0.16180873743827803,0.6473459841584799,1.0,0.2086385768409041,1,46,camera
0.46226601249524396,0.9454040123060051,1.0,0.4885572134323678,0.3224382470835351,0.7418042049597705,0.2603123511870712,0.3512409424532866,1,39,camera
0.3066292820782359,0.5653372710667178,0.8853786451518407,0.550932471064213,0.12306966664551466,0.7675793470463428,0.5898889800366964,0.4671198997147286,1,47,actuator
0.8379508943543266,0.4764702447535183,0.8591436666932079,0.7731313100468893,0.022756989741859975,0.650148304143374,0.45703822537966643,0.5487634441565593,1,41,sensor
0.3263216454188471,0.2884554777106132,0.963095100927904,0.5472890441467206,0.23921948459577572,0.4748295224323691,0.49968882136314996,0.2303579076878366,0,82,camera
0.47918326863837774,0.6547474456681266,0.9590435120674742,0.6435983311991185,0.5408736890944866,0.4156421327220188,0.23002352234215934,0.30995201448620247,0,78,tracker
0.6173243356783936,0.9812790932209143,0.9518535383007849,0.30986123641363494,0.7762106861512021,0.7031475482912363,0.9766887913034679,0.2159807635896289,1,28,tracker
0.6907247611420235,0.5515995426969537,0.9064700017873111,0.5918159251756285,0.0279832446130574,0.8688768183798594,0.38404644986058833,0.4929688655973441,1,2,camera
0.9980431968177499,0.3179411146878276,0.7826967804777126,0.6530206152094931,0.2481606455940998,0.7731501818329253,0.11382417482893883,0.4881797744062453,1,42,sensor
0.8880468806494533,0.24382034087986437,0.7462093644227907,0.638449188949083,0.0013865245976760437,0.7806115157563638,1.0,0.5379879336294469,1,38,tracker
0.8658457678087936,0.900689500648325,0.6873234772047394,0.4501357229381114,0.3607636316334463,0.6780901822554856,0.6333104337736748,0.3185296158395152,1,22,tracker
0.34400510266307793,0.35112433286877454,0.8931470693791941,0.5370743332683235,0.2729787331479283,0.149478201345096,0.9108577469798376,0.07638778766263736,0,70,camera
0.4160115754255307,0.9769108709382218,0.7965512374903614,0.7660769180102287,0.033202862414195504,0.7137040520671999,0.6147187616601877,0.5726761984161027,1,57,actuator
0.556766655750888,0.564942341360014,0.9167050789021423,0.4968841088977144,0.14002849095885722,0.9153084601023718,0.9852977504478666,0.49367772641235036,1,58,actuator
0.5445334213074468,0.7480166319610252,0.7969697511634843,0.8730650251178429,0.1811660068041972,0.8808216263399954,1.0,0.733419245227476,1,1,actuator
0.8600735838199217,0.7783360075427539,0.7543942463383412,0.5170381576716897,0.11519398305361092,0.8169923756464599,1.0,0.5183943060537971,1,52,camera
0.9662333438394647,0.714156207724485,0.7544194562896648,0.16780034478232778,0.27602209039227515,0.8892283764506265,0.17520626758893995,0.14753967282122374,1,87,sensor
0.907448948510017,0.8195467988739975,0.7616966871689104,0.4290023860365352,0.3112655897906406,0.530227932422579,0.2737785274870381,0.23802935704590755,1,10,actuator
0.5446437125365438,0.8612760039139555,1.0,0.8161627519646864,0.13036828945876122,0.6129055196685224,0.7266030852159598,0.4850486578795997,1,25,tracker
0.8823439970620635,0.1403028730066761,0.7596359848187899,0.48342168563194393,0.6451245587149732,0.4323029560576323,0.38106145145093434,0.22572642569146828,0,39,actuator
0.709573063986205,0.4056712650983267,0.7467829511047166,0.49898100381240623,0.0435450553347566,0.7778556833726451,0.4175388857638032,0.34804065961192504,1,10,camera
0.7298046580807681,0.6155136489037852,0.8356623319294159,0.6164503591237647,0.10679780219950408,0.5844886993227123,0.502943829624211,0.36803833925405305,1,94,camera
0.3705612676894417,0.8904059137067883,0.805535127600776,0.19845803701252107,0.004841318170424204,0.264169211880073,0.5027972249513377,0.05156004554177111,0,32,camera
0.7694462077617615,0.35035979402991246,0.8556502521740806,0.39670469044300566,0.17881995372432452,0.9347750397462993,0.11976533685893562,0.38329184860332755,0,99,camera
0.6593638822023548,0.3851257541908674,0.8266280811255877,0.5899716902799574,0.3221949695806911,0.43336483867276504,0.9513672702645329,0.2270821349985866,1,7,camera
0.5067979908816336,0.8003908759310485,0.8058988287730834,0.7728755538337605,0.14709255688459927,0.4289840434316205,0.6932368891477124,0.33197107447626867,1,68,tracker
0.4775717515152318,0.6482625129564045,0.8749238061904506,0.47398658969880847,0.1141417330704693,0.8207292090629219,1.0,0.3760376457538783,1,67,sensor
0.35092507235366815,0.05970954166956222,0.8918992209055622,0.6087067354183576,0.5574252131959714,0.7574920582759117,0.4218739051264708,0.4373169438056715,0,34,camera
0.9250951174401303,0.8940891886955072,0.784316334577848,0.7733096377572676,0.5312796633991977,0.5592607641009287,0.35757958891851105,0.46359158213731233,1,96,actuator
0.32581640659715777,0.8408362523194766,0.8304506992208223,0.4933438539197421,0.10114836653607802,0.3514156179688848,0.5142535282561881,0.1521598442163397,0,86,actuator
0.3853458952096423,0.264507600218283,0.7924044274338384,0.8206716002391392,0.13048546575882503,0.7001224851650414,0.397394836805886,0.5770762601980873,1,61,camera
0.7081893105688749,0.11651495278700785,0.6823373973842102,0.18611846229259416,0.5088586698925329,0.8433753206239464,0.14811543694301763,0.157108512653556,0,38,tracker
0.5967584935811061,0.26989722398134913,0.8302857065309668,0.4519554605905652,0.23566413126659674,0.7854841714018008,1.0,0.3227286365313276,1,73,actuator
0.9792768427114613,0.23102315648332214,0.8640737695348291,0.2939159016610905,0.04963592358044564,0.8440705749855711,0.29945754928293544,0.29034777417172297,1,79,actuator
0.7456761586794344,0.8846376434219979,0.9900367388436445,0.363736038869398,0.23184921467670727,0.9105466361486274,0.4098997637537571,0.3001960150319544,1,76,tracker
0.6773416453019929,0.5163600366382929,0.8283892252059113,0.5059582031623898,0.7313419928226488,0.6687791157598489,0.6633138666637457,0.3581766238557747,0,74,tracker
0.24052018482044044,0.29654100513639997,0.8842522401946449,0.06963178063878712,0.17292846060894257,0.7705506206254402,1.0,0.05736031125265392,0,52,sensor
0.8786981261464868,0.7933990634733712,0.7939379045095842,0.42809327879191134,0.38631216835995363,0.5167259613211203,1.0,0.23882417338517925,1,75,sensor
0.5026035192327353,0.17290266114330646,0.841580450920592,0.4676638193571591,0.30342146828630623,0.7255325880640578,0.7340979082426257,0.3232367233013695,0,70,tracker
0.9646377875256145,0.16231847212745085,0.7955660472580955,0.8015386709469349,0.06028019395865318,0.4053246380177931,0.49520219154837475,0.2942060410621575,1,89,camera
0.987689208932111,0.4301460129207497,0.8235490973743399,0.5429679476828754,0.7705471125556173,0.5136265619416063,0.9630461938444546,0.29460739564643645,1,77,tracker
0.6484375846641697,0.3785362399224832,0.9500971085945773,0.46602084999538795,0.16239076742792852,0.6353024664688077,0.8251820312847453,0.253789974567894,0,89,actuator
0.22153422460169236,0.8167551188678664,0.7798704652331386,0.3996752699780836,0.04433632897659108,0.30879094737317103,0.34976729458078837,0.1338605457530674,0,54,tracker
0.8006406844517798,0.4450072367291669,0.9689194645726735,0.2691929147063728,0.5402751977167506,0.28481903323394486,0.561666282894531,0.0736489227352325,0,19,actuator
0.22850914961228058,0.3791008706404801,0.8740754737021941,0.24050270006067367,0.3605670569934835,0.7435683280187564,0.6039347637889838,0.17032791823485657,0,35,camera
0.7269703387097288,0.5420172272469848,0.9032907179211698,0.4234227225411951,0.23337335838080664,0.41725517846466026,0.027951413071816738,0.15020085793111507,0,6,actuator
0.7319021479286173,0.6256356322282988,0.9364297713150488,0.3867987614897971,0.013243296783368752,0.9940974284607792,0.5011139604059173,0.4009491142138931,1,59,actuator
0.9083556724681614,0.8329579622027499,0.8042581127641428,0.4996561589543234,0.05805098756482764,0.8458758171836617,0.17144786624308614,0.3824795571277066,1,64,tracker
0.7841999011502064,0.49911233158335666,0.8445664080942865,0.6432707066745371,0.27787485177833365,0.7683256906756656,0.32937581704018803,0.49554117311155943,1,24,sensor
0.7455999996819985,0.7645035187090674,0.8325218967391683,0.6048646269182195,0.2792484008787368,0.24739032926118887,0.40408940199179216,0.13405618116538964,1,73,camera
0.8389238894899592,0.5992953446205943,0.728824853888783,0.27015285390884136,0.16010240685560234,0.7089686769725497,0.5819544101938466,0.21347846393096115,1,10,tracker
0.6245479423732879,0.8362617590536835,0.9475845695508605,0.691898055853149,0.11347580746697546,0.8171801541368451,1.0,0.6246367191344093,1,41,sensor
0.7313382185496963,0.9168934780048844,0.9472236799975462,0.2006227563411472,0.01783067656074496,0.8887522546004248,0.7796812566661161,0.16062227195402395,1,41,tracker
0.5677609030194393,0.5285323608779358,0.9747510097288312,0.3633196844154566,0.12993792616374597,0.6374319643192274,0.6508373877944882,0.24339591602625246,0,96,actuator
0.4375883532768468,0.7681060811059658,0.8562714239955325,0.7351316868556971,0.6618120926669484,0.6070778866792955,0.4185740851870589,0.45458834999919046,0,87,sensor
0.5970098943828762,0.8432304090261536,0.9784725325053786,0.4300361565044554,0.19909489001212594,0.7074755585282694,1.0,0.30793483320661313,1,78,tracker
0.1183343217118992,0.8888449389690734,0.8407701082549056,0.15980996384612234,0.13810915460522802,0.8071867204472271,0.36577993117352986,0.13959005520835682,0,72,sensor
0.8152463562976268,0.9526887718640944,0.9577843224855885,0.4207178030995825,0.5684705183414182,0.3211744281966646,0.357746808375672,0.13484871077187713,1,22,sensor
0.9746739825755324,0.05947231827900279,0.7023945025054565,0.9125216656489713,0.2911575029565759,0.855039765432205,0.5688119420952396,0.6544303868917472,1,74,tracker
0.7390890938332225,0.922331042247445,1.0,0.801613220162317,0.3754124492168844,0.66978155623254,0.23792951980338517,0.6234748918430181,1,31,tracker
0.9914613168329454,0.0645932021803332,0.7277926688039129,0.1709270847450604,0.1604182176969327,0.338757673895066,0.5372027676974428,0.05770172328130438,0,24,actuator
0.6315009097401447,0.8418122882452524,0.8797734720563365,0.5401092936651415,0.02349290546923214,0.7658361894852936,0.5850303409229126,0.38155630220196435,1,15,tracker
0.5792635013625449,0.5673924647061498,0.9900585069633056,0.7313832577542612,0.0034162238631975,0.7864384456897993,0.906176755407186,0.5759496834378507,1,51,sensor
0.8059171543676902,0.7443526187058237,0.941301358045489,0.4760606082588498,0.44815361732635906,0.589974760781119,0.6412145252894518,0.2741473885202188,1,80,sensor
0.8179813295315382,0.5303637093000309,0.9520543866777068,0.2949354753915957,0.18798150602350486,0.3858156066129098,0.21453479841840448,0.11701267406548833,1,92,actuator
0.46919924513815275,0.9514386985391141,0.8425268071368958,0.8166366755328939,0.281536887631053,0.7497629825437643,0.17855202786148314,0.6722641727795335,1,61,sensor
0.553805049731323,0.7289496070423153,0.8972026172769981,0.3384263182260878,0.16537138161817058,0.7161501157963701,0.2997498868495223,0.26640515419907607,1,1,tracker
0.7800875969409853,0.42170882408442917,0.7567100509194586,0.5508504087440379,0.7136630345181139,0.6041466398217181,0.2102228786862085,0.2633823722183523,0,84,tracker
0.6521093282045282,0.9552406982856263,0.9064371001759307,0.8715602186918042,0.24713326088540516,0.4418359329243409,1.0,0.3534329235919873,1,15,actuator
0.8660554047051792,0.7374165274123852,0.7497077313337581,0.6005928963578531,0.11803868474206487,0.7588615188032346,0.2924730453365192,0.5363657375268789,1,7,tracker
0.2297206902526677,0.7159294548999064,0.769619289631414,0.7197115237979834,0.6045038191832117,0.7182204307727731,1.0,0.5471074024428129,1,29,camera
0.9648986702894841,0.7963559003933373,0.917103090421786,0.6810772221878968,0.3890176845542617,0.4258149515004046,0.12390040907022605,0.26427959107245,1,81,sensor
0.804535409643772,0.7390781668315028,0.7537002779668981,0.413180065053181,0.1061701895654934,0.9627404934676133,0.8256086367228613,0.3754304392123541,1,87,actuator
0.7048918587541394,0.0586507300300349,0.8060162632026079,0.7026185370150899,0.28382262967123245,0.10665148963642934,0.5934831197019325,0.06065580685728708,0,67,tracker
0.7579874063236068,0.29451090467645735,0.9374227259146519,0.5109672229131574,0.15117822891270224,0.8995725804829962,0.36855255633949385,0.4317288590459904,1,60,camera
0.8794304563023987,0.4138198314814415,0.8547561688569,0.23237880863058807,0.2133424525269271,0.7774192796140809,1.0,0.14926584362261114,1,85,sensor
0.8682754943752344,0.9687269469146228,0.7637031306454538,0.3301028233556773,0.5778704289258477,0.8241642715077896,0.43520785809133233,0.2345392303336609,1,96,sensor
0.5888054274348122,0.15738527788369025,0.8957121308948355,0.22048450907712205,0.32159985918828254,0.6050611808582332,0.20008193729299759,0.13764754244096583,0,2,camera
0.9661247539763806,0.3558670063038293,0.8295015023737423,0.5001844650675399,0.1906166690584743,0.3521986262476319,0.19674881596481933,0.15049230558000196,1,60,sensor
0.5755630487828868,0.2835180959722811,0.8128284848782424,0.1698171275186675,0.3415420978172487,0.7227285468186356,0.09889986112376542,0.1297532509341076,0,84,tracker
0.2763550035745511,0.6345576541476641,0.8817865149236025,0.6867021327354469,0.20432535629939624,0.37639545517658746,0.332191913365575,0.25356438786851415,1,73,camera
0.6873676090092995,0.9872595282098976,0.8978252110796955,0.17604737849039903,0.1615638671523611,0.9097411948086208,0.38245801271574653,0.17841207810036544,1,31,actuator
0.8490370169653387,0.8226140099168358,0.9506407232817413,0.5599044501851875,0.35741169310474064,0.820911558171513,1.0,0.5032718358947127,1,52,sensor
0.9613962885592436,0.8875764931483457,0.9402986315497606,0.4079086425116525,0.23938766862696986,0.9210018973179525,0.9510495596482202,0.2912231505400446,1,57,actuator
0.6911207228276462,0.1499057731302612,0.7746682455602952,0.1262992685769127,0.1923158692751667,0.8817824091261592,0.15849586606699978,0.1036979717894488,0,18,tracker
0.9525177117096313,0.17881202726453835,0.8079206751185559,0.13133421516487104,0.28229625908308764,0.7729819114207297,0.4923362727261088,0.11405820897948371,0,52,actuator
0.8926158526425414,0.4321456546664223,0.7972634029167152,0.4073919529720694,0.23082361210614585,0.8379449621871483,0.5329929882616455,0.3596056163011418,0,92,tracker
0.8287180581437601,0.5291249490128493,0.6797230437473312,0.5366990226706941,0.09593946021248338,0.41613357132225876,0.7878685451377758,0.24560672017305385,1,77,camera
0.7684528381375084,0.5521136469170445,0.8767971263212176,0.5653442681006584,0.13887520315254162,0.4790291569397163,0.4600164047096882,0.2990493901158285,1,13,actuator
0.15611259113153006,0.034806557524379424,0.729653032273463,0.7030764778144394,0.4314123528200936,0.7933541529098008,0.9182885192562346,0.5710054166821287,0,15,actuator
0.759242184762046,0.4279417777941694,0.9885296186785822,0.4053777725195649,1.0,0.6977292905109451,1.0,0.23763762937385483,1,71,actuator
0.9739669398209354,0.47429005230237614,0.8931033038630507,0.9557428236284918,0.34640463367573304,0.7587374292771115,0.7696384950700355,0.6547056807655013,1,48,tracker
0.6610008868595719,0.518336052060959,0.8715622953883401,0.5951127036237525,0.11690091056707388,0.8753091781778982,0.554608836770628,0.49725446340650353,1,47,actuator
0.904737512034123,0.3180107627593821,0.7916457181114582,0.580593253545247,0.02926886169508284,0.9720431551220797,0.45416919847467185,0.4942522667282967,1,95,camera
0.644966144161528,0.5007322696053921,0.9688059973345964,0.7141377759540671,0.03871742892809651,0.7533001674208526,0.2380879279058099,0.54192971205303,1,58,actuator
0.8921845775849744,0.39469948711961406,0.8629551480891169,0.8175404726817715,0.10358163005393362,0.9080612945260441,0.7002712493471656,0.7613138214349775,1,77,camera
0.6922236386490139,0.6470389634468481,0.9096545609548659,0.12857866991698094,0.5956966023786743,0.5728897289598753,0.3491164750620251,0.08576070830092139,0,59,camera
0.5020054687291038,0.9440941603638273,0.9629629189349904,0.3899911479942811,0.5988430497123046,0.7681697225582825,0.19882622434081482,0.3250045138065783,1,79,tracker
0.7968380084558142,0.7672459141655226,0.8025380682014023,0.4244423716506711,0.3991767592230846,0.6009966800057008,0.39295579775660966,0.2511863654947877,1,16,sensor
0.807350800677541,0.3298066742248872,0.9162467765895224,0.2642391898741277,0.07707616378599666,0.2939738239748788,0.28166550607277613,0.08489785421939454,0,85,camera
0.9912168832008522,0.6674220727271787,0.7970153433624373,0.7201878162944716,0.6103970920196014,0.6499587589504294,0.16563126030505065,0.4008920315230698,1,93,tracker
0.8981804573435509,0.971039023492065,0.8772546196011912,0.47647998077096276,0.006170199154447339,0.8284646157780577,1.0,0.36390432278175333,1,3,sensor
0.6799601221547429,0.5604414195890542,0.9250980920723959,0.905659203934037,0.030615805312617976,0.5417066652809939,0.14129044855345443,0.5418428110965005,1,67,camera
0.6234218624745061,0.30030449451077545,0.9468922782425165,0.7170542002450029,0.23564825283478363,0.8129913781687158,0.24336204038441134,0.6251620788600302,0,91,sensor
0.7751208107976778,0.625644285939576,0.8994852724203999,0.3607352334319048,0.01302703166049061,0.5278549455590946,0.7426087328715015,0.24057366436703193,1,95,sensor
0.7622651997209074,0.1652693196851839,0.7178785708332454,0.4894797815703758,0.4179262343435502,0.8067849824940294,0.4254704418479765,0.3163500785780518,0,64,tracker
0.7087114541428765,0.25518302144106825,0.9652382431637919,0.5803695658306739,0.06378812259659608,0.6783800138919364,0.20438853018728317,0.3959151164097364,1,96,tracker
0.4282461790518975,0.7441855072267483,0.9193221879310538,0.21635590443792857,0.2722577662537581,0.5201173325943104,0.03794224241143476,0.12322160290800765,0,59,tracker
0.9713535241624511,0.859811044009537,0.8014161137257593,0.6704699433789333,0.025992496610212697,0.7599412488705615,0.4927755459842584,0.47559982049995225,1,1,actuator
0.4874775804592318,0.5118025508806797,0.943314227995208,0.13459273862161975,0.23779503466748536,0.798275425711626,0.37348714509109765,0.12604824342576246,0,47,tracker
0.709980690761047,0.32742742514863155,0.7722896387883756,0.5995042263386153,0.015369648704173563,0.8292947000462244,0.8457327951025074,0.5845384951271584,1,35,camera
0.8628225630992657,0.925479454283255,0.8569533326935405,0.8709369494803443,0.3538542620733699,0.6177454633026054,0.18465373860640527,0.5485956498147639,1,31,actuator
0.17675535985623295,0.5387267539805174,0.7922960472308745,0.174652585241286,0.005315416171628538,0.7552734662520777,0.3539026299591254,0.11797878244849903,0,27,tracker
0.5777114275939497,0.9459916669171725,0.9104822760403037,0.3795343270778666,0.5986683691705112,0.6821331482498111,0.5985734111195724,0.2584952787356475,0,13,tracker
0.5149800764163921,0.4229622450803665,0.828483314277826,0.7586271921369866,0.007352926412136478,0.49244990284520923,0.7688564768723563,0.39230294181983727,1,80,actuator
0.20820323538803853,0.466989106932403,0.8518853494969844,0.8532107948775165,0.09499167718746737,0.8943979953594324,0.41131886139345514,0.7587060513408413,0,44,tracker
0.9360617933966138,0.6271431708572025,0.853455941772933,0.6785848604561828,0.06081901390995429,0.9279461718837932,0.1047839662530604,0.5529230542104009,1,35,actuator
0.39182750638372066,0.7477886442754051,0.8938394243482297,0.5108217930892615,0.003752467836647845,0.8860565934119402,0.04710106251354295,0.4899340608785613,1,95,sensor
0.9125644977068446,0.687023602968043,0.8003867382694904,0.8306782785707866,0.10894641040768749,0.24318385347821506,0.30354160443326145,0.18680052138184308,1,90,actuator
0.9998616005857217,0.45108579640542457,0.7662010031995377,0.224193411767655,0.20655945866206243,0.6966070764561549,0.06497201870907952,0.14645762037194737,1,27,sensor
0.9828492927464575,0.9396773086376798,0.934657636257425,0.4006003766764457,0.10861572252152943,0.9447620542998711,0.9102894939353131,0.3625882552483265,1,87,sensor
0.6520959036678143,0.4642665823835782,0.7550498827371475,0.4976620031926107,0.5113377940773232,0.8014806350793539,0.6666296793570464,0.43068341858757037,1,75,camera
0.3872184445079974,0.9607037877962629,0.8575672696087868,0.1280696467887127,0.4038382634806038,0.871362700231943,0.48889120404980146,0.1282384969505744,0,88,sensor
0.8937305921070589,0.2735313499928485,0.6072949549141649,0.15288719590788047,0.5599032198942717,0.563367132300745,1.0,0.07220751068093828,0,99,actuator
0.7743696733450096,0.6577764941605785,1.0,0.9282836152819067,0.030501994736306624,0.7932219802261433,0.4282586753931465,0.7174082785214405,1,56,actuator
0.793181424028107,0.8409142793858273,0.7957573370298063,0.5854203433734354,0.02115573064393029,0.8938020543828784,0.6568193961068011,0.45962853288900496,1,21,tracker
0.9707864052683082,0.5354723897874519,0.8137105252347179,0.18412221131039466,0.12352173023806226,0.49229262846262756,0.3840578881715659,0.09212394888473784,1,72,tracker
0.9801769099878299,0.6034334662904975,0.7408340989185777,0.5894841764499923,0.09145881003527476,0.5807262284046153,0.6201453647015481,0.31538752835714307,1,15,sensor
0.15837340706585887,0.2730606247151166,0.771992287468522,0.8168292543384413,0.12316848446028641,0.9045089451407264,0.5931215778607803,0.8502690336904511,0,89,tracker
0.6754787301615415,0.5967102953227896,0.7151333361757151,0.5896347441184283,0.5676353732074151,0.7940643896839784,0.6102181259221335,0.5695468463207368,1,87,sensor
0.8632205965333682,0.32068072860393876,0.7916545211748568,0.5720265022228952,0.1614725223925429,0.6811469917032105,0.16735262103833806,0.3749199341018376,1,76,sensor
0.9731976312131033,0.9415347968698405,0.7247067848904368,0.5276311889174509,0.38509111042452443,0.37178448597465796,0.12493090290512707,0.21375773484051608,1,28,camera
0.6892313419085851,0.2980635099108666,0.7038766699254645,0.8768364397687647,0.041472824261270566,0.9291795255345745,0.23076699334313489,0.7992378781997701,1,42,sensor
0.2576973102497394,0.09844218035615517,0.7233225430610426,0.3465394557393832,0.20005492703892852,0.8266783581755062,1.0,0.305542518691431,0,3,actuator
0.9308353526081968,0.6450201222317218,0.9465610164289238,0.5478777708402093,0.017230453826595098,0.6261569558915149,0.4516983850150956,0.38396702621814444,1,23,tracker
0.9944535082648254,0.8660021832766429,0.9415416431827344,0.7349100708596799,1.0,0.651066779269929,0.12244116149896324,0.4714858650762552,1,30,tracker
0.4331017276410264,0.7494084521052669,0.9947173012586593,0.740924219344432,0.3150638358674106,0.7717634172820618,0.713507040301475,0.6304542225203644,1,49,camera
0.9119129689292799,0.23045916235578084,0.8198588106745955,0.7773598020885468,0.2806882602218325,0.6422429362877162,0.09002684424730786,0.5371203559647685,1,98,tracker
0.7415393384133535,0.532968055742529,0.901685087367373,0.178646703076463,0.2150824562015662,0.49237631962661327,1.0,0.09182982500709228,0,22,camera
0.38890393591237676,0.5100389136696728,0.9868499542325798,0.8945370719638838,0.08863357507299666,0.9361171097235813,0.9084286697880463,0.8418081753628306,1,58,sensor
0.517956587582444,0.8377650685018188,0.9035577626187151,0.3405308642183911,0.029736375281830145,0.8819680588384005,0.5736807151804968,0.3403807077953993,1,80,actuator
0.6306795599102298,0.9929099965651106,0.8873522360879849,0.8774871605862832,0.9677656040948943,0.19791160649076725,0.12437059109551117,0.17391500357936815,1,38,tracker
0.7674236534988919,0.8696931040945411,1.0,0.5949942917650016,0.3465119902209926,0.5694097591611784,0.21248630466752308,0.36748698747717673,1,74,camera
0.8011237721602512,0.8398876337655627,0.8665318955430434,0.4256008010101664,0.5237699993024268,0.4150511907605552,0.18354166418347304,0.15540675917571048,0,30,sensor
0.6741877293072936,0.5165206118642599,0.8737710331563929,0.839170555862103,0.8200875731576807,0.515615388498257,0.1635576132182453,0.47547841476807357,0,74,actuator
0.8575891937488213,0.5652990749668138,0.8728162295360246,0.41122932476141694,0.2638706887424261,0.7404383716226879,1.0,0.262321561552494,1,45,actuator
0.741557029980123,0.8855936026294858,0.7992662247152695,0.7195828205751014,0.010509901891685412,0.980842661041995,0.46560201428969483,0.7616899437884843,1,93,tracker
0.5727344048791762,0.48536108630511393,0.7679432072143579,0.614610868547458,0.08040653649960923,0.6145725017313639,1.0,0.4078245590351009,1,79,camera
0.9148201556626787,0.6540816093952868,0.8606334245841283,0.5244849970892573,0.6705107079023337,0.53074447351897,0.1103717861424796,0.2899759048563847,1,16,sensor
0.7145308348243278,0.633259798820028,0.8084884289262765,0.14737634762727858,1.0,0.6722946429806057,0.7512226892175123,0.09223133159642197,0,44,camera
0.32517123254362,0.7564408887957381,0.8713538017845593,0.6106854737279857,0.4373692292827493,0.7341507535473304,0.20424410955840022,0.4265433878787732,0,95,actuator
0.6511903748289568,0.699539949794668,0.7614996052603227,0.6388622776174436,0.14551333494189783,0.43965673186473914,0.637127580527679,0.33401487117174483,1,95,tracker
0.5841506559345949,0.32001152510746156,0.8898593213006071,0.4379134239311616,0.41046044220984657,0.40022838358534907,0.7216078005500725,0.16515977326454165,1,45,tracker
0.8825243981029387,0.8579877098678589,0.7323542747956693,0.692847169546667,0.008174166062263389,0.7293167660058946,0.5748547594121874,0.5670572731227003,1,33,camera
0.3955039933552867,0.6916560652507959,0.7676263723782248,0.811719815014885,0.07642274658265782,0.5960433760789448,0.10408112053818909,0.5462230350889151,1,42,tracker
0.8986042395934362,0.8372040196388122,0.7471004201392011,0.15456685427711425,0.021091830117693215,0.8194337729331519,0.4780365308706258,0.105845765107246,1,74,tracker
0.618003639732177,0.575614044247412,0.8773519865920534,0.4126294265525106,0.27272053364215976,0.7637166667552432,0.44080266838177473,0.37415299857733286,1,47,actuator
0.5705185279975368,0.5701718313283122,0.8766703734157559,0.2179808901135891,0.1008042041669319,0.7299227321711395,0.19407124595361638,0.16753618044995605,1,20,sensor
0.7124440367922728,0.4807160077410846,0.8806237048380788,0.6358373848110802,0.06458009182450737,0.8214274869141436,0.3144667809051333,0.5016632627432766,1,25,actuator
0.9309171268692505,0.4653919277539673,0.8171239029859004,0.8858033973358413,0.07165073863765577,0.777083317867535,0.3774373740539129,0.6212962553517367,1,36,actuator
0.605250168528728,0.9133620889670733,0.8594190733530584,0.654383596932622,0.20846832720837688,0.7543475688047956,0.8863201380431512,0.5046218027790863,1,51,sensor
0.41387563902726193,0.08363677170147539,0.8180849453412737,0.4889660761755018,0.14416462184668213,0.41576699592432803,0.2903775341425367,0.21604016410457402,0,84,tracker
0.5173496848283399,0.6718834962744016,1.0,0.45298112655180134,0.2921003398777713,0.7980648602766042,0.385909427920854,0.33908929863529697,1,51,tracker
0.4789611698545198,0.4702871033381104,0.9447660364696508,0.6749246331259949,0.91264408121908,0.6126134330985136,0.2346555073609215,0.45176445993414444,0,57,camera
0.31309430172168073,0.4754616867017528,0.9755141725577362,0.7636843648414057,0.07533763271739877,0.6989367772601255,0.15009473139928498,0.566696077982523,1,31,actuator
0.8887925988628926,0.8824604099583192,1.0,0.6582409743146523,0.26540454812044456,0.8359809294260032,0.3283935910281465,0.5939587731106162,1,72,sensor
0.43189106854619713,0.7875724867580208,0.7221993129720612,0.5138364747606782,0.028712588124864102,0.838426833569459,0.595274294871347,0.4617802252084223,1,61,tracker
0.7612901005626986,0.39584729118736556,0.7303840605415175,0.7048692591234061,0.39240825765037635,0.845306548479956,0.5331546960760513,0.5688239636052046,1,95,sensor
0.9211309199255493,0.9857630111439127,0.759245749164114,0.4549191943828604,0.5441759137609364,0.635181483209763,1.0,0.2979301096058111,1,31,tracker
0.8520582551606425,0.692911158574893,0.8824441015511675,0.7691853105020352,0.03605450183973895,0.7026653489596008,0.25256164371656364,0.5056832142953496,1,39,sensor
0.3067583913260985,0.4785251583202661,0.9875990187169102,0.33346782542687636,0.40322923020986723,0.7700326694699151,1.0,0.23767430399809716,0,37,camera
0.990091605253117,0.35229350168248946,0.8575063848221767,0.6554233407796184,0.01708225724833825,0.7522678428250633,0.34521045573525105,0.5303752274384655,1,54,tracker
0.5470867748901347,0.4357197233215589,0.9397888680011691,0.3523948458312255,0.6991742561776686,0.6796637648431697,1.0,0.24599279003465918,0,35,sensor
0.6785026623401265,0.029031612562922277,0.6706157079800543,0.574737609706774,0.5242400960459938,0.7335792379696895,1.0,0.3980883418250129,0,13,actuator
0.972303079686332,0.2892290265903994,0.9401684763301841,0.20211243079601832,0.38091344942902366,0.48380690341485316,0.7452259650621372,0.08563875207012256,0,53,camera
0.2824600449315141,0.17073822701099353,0.8580017868817138,0.6742680054486795,0.2548403449071789,0.5463906186938234,0.9396240404942802,0.42234762269117654,0,39,actuator
0.8341982596749877,0.6733748604160101,0.8437326744317968,0.6825514973242459,1.0,0.6397343354917724,1.0,0.4866936839745166,1,88,tracker
0.8418977203768235,0.1734570156597713,0.8065561022034722,0.5789600387524856,0.34012590534847453,0.4919170080713938,0.5478310949035878,0.25361211605843165,1,58,actuator
0.7311651388264735,0.49758621325099944,1.0,0.6959447847927296,0.08997802881386067,0.935551773441877,0.25407671915290725,0.7113717287270566,1,60,camera
0.593324613650935,0.8112311516690657,0.9506172706541786,0.4441854416634498,0.68119085922987,0.7211166039528161,1.0,0.35001883423686275,1,59,camera
0.8416180356282011,0.46360441037257916,0.8549141561168978,0.5849549424097074,0.38570788225369307,0.6915549729173034,1.0,0.35851813263510485,1,70,camera
0.2915668022603338,0.28084416624644193,0.6783734914933687,0.8241025942381971,0.12177038737477786,0.38354893741067,0.7330218685382331,0.23067027588835634,0,94,sensor
0.6509129434572353,0.7404814193837932,0.7922883596856689,0.4654798583779856,0.3945577347432807,0.5933662715663058,0.4406736467237775,0.2865468586376168,1,83,camera
0.8827227373945252,0.6685224635857628,0.8270299651512326,0.50845359328682,0.48554728000925823,0.587619883554827,0.5548798767712385,0.32494597886897064,0,96,camera
0.33973555148128354,0.7000125712914375,0.9144195013599331,0.4187613004169619,0.40048221247286336,0.5034790587615988,0.5714423738289037,0.20512790029350159,0,67,tracker
0.3585725800219558,0.17421527896802042,0.7976011242594813,0.3626298416773559,0.17495417681364606,0.878867388606519,1.0,0.28536016276881887,1,32,tracker
0.4804876445883369,0.2820460816814875,0.8737539481680177,0.24199129951765583,0.7590042537716707,0.37648332368733334,1.0,0.08237461414136343,0,31,tracker
0.9829152365625283,0.1919759774794477,0.9452257617713932,0.2663570966022138,1.0,0.30441167162263494,0.7347555100047712,0.09398186288296866,0,50,tracker
0.8914842193145087,0.37264137137003206,0.8421289635032184,0.7554547103610721,0.09764368498735398,0.16925430782540438,1.0,0.1323685910886042,1,20,camera
0.7043554224675397,0.6014657395052492,0.7821998107338437,0.7078802842673863,0.4515451447767836,0.860662301874095,1.0,0.7567528513870688,1,15,actuator
0.8957082976825745,0.7056430316477539,0.8898532743383079,0.3139463177025439,0.4415744490399665,0.5781214732877232,0.27839916836707096,0.19266710845642837,1,75,sensor
0.7418198980388593,0.9484521544805066,0.9580525883580807,0.6418033062617924,0.06352694892731799,0.6160983124963,0.74489357097874,0.43630732017241974,1,2,tracker
0.42557532587687286,0.5424528422089592,0.7841583005005928,0.07154882169983917,0.398914527858489,0.4905822789359792,0.8532393269832074,0.029178905806104386,0,85,camera
0.6187783798198705,0.6155251510906626,0.8423323829652443,0.22200009717954883,0.9930187418435192,0.6257270882459833,0.26483643679422847,0.14086043189696038,0,80,actuator
0.9808360606042135,0.2403495783651388,1.0,0.35121276034570514,0.015716367985815185,0.8093054804150468,0.7051738302898107,0.24555538463813842,1,51,tracker
0.7386241338280713,0.4271736139332142,0.8189214496234555,0.8709366502459273,0.328713113992966,0.6896091770945791,1.0,0.6070651100213511,1,19,sensor
0.7405302237645672,0.9444753645024068,0.9371274647174216,0.40962331969397203,0.13757520315834895,0.7536440057008212,0.10090567494435142,0.29522106136612913,1,28,camera
0.9180602564313101,0.28469720837194906,0.8875464005389504,0.10078744892970677,0.3560841250159122,0.4998946487695783,1.0,0.04697733212428086,0,23,sensor
0.5602521507194231,0.43436184226045604,0.8652092553151698,0.4920089397269244,0.038673344934266884,0.5551128964042504,1.0,0.2533159256000804,1,70,actuator
0.7113462258878652,0.7522808124315535,0.8124028307393415,0.44465715924439825,0.6505873465336677,0.5708409301406753,0.8501828599162629,0.23024634258868307,1,10,actuator
0.2079847075797831,0.10668869646140913,0.9908664514669773,0.2718708226849564,1.0,0.4626117286705389,0.8040829255522141,0.12894507475000153,0,77,actuator
0.8733838710686027,0.14046074355532634,0.9359223657371464,0.17320321559497728,0.5068987970813333,0.7355095994837202,0.4568563938105551,0.1348866071165041,0,69,tracker
0.8822705472773739,0.8927744665663028,0.9301909740808306,0.6047314998946656,0.7860855433231475,0.6384175627880817,0.0778290489084008,0.4376397388660701,1,97,tracker
0.9164062879076827,0.39603763300100525,0.9054997395414974,0.6293702700110531,0.3369039339133259,0.5289444481245863,1.0,0.30410271347993956,1,15,sensor
0.6215046159562075,0.32459826550838694,0.8838456357066734,0.5304144005352173,0.13988549581953136,0.584106790894557,0.1156769745558681,0.31268668509428615,0,50,sensor
0.44076585176197586,0.85874545555549,0.7945911455018115,0.5476110505810173,0.17960134826464774,0.6435723614206217,0.497824988956422,0.36923631173674504,1,67,actuator
0.39242415327675295,0.24679836805460137,0.9785925241211314,0.8169878151204272,0.18112841065057342,0.543553861108846,0.8379353232426133,0.4432081643930849,0,24,tracker
0.22596033229865847,0.48464309729238264,0.589983789756193,0.9114595435396099,0.002911535728263923,0.6894104563579976,0.5901253047756851,0.7038239346736989,1,4,camera
0.8528677419583193,0.7589792869141234,0.7966085452381009,0.5792981399957288,0.2954618763232536,0.8560962165061776,0.21176593039490968,0.5077709604881623,1,72,actuator
0.4765892873834625,0.056346542316999676,0.8004612166407497,0.3315919173372659,0.35016384064921324,0.8465659225484236,1.0,0.3319880765653711,0,3,sensor
0.8815592743023076,0.9473612057997918,0.7665155828545978,0.5941281248594462,0.21171051985113457,0.8189115630255961,0.31772014915980973,0.5856920546203053,1,45,tracker
0.6839445734245215,0.8155982965642565,0.9727037114254004,0.6733547272039601,0.009399943790025104,0.896307458713523,0.3463655493713303,0.6828937443331365,1,61,tracker
0.8581138523005379,0.6728277062745408,0.7032855346800162,0.3596932897531813,0.5781512206349337,0.502921474958431,1.0,0.20593477570922603,1,1,sensor
0.3361856068492586,0.8554422075183326,0.9132075955493676,0.287742515809432,0.4248911729038435,0.8359129920029283,0.7873296553597252,0.2500635011580819,0,37,camera
0.6955824986308787,0.8637354484987819,0.8198311514549971,0.6382657449361706,0.06366070729430727,0.9635870902354188,0.0853064844571405,0.6773706549563244,1,8,camera
0.6786124412350794,0.18398601511619514,0.913766035523189,0.20498205926757265,0.16945601508235034,0.7038742049651124,0.8448992007557526,0.1358269319238836,0,53,sensor
0.20594680012939268,0.6059625199880623,0.6555748131015611,0.7884590600142124,0.3669974711676926,0.7711820587359313,0.6209395690647623,0.5443473408267102,0,73,sensor
0.9923890058229747,0.3862386663982051,0.9784248381023161,0.9691450913064776,0.10299379233422079,0.38573522365703206,0.6261981809843051,0.39876744588814556,1,6,camera
0.3600503907964557,0.5215798315885232,0.6897342025611287,0.8046035646564957,0.035134954779201734,0.7125416658491315,0.4011199153906295,0.630295639920321,1,62,actuator
0.8251072845330224,0.8275439072749518,0.7649769403018896,0.12263336979555561,0.7159160216448537,0.7014189527520437,0.3423123565295969,0.09587733734693182,0,11,tracker
0.7911702535642581,0.8789415140705139,0.797680044798437,0.8149683865578837,0.4154785661693127,0.37208002430529236,1.0,0.2974800059254448,1,10,sensor
0.49931187958790485,0.3937177004957136,0.8685559540235578,0.2928397556878933,0.1291858828994093,0.4911775902462087,0.493259125817305,0.12572040754115024,0,20,tracker
0.7297089444746458,0.8728391977024959,0.7603624460314155,0.6187861135455698,0.08025746347712633,0.34559201568159825,0.1791987950720654,0.2078526339264209,1,8,sensor
0.9516778116890964,0.14278928472916405,0.8388549219781928,0.5425357542260717,0.1109884753994923,0.832431457677681,0.1862252725572469,0.4665030381556458,1,95,actuator
0.7863645537747945,0.44897955390744015,0.7725717521750728,0.4823950761320927,0.13535058834652308,0.9541330339257114,0.190388005569445,0.44602725647139246,1,25,actuator
0.4826382386854506,0.7877873945568085,0.7885726645614766,0.8224089474441776,0.20685411216524688,0.8431154310450791,0.4154202940683514,0.5887525503382329,1,69,sensor
0.9690337331533776,0.7988661230576573,0.8714272286299124,0.2118962541322366,0.192543104611556,0.838952896021949,1.0,0.1906213016727719,1,29,tracker
0.7393999644723321,0.7466620272834941,0.8353369949984165,0.3184591494295431,0.06501289088160592,0.934239352304917,1.0,0.25762232124481216,1,5,actuator
0.5658639074104012,0.4445309976646633,0.8335837139229663,0.27690139769128924,0.2560036754007414,0.7189006425435789,0.496241621199647,0.21217468316352073,0,14,camera
0.4122862909995231,0.662496837602366,0.7898498867601957,0.46652257559787697,0.09125666213412072,0.8021284092302365,0.45184506461396023,0.33540607562293867,1,6,camera
0.48149885906811585,0.49284910341664856,0.7871408512600468,0.049876932052522,0.36914035202563156,0.8214663811082242,0.6196428163248399,0.045827728048726736,0,74,actuator
0.3628598050469888,0.6732938955231714,0.9886472259568123,0.3638587732382165,0.10259259991096503,0.7119801750034392,0.6612080952259999,0.27044620263435837,1,69,tracker
0.39994435298432046,0.5855032770042929,0.7535594738858211,0.8060502330603838,0.26501260217901723,0.45750979009460185,0.6318440034546416,0.4729772339362975,1,60,camera
0.8012532394448726,0.7542158571140847,0.7918564407827684,0.49892342076368773,0.03939949876940012,0.7478582299597303,0.22789915805568847,0.34199287628801706,1,73,camera
0.8598458537591461,0.9279929643002367,0.681116960840574,0.9159573781037323,0.33917710080491903,0.8445034667165713,1.0,0.734521430580783,1,79,sensor
0.8093363189103153,0.0645448797221483,0.7875756620099218,0.49994788674447954,0.5040495487317126,0.26668802099162087,0.32063625163780307,0.1344306363747195,0,30,sensor
0.8291637641554236,0.3692708892600599,0.8915511022306654,0.34859340078511947,0.4951333399004027,0.5603178756940334,0.26004699110005625,0.20715546739385532,0,38,camera
0.37396263417821846,0.39300836961223373,0.9161967189506627,0.8264134875087912,0.10857570974791586,0.9096022898569318,0.6848129723406134,0.7731981910609538,1,20,tracker
0.40438381572066445,0.6604223504346388,0.9361762685871848,0.6270672424407226,0.14073961511346011,0.5032040748891925,0.574040849691732,0.28773679177897366,1,77,camera
0.5098025407199414,0.8165622638302872,1.0,0.3510062836388029,0.16194674086008987,0.2685021524205098,0.13807866687673698,0.10029252320580641,0,44,camera
0.8829565926214015,0.9637648564618825,0.9050895906013425,0.6576876058038932,0.055315782960476026,0.9464039665865108,0.32047479774074733,0.7292399053654374,1,70,sensor
0.6842033867988483,0.6678609615957255,0.9545966201869357,0.47653848305124463,0.8145684152114445,0.7442815730132704,0.4227427460965229,0.39433629456221225,1,15,camera
0.5738187325420189,0.5736389279733021,0.960411430945618,0.5022048469910185,0.6718640477146565,0.489636500196331,0.7749106627401415,0.2688302561473256,0,50,camera
0.7190016500923034,0.862405394535266,0.8766874277865819,0.4451761022174523,0.18901077706729613,0.8676356031335839,0.6845652613352903,0.34301127860034464,1,80,camera
0.6884486376255362,0.8826743622212926,0.8419476060618418,0.6784294942527311,0.16411036604459195,0.8581234879384402,0.7775031497415171,0.5252453478682109,1,12,camera
0.8297345686888449,0.28206425368243987,0.9120915331868449,0.8122977848201406,0.5345023764861274,0.7798672332738092,0.30462205678438187,0.518325428043743,1,28,camera
0.5373250422387877,0.9656729122694447,0.8688783451702105,0.8198830888426828,0.3958953248481487,0.5546946437081804,0.7654701000478098,0.4854028033362185,1,78,sensor
0.29552431301412246,0.6943345034508334,0.805839761675368,0.39632392405585976,0.3175831024581325,0.8020044161188669,0.19244680252668656,0.30431578930265224,0,80,tracker
0.9824316794023892,0.9654768069613023,0.8748668833718782,0.2417332536617623,0.8575619091297936,0.5314292573985834,0.9102284168091951,0.12193316858446088,1,91,camera
0.6138480803226436,0.9868994719590819,0.8479745294464119,0.8509427016598048,0.38393930482783645,0.31279491046200786,0.3662605024126585,0.2248761682690279,1,21,actuator
0.7721931365109519,0.4554749688225871,0.8321766872801882,0.3757985617874535,0.07993852817265727,0.8658107274541473,0.17130394444611793,0.34287905677682856,1,56,sensor
0.5583525865363462,0.9274477141931726,0.7502307430036116,0.32020999154263474,0.5030289989504665,0.8275646244123926,0.5241531244089968,0.2642371495683127,1,53,actuator
0.9416769138518647,0.28969961416491424,0.9527902625533714,0.5970834734607119,0.564547744137926,0.7101330346049324,1.0,0.47120252713514865,1,7,actuator
0.9927051670503032,0.3554190444614183,0.8141981622215262,0.2190379936492531,0.047255626019508334,0.5994795483213095,0.573937233312204,0.11450353294297656,1,16,actuator
0.41100744990876853,0.5257086404270676,0.8052860860250594,0.6554448097369308,0.5117860900115877,0.32926667477880184,0.3985809048685503,0.19934779315694598,0,62,actuator
0.3440881888065871,0.7800630549200606,0.7557769640005638,0.6490374977734357,0.023218334159419436,0.6593495339830171,1.0,0.48988780512743363,1,44,sensor
0.7855867897794522,0.4364013809191063,0.8431707780062241,0.41520121835925633,0.09241881812130846,0.7501111465060034,0.8872771609388829,0.33710980105205784,1,84,actuator
0.11501677706199015,0.5593403492087456,0.8304904774342473,0.4875568458247511,0.23463595370958554,0.8707125925425074,0.35929145811829116,0.526903457663726,0,23,camera
0.8658532158164808,0.8176811584527981,0.8786035622040573,0.2409051637369086,0.13667001594811765,0.680249406356462,0.16944542809985183,0.13933751535832695,1,28,actuator
0.877620144855694,0.5148805351296168,0.8328389050324088,0.39697689635076455,0.5977534962740213,0.5659915393024681,0.2844483414868868,0.2409815536822069,1,75,sensor
0.9275046733802144,0.16212832303622057,0.72857302897641,0.4884117538674093,0.887465144875358,0.4863283742425654,0.27972051479096727,0.2957613983202262,0,95,camera
0.7285414404254621,0.8011893065663186,0.8678599642599072,0.45239524293083216,0.18773143195687933,0.5638022676697744,0.7418302535872435,0.27982685231753507,1,75,sensor
0.9140521903925338,0.5235813393933921,0.9190635446438142,0.6377268428603118,0.06784393834842778,0.8328264108678494,0.5930872123653029,0.5354762246041788,1,77,actuator
0.8644556298943225,0.1668446733130392,0.8236363135380139,0.6808524451068936,0.8746306478836555,0.6989522774247315,0.5938897520083486,0.4787795377565738,1,58,camera
0.7486302215138152,0.9713327955329418,0.6689787690609992,0.3637385908427365,0.23031215415928702,0.6264168650602276,0.22672519430832105,0.27115629702721467,1,84,sensor
0.9548185239377575,0.7552220955204423,0.8339860480176975,0.1133207433442221,0.36908212652750744,0.5117362027106921,0.8516835278060909,0.05805838439373509,1,25,tracker
0.8890442361907056,0.26900121616696276,0.7642986113317332,0.4773005411516486,0.04483060548836695,0.6924200139769314,1.0,0.27674359303185964,1,78,camera
0.7899777544221844,0.6674486656743778,0.709979959500322,0.9434064280511024,0.06607372200994277,0.9582086734386455,0.4752190712867436,0.806454264622122,1,28,tracker
0.7330342255873682,0.4035481229381048,0.8872345419429425,0.594196586523325,0.12708609953082212,0.6913509364772782,0.3977658617564649,0.44336209004196353,1,75,tracker
0.9662672023640954,0.45756319551653646,1.0,0.6905991310082124,0.21069173720404394,0.7755172835737564,0.7552142948853889,0.4660375537678607,1,84,tracker
0.6280041925831199,0.8913681786404968,0.9474715391370019,0.5143384729290722,0.967326483115363,0.686616544269445,1.0,0.43316697166670504,1,39,actuator
0.9929829798141104,0.6310460241543543,0.763460686477284,0.6660721008959734,0.22343985008599848,0.6577246287945542,0.9561117861728461,0.5112818991401296,1,39,camera
0.19524598501917623,0.14991860298811516,0.715186690455687,0.7271274218808661,0.12582237557814752,0.7666961981123432,0.5084185853830142,0.6200749336234654,0,82,actuator
0.9713405283995217,0.531613629550962,0.911907796005348,0.28567848361542775,0.005460770740726623,0.7823451475818386,1.0,0.24175132418647555,1,61,actuator
0.9159553975522742,0.10092423225126036,0.7891350400058438,0.5682064461850056,0.19327421495217192,0.833263205794194,0.1653050646642685,0.4855954029919441,1,90,camera
0.4182791738258461,0.4104034866252555,0.912876549665992,0.10972172587700321,0.2292107145938484,0.728116021892247,0.9394585831493436,0.08481147174590503,0,65,actuator
0.438672761897689,0.9851208363930222,1.0,0.5555342400943618,0.10985920401962043,0.9526173549204758,0.3681760597823698,0.6284619461376332,1,22,actuator
0.48140189309174747,0.49593577609151124,0.7093612083043759,0.5274549300496552,0.09900670166723188,0.8767367302306492,0.9931226999042597,0.488591389869526,1,92,actuator
0.8437404463980419,0.9279154911108827,0.7941895597208706,0.3856507165115594,0.18651787441213089,0.6987635195452497,0.3660551355114977,0.32467623875555157,1,45,camera
0.9830380313292503,0.9413391484289982,0.7874167129778039,0.6452741782790616,0.5567458566156429,0.6580540138473353,0.5888050307235683,0.40029351220079556,1,6,actuator
0.8082583009574928,0.6371337009341426,0.9494152508729348,0.3766162758659207,0.29105945361538776,0.2831841128754651,0.26848361750743227,0.1140485425622436,1,68,tracker
0.7347209116626505,0.10385968172597725,0.847667316233626,0.2518249385510047,0.25539908096336705,0.8893848523390409,0.2943276855142665,0.21683152818979692,0,25,actuator
0.7635786505077492,0.53938052111861,0.9336278547549425,0.5178520758548395,0.689408070608085,0.7530866886260722,0.2561054152839511,0.44688842849442706,1,80,sensor
0.618086369195517,0.9320439327334894,1.0,0.35447019376769756,0.21805363589935073,0.9255068538420189,1.0,0.2725609501409447,1,59,sensor
0.9112244804544758,0.7093219177104987,0.6741091538187319,0.7114129994190572,0.03262464632439791,0.8697664169285308,0.2668063854128316,0.6215083330884638,1,59,tracker
0.9377470862192808,0.8522684715359153,0.7466832548044486,0.7272173561053523,0.006578790515724906,0.6934167724520616,0.12911618492968896,0.5485202196019633,1,6,actuator
0.5132220464366641,0.6152509149935724,0.8108530497965567,0.5008099165602753,0.0881025482867927,0.5233247098333633,0.16595656140113227,0.29498361147510477,1,3,tracker
0.3729924591829048,0.8876496553563413,0.9483249870839838,0.7211650893986512,0.4204572866153932,0.614448143310078,0.7054372808997005,0.48708051882282766,1,97,tracker
0.5709756247341795,0.7941400275310971,0.8835049453092872,0.302545118349402,0.17884453981223888,0.8762740110932632,0.11213577462216039,0.2599973796348423,1,21,actuator
0.54333160543085,0.37468315893392395,1.0,0.7439706093730731,0.13577797033909028,0.8646034662459288,0.38320308837730865,0.6154619313956358,1,87,actuator
0.96151958007096,0.8560163899732002,0.8802238045124439,0.5808373929893285,0.0077029230404944025,0.3849184715477993,0.7450124629631022,0.17116957048698755,1,49,sensor
0.6085635594344193,0.6888289398886639,0.9148237275557325,0.7012367974559549,0.04113043086654732,0.8562783374103337,0.3643341245167635,0.5552535320324669,1,72,sensor
0.6959955825947401,0.7963857009092645,0.9025383179351787,0.5953887430516799,1.0,0.6613949321372716,0.9200037917073575,0.3628999750512771,1,47,tracker
0.5901800070179436,0.4002605111110923,0.5855210501185335,0.8278612629927405,0.08698036398635571,0.5314022476125928,0.20532653644902407,0.4586219149470505,1,40,actuator
0.6779220101116159,0.2952532213577703,0.8409175489323533,0.9070733772764088,0.296924818672811,0.2456158808157131,0.6765106685498593,0.22893823860794746,1,7,tracker
0.8025758334520988,0.5865062154110658,0.8538466162003325,0.43250796530122143,0.2543821521325026,0.7397999815755567,1.0,0.32468903367983626,1,85,actuator
0.8826562866643788,0.24480183022459762,0.7518146827914481,0.45160690129520165,0.7913306315834341,0.7429667007130216,0.1812256712701363,0.3305132750369221,0,31,tracker
0.25759729616268073,0.057478609476364524,0.6370815357348866,0.6570244247418047,0.5539074061864501,0.7755345190866944,0.4372797050230344,0.4778771030029252,0,60,tracker
0.3895287783603946,0.45771788822082893,0.8698056944330731,0.4281382935746128,0.5436093964979319,0.7232749282010622,1.0,0.30619584333706285,0,20,camera
0.6445908860486044,0.6628070854445598,0.4980146967591844,0.19533428734946484,0.010579149905129343,0.8509982945600332,1.0,0.13579146351382715,0,78,sensor
0.7801803668970426,0.9311619723288221,0.6493546064196422,0.6949996611152106,0.07716039575935268,0.9496179360214764,0.4022987769193862,0.6429599218126009,1,4,actuator
0.2858567199661932,0.05055263994175157,0.7915024599697275,0.3623705997604318,0.01853952323552581,0.6718622690239292,0.6390453183419953,0.21209667974795637,0,34,sensor
0.8844519835353354,0.22131834373167233,0.8695797039953961,0.34043724128047953,0.03212260277322715,0.897389249535837,0.4330719243235697,0.3380830942132819,1,55,actuator
0.35118594602263564,0.8851668061960579,0.8839326054773805,0.7314738440220995,0.19096973298924946,0.9163008814397513,0.40658495034788616,0.6256992940438149,1,10,actuator
0.4309411486860332,0.1757196772466278,0.995857057314352,0.49309911038999504,0.17044395950253827,0.4612736857992674,0.12540456205210987,0.22835805681728366,0,57,tracker
0.497618952802994,0.10708828837276467,1.0,0.5327340397304753,0.003421742643458431,0.9093508513187418,0.615416059912927,0.5703379803637848,1,49,sensor
0.5275169870343915,0.9075128390011548,0.7446887591567606,0.923071591280658,0.13574493260871168,0.8371495045428017,0.44020657870548663,0.8697063479516807,1,54,sensor
0.9714160992661213,0.4118320269395435,0.8079986249564558,0.6960662335682768,0.11096759975559078,0.8654733258070363,1.0,0.6225915678135677,1,43,actuator
0.7306447297715972,0.9646952138160305,0.8658603171590517,0.5885168229744749,0.2895788616108009,0.23293113592062314,0.23142849673412783,0.13574793089655282,1,14,sensor
0.738126920004205,0.2488983948641392,0.9425771839624293,0.3748792215181275,0.19620013046177745,0.9263072006818512,0.7138502967438262,0.2767023521567246,1,46,sensor
0.9593941101042647,0.7691380883600748,0.7793951576430904,0.4844153670068937,0.101355445364294,0.9074288622442547,1.0,0.44351452284301146,1,15,sensor
0.7551354739903238,0.7769888934712595,0.6591608988702917,0.3414085820903761,0.7633730825649746,0.6741208446811442,0.29187635638721726,0.21462286187950602,1,58,camera
0.9627864801013822,0.17340271793010506,0.8257375457576739,0.5111168938820027,0.3144428308556645,0.601965731846254,1.0,0.3046931855366173,1,60,sensor
0.48017256001529,0.2587664587299015,1.0,0.5334771971782957,0.2547969967474118,0.5444795162654982,0.980302131567328,0.2934182653871092,1,67,camera
0.6468145179095883,0.5521321602602611,0.7605705288891212,0.4718024746202156,0.1825542994287234,0.627843274282329,0.21487266341908998,0.3055465948725565,1,84,sensor
0.7003045996065916,0.5216956825898932,0.7138660228306317,0.7455398848587009,0.024606341338878717,0.9485479743216958,0.4400344630339756,0.7991972039701325,1,4,sensor
0.8909143488071445,0.7429424292680431,0.8240791433853166,0.4273620045464223,0.31683678838370166,0.6175178500149404,1.0,0.27026689788610564,1,58,camera
0.3212606011288132,0.7531883614819266,0.7730986937061674,0.08203642572007264,0.029944032541534465,0.5678945371222434,0.7324607094851086,0.046020178743806144,0,17,sensor
0.8664573314044436,0.8808826031168437,0.7366480253482004,0.28857034381634217,0.21352373830937094,0.5681966830458648,0.8144056868668529,0.16001634865104133,1,66,camera
0.7840192373594945,0.7789199382591291,0.8367685519118508,0.24989857461604617,0.016881147720971698,0.9358224020378557,0.2108453229749752,0.2026902865175161,1,53,tracker
0.612629009515865,0.7266653699464081,0.838231754065255,0.32216935071234076,0.5602033569710907,0.732689078938826,0.3271205632375991,0.26327739312239795,0,39,actuator
0.7462125679258595,0.18743906157626988,0.8375735643334761,0.02255555722391347,0.003535512040983517,0.8988843775572816,0.26467421086899107,0.019095415796970192,0,55,actuator
0.6911875153651715,0.9853472211041175,0.7993625189438033,0.8912169668824462,0.3757455177657053,0.7650468597771667,0.19893013867176815,0.6568694216518328,1,63,sensor
0.6725989654851727,0.5791162482448474,0.8534060410982451,0.28195819097029445,0.020328144097586508,0.8369317909750422,0.6761733044660226,0.23057764896017371,1,76,camera
0.6667873177303952,0.4781127228187664,0.8780099577559377,0.7147165514217187,0.5328056921023278,0.7403985075964333,0.5989827973034499,0.4549782140042321,0,61,sensor
0.971421595276805,0.526950802854052,0.7543082110433872,0.3024350927248417,0.06934729187199437,0.6186566305579926,0.3048966560917566,0.2013737112075991,1,50,tracker
0.26397095057921277,0.6291913777340324,0.8425474020728975,0.2978036091412479,0.18163442248040637,0.1131357754781772,1.0,0.03187666479210498,0,99,camera
0.3719307033986464,0.3797760606886334,0.7909593851518963,0.405273754326114,0.5416161105075593,0.329568363681082,1.0,0.12502214599915254,0,62,tracker
0.7809731767749222,0.6026255026855855,0.8148272909291957,0.6499414649768636,0.07844634602530397,0.7560261797456453,0.16952354950224516,0.4228005154564159,1,97,actuator
0.3319370083513049,0.9058746052787525,0.7458030211454809,0.34109425135296034,0.14833732442326233,0.392201845375907,0.4977378599690568,0.16326761172580798,0,19,tracker
0.909799661905539,0.31238820312014265,0.7708921426145752,0.3372846469250814,0.0877199766631753,0.5978895775683524,0.3986408373130767,0.20323887036395627,1,73,actuator
0.5487986592911068,0.7448373949871419,0.8726200790765437,0.6817891528524564,0.04232441449049466,0.4923209341423025,0.5026927682447488,0.31005063474266764,1,41,camera
0.504786449602192,0.9709552582169108,0.8308951654020034,0.863568799934336,0.1507693727767715,0.9259138491574048,1.0,0.9103028398100548,1,45,sensor
0.9359938660959534,0.6452963463955337,0.8042841309041127,0.5521127896496482,0.06270853664290843,0.8570644177613232,1.0,0.4224743499013873,1,34,camera
0.7914880156008027,0.9432639726255886,0.7789028948530935,0.42284115492316404,0.05296839025278931,0.8263567861460358,0.481607282192194,0.34930585954909543,1,29,sensor
0.7583948245339217,0.8640081515748675,0.7701540676259161,0.17699422632006756,0.10633853656976218,0.6007498439249268,0.13606860600848544,0.09549243522500779,1,4,tracker
0.8660197490611621,0.7453149711521844,0.816099923719582,0.4674711759718372,0.2278271658648129,0.9196655147509895,0.26611284315517475,0.2810122225318384,1,90,actuator
0.7404935613701131,0.23315588116411975,0.9216417929622155,0.45021648324284286,0.11901192447666531,0.8989140463763194,0.15649902867865506,0.3953698948473058,0,57,sensor
0.9820337135246286,0.37120613238178024,0.873605116995855,0.9388694311816129,0.005260654187616415,0.8877512306149222,0.2592100704649518,0.8211711757650412,1,3,actuator
0.9277675526327874,0.9895381762856033,0.9222025432121949,0.2931197942153097,0.20314921916732484,0.5637631939343618,0.8252955058125024,0.1576375870299335,1,76,tracker
0.5273063889188889,0.9964156877586599,0.9371395584814234,0.3349001001763274,0.05449043355629589,0.6643425549558333,0.40247057082513793,0.24214164277321473,1,27,camera
0.2449837610495602,0.21564035839379736,0.9112380887238078,0.3667064783485926,0.10988616787604757,0.8203784934117382,0.08112636495067557,0.3297113874591344,0,94,actuator
0.5440215923534892,0.6480353123393608,0.8967379895882633,0.41087676973181025,0.1256068517475238,0.9559641530391348,1.0,0.3801194121903737,1,61,sensor
0.699565865774263,0.7837508100265106,0.8916722581479631,0.1933503833990649,0.1911377279767584,0.88180722748778,0.36440003581546127,0.16217835494438837,0,84,sensor
0.9772549226315691,0.4996867605977824,0.9467365738025171,0.7575244150220087,0.40683102999603904,0.6940372023062789,0.6733421745984206,0.39430966032343684,1,84,tracker
0.7913021205792594,0.6690896716780822,0.8833095897727743,0.7426143231369331,0.2937982376639578,0.45239337175772676,1.0,0.3086694689674182,1,97,sensor
0.44799264978781816,0.7977571039402753,0.769808006695972,0.42472240427081687,0.051714011824604667,0.20035240741684465,0.7210723317308559,0.09080686122141056,0,40,camera
0.46180616004648856,0.36799260412889845,0.8958637859234179,0.707758437270731,0.501874340270484,0.7605921796269285,0.39158210485110506,0.5602142238913403,1,42,actuator
0.8241886819509173,0.6143173904585301,0.9305541552310962,0.4363443687164873,0.11841898825606408,0.6176809667355175,0.5852263370019418,0.29003728258588635,1,58,actuator
0.44300809033684135,0.8086629639265254,0.8281067098229182,0.3499382646333462,0.0037609785735734287,0.8740131300402929,0.4303146825984121,0.30977044927438424,1,9,actuator
0.4355974316793891,0.8312413397542341,0.6845602576626068,0.757621744851407,0.9201387880906744,0.3987616044042543,0.37415111087965947,0.3084557908571779,0,88,tracker
0.9765786129684555,0.002023022036051135,0.840111289658805,0.23841059088437877,0.6374181624597532,0.808312467401844,0.2896842406114879,0.1887966509201944,0,90,camera
0.2128408942957001,0.11354549368215558,0.801139301996462,0.6072284376854894,0.44383351398631704,0.614128275334682,0.4782754173219156,0.35281669047968495,0,57,sensor
0.43028279235593764,0.23576544874872116,0.9402182119575605,0.9112995675976004,0.06317856138873305,0.6370938191804058,0.15004679488627337,0.6393463393642782,1,60,tracker
0.6210956882881159,0.604456049178621,1.0,0.10097921078624147,0.01703790365891603,0.6340679371143753,1.0,0.06316781074827066,1,74,tracker
0.94244060109102,0.18784016989486582,0.8616622123484985,0.7673661916896652,0.23285075179047085,0.5165177775092,0.5431691272507055,0.37320263729207975,1,73,sensor
0.5551623307894625,0.8604606828483142,0.7620728997029338,0.4508107162953763,0.22206371070465497,0.9076070205780794,0.035264303308633047,0.3789308076526502,1,79,tracker
0.7659737203101152,0.6547350155787836,0.8759401930518547,0.33834001792123325,0.05808946355461749,0.9164451367712249,0.2543519002427084,0.31036471167445806,1,20,actuator
0.3873254218543622,0.7558235884285812,0.8066815588639505,0.1772024853351552,0.10486032279097701,0.9342338487414685,0.8882903166041717,0.16525758711949057,0,51,sensor
0.820858284432442,0.8793912179625712,0.7562596352140272,0.363198487867078,0.9118130354608709,0.6775488016413923,0.30500679184884555,0.21769605070132253,1,58,camera
0.9467670578581618,0.6775269480351582,0.6151544783343122,0.3668882558447448,0.0745040258546695,0.8863709547651997,0.7717930356186472,0.32955998278172804,1,42,sensor
0.8501071027702319,0.753061153925961,0.7129537384354145,0.5792908570064415,0.07811810596687305,0.8866763329921582,0.3261336629681752,0.47143421393582735,1,49,camera
0.750409869271227,0.8850307475114463,0.8544038372576866,0.39312365897295276,0.06839167503796888,0.6545151336928106,0.3988914954976584,0.22978945982884494,1,83,camera
0.31650515089985826,0.4898085385681774,0.7414059607154186,0.8039914612046287,0.24849255817645494,0.8215209795591557,0.20113113908246685,0.5200873125044203,0,9,sensor
0.6897478504002499,0.7607765796573983,0.7453926153733444,0.17857869426987708,0.008144921391675728,0.7736685654973282,0.11281566832256035,0.13351652116709106,1,62,actuator
0.8678170354017894,0.7610080083491781,0.7219303817968021,0.4819948129085098,0.500857663333304,0.690029714160432,1.0,0.3587382065773992,1,11,tracker
0.804878796303133,0.43970582881380776,0.888970666569227,0.7441778351944351,0.25957030010170523,0.6045936493797308,0.685214677350561,0.3992897342765098,1,11,actuator
0.7759727616102701,0.7668368271814621,0.9843995659585778,0.686907653810185,0.17141185954492685,0.5780874602546769,0.15467383104371815,0.4345611307914175,1,94,actuator
0.36066769052193676,0.43382957601940636,0.9291026528242379,0.6370911754416376,0.15298022400147646,0.7025891919169587,0.05206371295249866,0.4304148291492403,0,17,tracker
0.40326320098374163,0.9192667247803119,0.7853755972030766,0.8864727260590102,0.0418240819992685,0.9447650970074414,0.8247859873422485,0.8603785779380159,1,11,tracker
0.985545855565825,0.9294383576018626,0.9132200914354682,0.3085655296037439,0.1270915427816,0.7442100684492806,0.5958538994663953,0.25938527910351794,1,43,sensor
0.1269471712080737,0.6066745754573173,0.7728681699556414,0.3831048219291504,0.10325501656146978,0.944248057460233,0.15943535336583164,0.3936917829318177,0,67,camera
0.980329924050009,0.6161554875666709,0.9062338133360363,0.6779960914311483,0.12654767269290487,0.871177033361944,0.5012664861103718,0.5808132410561471,1,6,actuator
0.9997961885943728,0.14648497418978085,1.0,0.7685845040872575,0.32689883564414257,0.33177353361355166,0.5872316492793439,0.2809384343329166,1,10,sensor
0.2795146846056787,0.27672826700835135,0.8781686460628995,0.6235443893488776,0.08203830083499643,0.7998506971807902,0.5369109909829934,0.4505148516065727,1,68,tracker
0.7576993568769674,0.44055289248806634,0.8824427974433967,0.8664170079469933,0.6092622585189806,0.5518859885814604,1.0,0.5051754795380013,1,39,camera
0.30119034063261313,0.6884947208093191,0.936172901675807,0.9552323752069587,0.5257487595812336,0.7454751019226467,0.22668231753023893,0.7254085879161201,1,8,actuator
0.8278441691794585,0.881962757050482,0.8266310865725276,0.084349254030255,0.04395809294394618,0.738260407178176,0.25964196707307685,0.06238300009716319,1,86,sensor
0.7853521340034396,0.7424555103274497,0.864617541157505,0.6367462885022062,0.44576442534673416,0.5582424719897675,0.3420833344425813,0.2969680832173651,1,21,sensor
0.8647292048371654,0.5325505013535844,0.625699630794115,0.47105379132896774,0.07175317483227124,0.8169663822585325,0.5333289887142714,0.35947550118413213,1,21,sensor
0.8916968338509131,0.9071963932779954,0.756372923142296,0.43431042196454817,0.05999825272542121,0.7460458100265482,1.0,0.2880115148278173,1,98,sensor
0.37798973140253334,0.13414151897100726,0.8396057092738471,0.6795621260454293,0.9419778391264952,0.6041600598493401,0.3859668682104053,0.36941999147139953,0,26,tracker
0.9071976211693105,0.5108203647311117,0.9671933267521049,0.3675317148397352,0.37351895605189817,0.8092576711886139,0.5439965296704663,0.2796791368267859,1,51,camera
0.5966855766733048,0.6078133747173591,0.5568809428425694,0.6219781780828829,0.17196755778176914,0.7375227147539826,0.188362383684791,0.462923333301978,1,93,actuator
0.9625942258340816,0.3180023125104024,0.9007592802063916,0.15895439140368392,0.02344680418988456,0.8596301848299356,0.9737141474617828,0.15534163182042354,1,26,tracker
0.5166636734373815,0.10263417461793702,0.8068397707524434,0.4029262978070422,0.3168067714002863,0.7235772027530971,1.0,0.3205236801339491,1,26,actuator
0.3172832064381715,0.6241240759392492,1.0,0.4726702137174107,0.5043496526543928,0.6743838838894834,0.5695598921725101,0.3243313961823257,1,77,tracker
0.6007269648352513,0.29168257402324427,0.9356630206487068,0.22046139729898878,0.7972392829959626,0.5252518797020614,0.4586571792500956,0.11680449090050339,0,74,actuator
0.27477200930014367,0.24846096458690134,0.7574869421395685,0.8011307650468025,0.4203221580871899,0.6211969249630735,0.9534464456569269,0.5439019308266545,0,70,camera
0.9675500253964358,0.9765055565411629,0.8357388151918451,0.3591554048827497,0.1363531068667552,0.95809203798122,0.2643010337244009,0.33576263048367183,1,44,actuator
0.7692449180349776,0.7613468417889054,0.8694318449407182,0.4608188868925986,0.29331877655578453,0.8997994038654639,0.3199720341231752,0.4472685604153985,1,98,tracker
0.45201996489872726,0.5997238610652903,0.8757332261743742,0.5231122919851039,0.17105757153308815,0.7664027931130478,0.3147676316172974,0.47104317606608137,1,1,camera
0.3825723742871639,0.8319069655240737,0.8867277768658648,0.5420614151694875,0.45984412800776164,0.7253826927541455,1.0,0.40266734708285284,1,68,tracker
0.8616202266283701,0.41262583984757023,0.9296644168002994,0.37191829050580233,0.06480115738074868,0.40367123570959823,0.13671734873309657,0.15560640403391457,1,59,actuator
0.8919752785921449,0.830486431943987,0.8600057242682339,0.9356704285150583,0.08766353157654128,0.9166590508540702,0.3631400632290152,0.9314267314036387,1,46,sensor
0.38442494772592073,0.7257367414465584,0.8405636967402812,0.1561936280901265,0.6037561360454605,0.34141265470415294,0.12867540099593233,0.051491406676997475,0,86,actuator
0.6136112867957377,0.6465668658551436,0.7088614713889781,0.7902001704523632,0.7738923056071917,0.7126181225652987,0.5150549660214941,0.5923764504840001,1,14,tracker
0.7044013810282488,0.979203641959424,0.6958567198690248,0.5176548457565541,0.0014776083303636573,0.46534635734549523,0.3773902562703147,0.2664606599929812,1,88,tracker
0.6557694297176806,0.403196071723515,0.6976909009167387,0.3987030544634726,0.17596445921002724,0.3601534900784994,1.0,0.13637206877212527,0,65,sensor
0.9174739439837399,0.6059074365565266,0.6837784650460244,0.4353080141617471,0.6457814602173982,0.7510529745957537,0.7906092042611274,0.3326622153503525,1,49,camera
0.6549869641265126,0.6375005650976165,0.921702986631376,0.5977396376362044,0.19871113091104955,0.9260404981514532,0.22204970391487247,0.5816108194544145,1,30,tracker
0.07960088405966526,0.19479997135218152,0.8445393954831322,0.4464313529753785,0.4113284883790783,0.44917485954768666,0.42188250509639297,0.1651316667421449,0,66,actuator
0.9997977375335633,0.3870561989573647,0.8749946653144899,0.7105330347966938,0.7206032800278857,0.7515333455960141,0.32923027665254745,0.56403652851256,1,18,actuator
0.8087340655395552,0.7698942246631546,0.8050786600702338,0.8147335965581649,0.0016551183697185244,0.5984147887180751,0.24985221023915638,0.4725555430559193,1,2,actuator
0.9404385758256644,0.269653700510096,0.9313473804440073,0.5470359218010055,0.3316170470949439,0.8380762920010472,1.0,0.4221358266924418,1,78,camera
0.6348476279069144,0.7514228672087208,0.8534285630516824,0.1967912148158632,0.08567941745234697,0.8349981030105644,0.7751599029681063,0.16680316668388515,0,86,camera
0.8325300311655889,0.44617896931211815,0.8413434072100133,0.1389588241156115,0.03776197661101407,0.5690096088170176,0.19976340131541975,0.08919541714049468,0,92,camera
0.59122351675453,0.6031526537938894,0.7344888881934513,0.5829645779901096,0.10094602138190574,0.5837344550549836,1.0,0.3795521242941566,0,93,camera
0.9149975828127914,0.03628117463298826,0.8918928319815577,0.5551637488506438,0.7110722261109466,0.7449221129455925,0.10209898126487008,0.39357203121483453,0,30,tracker
0.8920006516359292,0.21989527595692177,0.942382791220789,0.5411343132341482,0.44659295817949773,0.8201713512657303,1.0,0.3823419311373606,1,5,camera
0.9094876754078287,0.6148165601670528,0.897444578686664,0.762061355514209,0.11465409465377681,0.8216505461921418,1.0,0.5344104519119731,1,95,actuator
0.32094725983174166,0.766022435150323,0.8865182960612595,0.19379465078215527,1.0,0.5288726814124501,0.19898068774564592,0.09347232248558833,0,4,camera
0.997591545239349,0.9325885241247495,0.9185187011789299,0.3164582727783584,0.9282612140017299,0.6258432744518626,1.0,0.17580428299838582,1,47,sensor
0.7711362142670417,0.543642078095459,0.9822008291144083,0.43190097283263273,0.11377388613750898,0.5884892102426881,0.45330377835950003,0.25507195828089063,1,85,camera
0.38669329837998256,0.17087817522683535,0.8567551253560878,0.9104914862395903,0.07203660110363112,0.7681234289490606,0.4929187998683686,0.8131576701638183,1,52,actuator
0.27188129977379466,0.6229503639573767,0.790746909327027,0.8086137044529238,0.5271615435017081,0.6834952671709185,0.3679881003444343,0.5198950442574861,0,41,tracker
0.6915358628081816,0.24778577041612684,0.8868889397994206,0.26150806290228246,1.0,0.6225551711300942,0.7711292863212966,0.1561555847754684,0,79,sensor
0.6161102851815878,0.5402652778833714,0.778153265423937,0.21938138894998324,0.06270646214992792,0.7241956462026341,0.3110138788874413,0.15274680908161944,0,7,camera
0.8916719992953476,0.8481631134487521,0.9027368953604246,0.5529775502849895,0.4291728108950624,0.10543167603851324,1.0,0.05328651890744619,1,81,sensor
0.6955064160404536,0.6117783935146626,0.9640744582104942,0.5618819956735874,0.3588108855686755,0.7510562697690343,1.0,0.4402736590293363,1,99,camera
0.46480073256821,0.39579885689322536,0.850167754475532,0.16088229980526006,0.19302485656610852,0.8941902384709693,0.5708751448342855,0.16625135463688873,0,88,tracker
0.35788151399012746,0.26757275874838593,0.8030321395333028,0.6842434223952417,0.23625138650344643,0.7982240057316785,0.4927760399381398,0.5739419191760559,0,73,camera
0.13667336887623208,0.38063385819139967,0.7625911712291507,0.48111078295533677,0.4392308622109444,0.5926871380880017,0.23369331118577163,0.3361483681915973,0,33,actuator
0.43587450885393864,0.7659497518847358,0.9146197945354955,0.25062999296058747,0.9089038642446912,0.4675817170838697,0.4810978218843417,0.11694905412214374,0,39,tracker
0.655811918886227,0.6880152478731064,0.8866988398282306,0.730519359316863,0.5371280725077539,0.687642225638823,0.7633220732340223,0.5163037678501712,1,83,camera
0.8964135056556395,0.3128280525615283,0.8340832680777613,0.8017837878539908,0.13921960619406848,0.8276240469332358,0.28379336421675344,0.7669755222471196,1,94,actuator
0.6002006038720822,0.7317980983013576,0.9214026743922433,0.7889164071246855,0.4195012254228551,0.8390976857863313,1.0,0.767074738039226,1,44,sensor
0.8241425224295249,0.23616781876813128,0.8163454102923579,0.46147840440472865,0.1632258096818939,0.9387819654455074,0.2958180948479378,0.4515574423084205,1,33,sensor
0.10627951761408283,0.0242569169019076,0.6360686402613009,0.6837206250995607,0.06583083953096397,0.741685094442994,1.0,0.5906739556557711,0,69,sensor
0.1399025383907677,0.4724377944648447,0.8700630625467503,0.7481840583803024,0.5860767223020156,0.6827018454005215,0.6777579866168358,0.5206972831533417,1,60,tracker
0.6411729377650709,0.1565179050543025,0.7881988284503793,0.3526780080257768,0.282786274025594,0.5851670350305591,0.2931235922669877,0.16162742419978857,0,48,actuator
0.17558828737190882,0.8894620008479514,0.78365580668813,0.4003505566727448,0.7451632186970139,0.4252552931760886,1.0,0.15441986306578856,0,48,tracker
0.7922289269197337,0.6847706671879488,0.8062981702258615,0.5117705482701775,0.2374544809042622,0.5547720289799782,0.8443339789044744,0.27878703376614367,1,3,camera
0.5815731013457068,0.6483224028831546,0.7029115863509627,0.3859242884770545,0.19398275389243824,0.6902413198291872,0.4421643702377291,0.326057257445845,0,85,actuator
0.26925895928654225,0.36309356981329444,0.8802915051293941,0.6929559448319028,0.22220728770837944,0.9023713978821398,0.6368174860343971,0.593096801556798,1,79,tracker
0.6943120042703288,0.6405651654682716,0.8644872537232525,0.11887254568424355,0.24078445655219355,0.7968531662587391,0.37258861301148966,0.10312212687123348,1,12,sensor
0.7636198439687057,0.9052417692463041,0.9390337936856904,0.6811118687419062,0.028967702696727972,0.7928169754496192,0.891979943918529,0.49467842295467246,1,61,actuator
0.7097801039187763,0.8329805341247275,0.9058897752279862,0.4867807275921455,0.019105505561377613,0.799727154965348,0.7352198780117395,0.3144430375458609,1,24,sensor
0.5881395806517095,0.859640768748582,1.0,0.5434368947575032,0.5793916121680049,0.5403899333319578,1.0,0.3188404918438562,1,72,actuator
0.6396344912274256,0.5695940442768248,0.8557796652189845,0.4540570834226727,0.202719507055604,0.7768836311717149,0.09056474814935886,0.39837952186795006,1,61,actuator
0.9856732435049271,0.412884841644484,0.9920056469510525,0.3056371412756563,0.327121433243189,0.8368799258197824,0.49211351481178667,0.2917473886373832,1,50,camera
0.9134266798562787,0.8821746995934948,0.9045564075321236,0.2571282183660367,0.008319865355991548,0.9446097721810677,0.4412132816429451,0.2637976913744222,1,79,actuator
0.8971188922991257,0.2555151472534119,0.7347236140535865,0.6047965965828542,0.636015462456905,0.36403404370687686,0.4523072484235341,0.23163974829511497,0,65,camera
0.8623984873337676,0.7523351580135457,0.760617446953784,0.1785800473185507,0.16541975579555818,0.9316442310177622,0.6610699937422616,0.17187868951171298,1,51,actuator
0.8989814427898578,0.47042082729031065,0.8495406102724249,0.08546952120703857,0.6949346454331324,0.6127759684288182,0.23646968047390454,0.056890918859284045,0,99,camera
0.9263918801383474,0.642214207914148,0.8740761949496605,0.5848006586934762,0.26728551689374414,0.49176566779365016,0.25635569708260786,0.3116413550360664,1,80,actuator
0.7023466400362407,0.8076593580417826,1.0,0.4032839004322377,0.12541819332219428,0.894348551232558,0.3724746039468353,0.3932256742499033,1,42,actuator
0.12626887839410994,0.046371069421159324,0.8408324600389236,0.6413107827076634,0.1882299363306157,0.9082135606921002,0.16481099401691032,0.6520686682357418,0,55,sensor
0.30066873917142645,0.8380754666428368,0.9896096344936253,0.3400963225234924,0.355654776817552,0.46685054188489117,0.46202942748112485,0.14600369748022,1,33,sensor
0.8854367078236266,0.9283824705932642,0.8071154044821228,0.8879438258217627,0.058669451250738844,0.850375647800381,0.662329581110693,0.7515485048822186,1,83,tracker
0.5926970225991695,0.9059424119529655,0.803636796041098,0.5186174706321773,0.27616333879039334,0.7391979359093126,1.0,0.3549412946974666,1,7,actuator
0.9571769032617908,0.7063285560316753,0.7845481033791286,0.3987764248020886,0.36318669512366314,0.7815957884785293,0.30211018841931475,0.3334254331356986,1,70,tracker
0.8510476783109812,0.7360012395519048,0.6184779623538836,0.3596087682752911,0.6961180193867269,0.7134456020408575,1.0,0.2630606780272319,1,72,sensor
0.6929022947029921,0.7070255287073114,0.9632836857683544,0.7155775312984748,0.39794570134793184,0.7280644853953272,0.5349199779106173,0.5150778033048662,1,94,sensor
0.7822021976567404,0.6771141103947739,0.7893342157907678,0.2664903281835323,0.09287528911862228,0.8100383308378215,0.4321743344692811,0.2395215231525858,1,23,sensor
0.9101763455865137,0.5094290723337168,0.8018258275511589,0.1448706937554663,0.0878027131302161,0.7503612666450887,0.3941765100102435,0.11924863073697903,1,94,camera
0.38214961517691187,0.27444651918494845,0.9847404803621824,0.7939199241629232,0.023485837200829373,0.764372476197054,0.5152303144593746,0.5563076310636567,1,10,sensor
0.6750388335056743,0.9876115115320253,0.6375698642473557,0.6385005149279823,0.26796558328749553,0.6040285951721815,0.2577770308752385,0.42769920434411796,1,56,tracker
0.5463477187312964,0.6824200609064445,0.7449106621360806,0.200060286904988,0.044687942932662886,0.7881287671317849,0.3259855994334458,0.1640409331567717,0,79,actuator
0.5556705331328372,0.3098815762787404,0.8880239604208456,0.3426487876720905,0.31188124051470967,0.4818516636116981,1.0,0.1436666381919855,0,57,actuator
0.6249778923909938,0.08690642338068248,0.9228562219394757,0.43987006605011,1.0,0.33480744566283455,0.9618048718667125,0.1533706217668985,0,54,tracker
0.4103974570056685,0.977313232183118,0.751284234459178,0.3676873089695487,0.11345613153329355,0.8529299874879066,0.0952171228534157,0.3442460750597346,1,79,actuator
0.5611594394013947,0.6405482872547377,0.8841482897023751,0.8533412167981997,0.25900433184240573,0.7538886397406631,0.4960676767872322,0.6463894652862847,1,6,actuator
0.815591869926388,0.3292898301954186,0.9559644086957602,0.9442832958578609,0.44790006485294775,0.5619074039544385,0.11986093711659615,0.5116338775443269,1,90,actuator
0.9322566833912102,0.8643024349896636,0.9075145805162823,0.4292933599336925,0.11654107517524967,0.5101435678060753,0.4453714520581204,0.21138335832526817,1,55,sensor
0.6192999582910818,0.6904520438486673,0.840571355931087,0.6870449808385483,0.01862366083056894,0.8660609374116461,0.3867778300033269,0.6150648313707868,1,41,sensor
0.0659983683333395,0.23097169935566253,0.8711648089278445,0.27017754383392034,0.0819775450743752,0.763514196596349,1.0,0.20464343616622624,0,61,tracker
0.45616452343928393,0.9510730283387548,0.9538016545684297,0.38492842063655824,0.00337096719911704,0.8674213377533905,0.4878059761127433,0.35520683296055255,1,8,tracker
0.325859149511083,0.7080396671560831,0.8645468616714452,0.2913845680469244,0.525435318615207,0.7529803614678834,0.40744226604217026,0.23382763403524978,0,13,sensor
0.43636055926668643,0.5621772981152393,0.7895312000516698,0.5166327066894876,0.14008215670294838,0.9293586727392881,0.8548673242055306,0.5512476312390198,1,88,actuator
0.8217980391255886,0.9044646867543482,0.8276531537741234,0.4424896250304883,1.0,0.46719633822613843,0.2552553964892385,0.21148266126087206,1,36,actuator
0.6703497708338122,0.45231896338494904,0.8303540723689493,0.9605709993562871,0.9421598167025145,0.7036723004538761,0.5523823309363296,0.6666465653963182,1,22,sensor
0.4694584549468972,0.6812778055247555,0.9012201874534022,0.3322894966539031,0.19349825882885435,0.8591384674227329,0.5350656492538278,0.29563859341147497,0,16,tracker
0.6690704238389155,0.04942121262486603,0.9448184438069909,0.459058145029609,0.022723516508763836,0.800438697056243,0.5528489830094884,0.37379962523138077,0,31,tracker
0.9307148093278809,0.2603994931293757,0.9135002817912317,0.6418444008553509,1.0,0.43145660066039365,1.0,0.25908122451273724,1,39,actuator
0.7775094267594502,0.07690919483220182,0.8374298706076146,0.4527780310068835,0.29805407108936144,0.4034539702846648,0.42115843597046504,0.1895640066777157,1,54,camera
0.26686734297996845,0.046884939413587644,0.8364452855881869,0.5270196657556805,0.10050535728801258,0.25542525861575,0.20684530832371742,0.1476128399214922,0,36,camera
0.7851948570408006,0.5856713683798419,0.8272659077241593,0.3251361026282357,0.4588383874625238,0.5687501841946967,0.9728856974260478,0.2111859027125408,1,70,tracker
0.989522413790858,0.422549750997791,0.6271185915863587,0.062401879247420355,0.4107599238433184,0.6589742042589187,0.5155880627901024,0.041080257401070165,1,68,sensor
0.7455698453862467,0.09460480678752271,0.8070465971650188,0.31709115891206935,0.06108287285532225,0.5967800590491585,0.38036434829148313,0.1926352743344675,1,93,camera
0.7966018292716732,0.29890797913794,0.8003738432292369,0.3598202613201521,0.25061071187117756,0.37213486192012835,0.5988763754662835,0.12870306312647506,1,38,sensor
0.649170311860051,0.8812409228862875,0.8887518386958241,0.24811996972776657,0.4658767385624983,0.7164810551453313,0.1937927482956481,0.17097080702098194,1,69,sensor
0.6280104180200483,0.661554622039616,1.0,0.4298765818659621,0.2250928563434759,0.540571746887147,0.19531235193468952,0.2386330119174315,1,11,camera
0.8125157942901488,0.9639967548429481,0.8344807184439621,0.798047732540382,0.025588030648226512,0.5716575048301311,0.4632285728905006,0.4841628262799278,1,3,actuator
0.8691491144152484,0.2448811371210581,0.8463099728703322,0.3396083225739415,0.1145436029856286,0.5605296290471422,0.9940126120176398,0.18019210961848564,1,25,actuator
0.2144009645029671,0.10779208061598754,0.9192132652166232,0.4764575253832699,0.46441029362638203,0.7911688240731375,0.7748047889699968,0.3288412306750604,0,37,camera
0.7195078893378258,0.8685172614400045,0.9429640097939679,0.2436955934197429,0.015480790825853168,0.5893635158137998,0.6269696352679137,0.14051023661266981,1,66,actuator
0.835506691537734,0.46332116004795443,0.8770708672056836,0.41607241097309955,0.2859221614139004,0.4640510903417678,0.391865770015911,0.1838945882250223,1,24,actuator
0.9994586431092491,0.3181013408647442,0.844532937049163,0.3616714516067339,0.3910473746574958,0.4809259224546873,0.6020011829872148,0.16709482118466282,0,87,actuator
0.9824807776113966,0.5519692937334327,0.8688261852955783,0.7359581247173874,0.12688859005273587,0.8036019244211299,0.40916905702247097,0.5939379843804528,1,79,tracker
0.8432288709928196,0.6498018208739499,0.9603296426390137,0.19916882534839966,0.5631649457719555,0.7311370664869496,0.26547252205721156,0.13469698769262148,1,60,camera
0.4120691404711591,0.9942648537810497,0.7453880362041955,0.6332129528618614,0.3926031714311077,0.5745128484006476,0.25365889011438003,0.3916225948784773,1,24,sensor
0.8117871430052205,0.9250605538364186,0.9557722921943095,0.12046933877706116,0.40481482015507736,0.7158322441676802,0.49373773457538267,0.10432773314960657,1,70,tracker
0.6414346909089567,0.43263875891488845,0.9193936871729583,0.20785714510163678,0.09047375362416302,0.7807041025037504,0.4797125922046838,0.1959587193488308,1,77,actuator
0.4677782050863663,0.290532166665926,0.832512736615308,0.23105137057311423,0.6002295862863101,0.7428205656813629,0.2022005155956065,0.1518609421624867,0,12,tracker
0.7089467471448101,0.6841924531006969,0.840132743199913,0.5125132457756141,0.045600098828614134,0.9239303992692914,0.26396869618463953,0.4332944684472727,1,46,tracker
0.4921089213129156,0.5735068094279936,0.7226445659194037,0.29605975285216174,0.5245042362631043,0.8386842152002572,0.3962414716666,0.23985488172353253,0,61,tracker
0.7370522691836926,0.7021437414109744,0.8125598976926225,0.30197988051350405,0.2813162748693674,0.7176171345678598,0.317531408934492,0.2284639231747827,1,64,camera
0.4925591258214805,0.9537084429513376,0.8104718217374719,0.5941850454693025,0.008899078695781019,0.42287738151278437,0.6359711019872444,0.2284280220496898,1,58,sensor
0.7182573736400389,0.3761648736294421,0.9538251462425031,0.41825891896062284,0.13661121204548726,0.6950256804425808,0.2510389552159038,0.29785167929874107,1,19,tracker
0.5813551087606474,0.8313452569905899,0.8506995769577503,0.318872529147984,0.17632930753601564,0.645077559999292,0.6172402934315656,0.22594398386675849,1,74,camera
0.9973368936893533,0.9900511857583574,0.6939073501867161,0.5977516006154524,0.3623621908697754,0.8769947559241347,0.6646639078790487,0.6371128281589429,1,94,actuator
0.9026320913931277,0.43998338198259807,0.874129233706432,0.4974167382582318,0.44106098141090017,0.5622217965865959,0.8714049614776883,0.27899624869398204,1,47,actuator
0.8896908738288836,0.9201475529609678,0.9315346152464666,0.6582228679624563,0.10806050336927697,0.6914102985653593,0.27491752609352654,0.5057906196663792,1,62,sensor
0.4263888771308199,0.9084943914963273,0.8401825656402286,0.768695492696054,0.07700114191452237,0.7455420068351948,0.36992993229626964,0.6913661361637123,1,69,sensor
0.6625566488152053,0.5589629292404721,0.6565247451085958,0.6846407760974946,0.16391503929332235,0.3183855319315106,0.4311711675539494,0.2026124477942008,0,68,tracker
0.1264673091963905,0.03204213123082071,0.717045535133727,0.2582397188403406,0.2631438919873442,0.8941793221199449,0.39940103896000495,0.24680318471015875,0,52,camera
0.5421367599489115,0.7622074989200309,0.7606622236000977,0.5094006087280624,0.04132605772199819,0.8480444006686606,0.0457152379292498,0.471029779067563,0,10,camera
0.37849111858122525,0.3890809464608846,0.648501305663321,0.5304736797194619,0.12111511754865567,0.207999122423353,0.3697766638471031,0.10738085256949693,0,89,sensor
0.17367364135339872,0.31970680451432987,1.0,0.6050993348987133,0.9175285148175746,0.5037652279442664,0.05028619557748928,0.2703661433806651,0,60,sensor
0.8799979436191822,0.10598349385873265,0.7706902033275791,0.1848799207390591,0.3030611416360759,0.8251717906710193,0.321110481770698,0.14068489124330807,0,31,camera
0.973033545159001,0.770739901647949,0.9622548121429699,0.15532537957456788,0.1422445751002694,0.6396687802785941,1.0,0.08546013965305374,1,94,actuator
0.9643888603873209,0.39500010478471276,0.9780002757439121,0.714264868770244,0.25799365897744325,0.6537103009375212,1.0,0.5286397521570141,1,54,sensor
0.6963400492549593,0.13353233708286233,0.9023213850253723,0.23017425127414906,0.2602353070779905,0.6144791599431234,0.4171623915384608,0.15793186553830196,0,51,actuator
0.9359968763016766,0.9007097946993795,0.7828652453488527,0.43796094905331046,0.5123621031058345,0.7982477587853538,0.5778338020401056,0.36974779304467786,1,55,actuator
0.2916357751534054,0.12119314796793276,0.6702122840600013,0.38155072398578815,0.24675682760797116,0.8746211057274331,0.39113024412679587,0.30831282548579547,0,60,actuator
0.9891129835223613,0.8053575521499214,0.960800887015123,0.1797512888502968,0.11706709502071636,0.9186860745583325,0.27687143149450477,0.15078876473343622,1,13,sensor
0.8549308543665873,0.5460942143245433,0.8993901421619646,0.9245567659827341,0.03210825262993531,0.47253854195565415,0.14791704108586337,0.36954620116489406,1,38,actuator
0.8283407967171285,0.9382210228105484,1.0,0.5691398901848145,0.10702254687384145,0.7594529509869561,0.2542783479800907,0.3865737030457238,1,36,actuator
0.850039038620261,0.5396099030583108,1.0,0.16727686615399087,0.9674161887555044,0.48550254091013895,0.2407391346836098,0.08881438733735253,0,66,sensor
0.6314047983768466,0.47545181859015617,0.9148920195227208,0.7365072632325518,0.6302961371493154,0.7200322545517777,0.47324915295018827,0.42211107981147644,0,29,camera
0.2700650111780274,0.6354441260113823,0.9210451557102932,0.21427103647675683,0.035572937408285,0.9817679944272137,0.8690187953289558,0.22936307316747975,1,2,tracker
0.753953605049722,0.5317861068276954,0.7693355108321781,0.16441057423854405,0.19948841902230696,0.4119763377103954,1.0,0.07321756484243137,1,27,tracker
0.47288419631263207,0.6861237853222938,0.9011411424491801,0.695580572749415,0.20778323202094645,0.861976514056063,0.08549626149209943,0.5256605809146649,1,99,sensor
0.7386863962409482,0.9135901208202646,0.8224909295019386,0.5039356759229097,0.07010675643680242,0.7787073841967509,0.4913171170869274,0.372034555541492,1,91,actuator
0.3163323614993474,0.22941713980434106,0.8931115899465311,0.8211534876887245,0.33898368036174986,0.7377425260217239,0.041878292982357145,0.6311053189729072,0,1,tracker
0.8036306559066946,0.14844784886368098,0.7715526369199119,0.1598906950888421,0.12313692967029366,0.7783823561536067,0.9729090241755223,0.13514572452023163,1,83,sensor
0.8690410898908253,0.6904929119468609,0.8624843174768069,0.6603383645666924,0.06168627881350601,0.9794545060329648,0.08455430492457987,0.5804389006827492,1,1,actuator
0.8367326388723123,0.9820029169237253,0.8152117002160749,0.36847358083710247,0.1337119633132499,0.45727629135873893,1.0,0.14819359638562274,1,79,sensor
0.4045499637826548,0.8245623631442932,0.7895080983598203,0.5471158489782592,0.45348494779908055,0.7669979460045223,0.6354522522436122,0.4167885197979763,0,59,camera
0.9136094094815571,0.1687021333289371,0.8456673487547554,0.28025254590390525,0.18343224629686888,0.7175272649272252,0.41711615697478355,0.21539064241334527,1,86,actuator
0.27972969957798666,0.8834864603480796,0.8383205125953174,0.281242146155688,0.37877817696978233,0.8693534683743139,0.4408054533716614,0.25242995400269286,1,58,camera
0.9647076026167657,0.23564059285735306,0.8403083165866859,0.5192235378231592,0.16081661877683795,0.8953841930800442,1.0,0.47268610530360844,1,88,actuator
0.19924085719604184,0.21680793183167651,0.9460820475925136,0.4743892274717795,1.0,0.5527808080141656,0.1974070394433905,0.23649809775929131,0,28,actuator
0.8003328671715554,0.3401595661404776,0.7706599993739767,0.7953913534452378,0.10849263051077869,0.8236223962676366,0.33538262726892903,0.654600329305054,1,92,sensor
0.4683607993739479,0.6955834010612841,0.8939580149470805,0.6468843343611635,0.04557148376184689,0.7123899808624673,0.6657252678975605,0.4352293552695424,1,83,tracker
0.36676856810466274,0.30813094878190384,0.7953411182185084,0.5167469517970273,0.1693526375880317,0.8155327957411684,0.14331977069474877,0.44552604042668703,0,28,actuator
0.5400462949567122,0.9992839692433819,0.8268746119411639,0.8351701591077084,0.15086818852139533,0.8019559373569969,1.0,0.7478202018497752,1,84,camera
0.46404584459500103,0.1324598175523849,0.7234005317318839,0.7330120941946202,0.1052620997651978,0.2655599127798348,1.0,0.21711475993290058,0,6,tracker
0.9928964838227642,0.9728999390445788,0.9032888767426626,0.2554074743427017,0.3576453909542848,0.6346102711784677,0.4893215743920555,0.14704485829059494,1,73,tracker
0.9552279140757405,0.5035593884078335,0.7843593729863078,0.831358607549632,0.020966789282417447,0.6941120748602763,0.7329079877572988,0.4671050175530213,1,84,tracker
0.5021623540037291,0.8577226569525401,0.7071857911349639,0.796561543840232,0.6539850873318078,0.6737846085986815,0.1758960580470433,0.5417645793265529,1,93,actuator
0.9417012979335647,0.3331005397393341,0.8948705870655831,0.2210676422765198,0.2217337256921625,0.855325170982708,1.0,0.18297031924930102,1,20,actuator
0.9050074456004222,0.6711474457107173,0.8951778667385979,0.9364056533330656,0.4246222209493113,0.69215782477754,0.9393667697781798,0.6300349344359161,1,94,actuator
0.8738401874208662,0.9254248018850294,0.6856748704068609,0.40366176166109136,0.01367263045521654,0.9414298952346387,0.6683572143698784,0.31612246135875305,1,23,tracker
0.4506524724833649,0.43799923685442416,0.6826377156629695,0.7358480111039234,0.03408435662883971,0.7237688458792997,0.681070964589232,0.5331412734562563,1,33,sensor
0.749841966457446,0.715567378854718,0.7248851782099057,0.3853172763862636,0.3796022003560898,0.7464870141416173,0.26722244579414567,0.3043268328959101,1,69,camera
0.1103532340984418,0.7178659129898223,0.7628606861376056,0.06126770732082999,1.0,0.6736218710553851,0.789915451731907,0.04648508904954746,0,77,tracker
0.5064626172109108,0.5377036850606556,0.7420995676744901,0.7283638908568155,0.20994748076499628,0.8307898323528291,0.12925166659134837,0.7053025492348319,1,95,actuator
0.9144002698655133,0.9253057896378049,0.7673863818114142,0.5341068167382018,0.22883302062245647,0.7585654617348021,0.3802054256923998,0.3965925789614092,1,13,actuator
0.7687556503560451,0.7589975285414525,0.5879587719777434,0.42130342297752066,0.13342162349946923,0.6617979703434942,0.28794801072890874,0.28380437702940275,1,24,actuator
0.5979814467985359,0.7110728789036459,0.7215899530232297,0.7477639687627099,0.7417869059345709,0.7435518218325207,0.7532804834803709,0.5220733031595317,1,95,sensor
0.47747947208282504,0.306891190604958,0.848069480327753,0.7988129593226563,0.5285225965386702,0.20328922017582995,0.48291571849907317,0.15614717504085185,0,20,sensor
0.8307121059626594,0.7105755603687557,0.9509809264147828,0.720173393442729,0.004278590411855948,0.7171364006598951,0.23388035312918473,0.4913003776808876,1,40,tracker
0.6507149371010892,0.3690335074313848,1.0,0.3493767849861946,0.45813877026726874,0.7713685100725396,0.4025904179802606,0.3050276658772388,1,46,tracker
0.9349904951307031,0.29542763286065066,0.7591832340262339,0.5212499433144114,0.36455165608649026,0.8677297479147351,0.7368631771604282,0.43118996255072434,1,83,camera
0.7080600727935071,0.6790690631622315,0.9085176677100167,0.33709875008222934,0.07149507704864125,0.9555729455718188,0.46589099758069646,0.2735309147862986,1,69,camera
0.9244042834327221,0.06874857847758827,0.9748817001942852,0.3864266221242483,0.21445419896696513,0.3753750875712299,0.9380030628208725,0.15783056085542474,1,36,camera
0.9968913167563355,0.9772480694109977,0.9943526813338794,0.6776287330245981,0.08470678348494726,0.7311804222413422,0.3661584412705632,0.4640882939777714,1,52,tracker
0.6431748745536063,0.6585125525608009,0.7493937268360824,0.5611430430063873,0.07351888505834733,0.9428106046051243,0.5187472223148484,0.5332774139756332,1,19,tracker
0.7365559898406361,0.6487373410199306,0.8022339046546435,0.3675861928747056,0.14310491995895197,0.6051717397857486,0.09013324694974277,0.2601208144961181,1,3,sensor
0.35461121711483573,0.47562283217822815,0.9714085106195209,0.09230555226968627,0.2740261240006886,0.7666678553330787,0.428631328350514,0.06152205757388677,0,76,actuator
0.941455117401476,0.4585628274757415,0.9986882310202208,0.7429761781695035,0.17227236133719756,0.860719512607345,0.47406665536081644,0.6469047834601684,1,10,camera
0.6841124975949942,0.6440981382705999,0.7903848446576429,0.9159981799399181,0.09445668078683724,0.8820078738933448,0.6054676848909145,0.8040202500131941,1,29,camera
0.574531967778218,0.35613542239377555,0.7623464683021962,0.4910818753784195,0.4502721560468694,0.6514625011771463,1.0,0.2739117377774872,1,9,sensor
0.7639035609364265,0.6773763477950614,1.0,0.5254893179867858,0.35767016260841195,0.5532287715064442,0.3012016281210536,0.31668995300408315,1,21,camera
0.9032509954991111,0.8624344087011279,0.9251463914833303,0.3465287740446115,0.4910237350639301,0.7024640181398096,1.0,0.22854480618880865,1,94,tracker
0.5489988953299265,0.29384426406232217,0.7539337999305572,0.33281062697532354,0.047611519166230354,0.81400092440523,0.9980309087062977,0.2696380250090288,0,70,actuator
0.7903112055752719,0.9302254038643638,0.8935608249279727,0.3004193304348673,0.09061027669431529,0.716051795567325,0.49623403622312545,0.20471159502206607,1,26,sensor
0.9224625238962334,0.043366990530909456,0.7034229028951461,0.8068223644520255,0.40452959230248825,0.8372995927792696,0.37061715877807994,0.6823750026971791,1,63,camera
0.5923031437711539,0.8822899267226494,0.987048516374506,0.07145182310176665,0.5328670767428396,0.6524325120036505,0.44366363271890596,0.04846243682303516,0,4,sensor
0.6369381486613204,0.763246787397947,0.9494546994152997,0.2152249610076435,0.06424184708330118,0.67535308036764,1.0,0.15873447240703165,1,54,actuator
0.8249975741863709,0.6950757845858894,0.9325813151812559,0.7669123976516705,0.06786394652406673,0.7937084480182813,0.6942499513855093,0.6277000210433051,1,40,camera
0.5069578903914236,0.987592075032207,0.990649004796739,0.800386771622262,0.6333891791915514,0.5301730960231967,1.0,0.42435226803819065,1,55,tracker
0.9742450036038198,0.44870343341836394,0.8828243515624115,0.41648154804514126,0.10307873290695416,0.9428182876397816,0.1760918279385391,0.41784827169925415,1,80,camera
0.4527493285197443,0.3044805638857732,0.7117003962295895,0.6840754563606403,0.26016913013909665,0.9114146685959025,0.1045804542776894,0.6266281956769528,0,96,tracker
0.9930932155957659,0.9668688608080828,0.8708823079464251,0.7442475085531985,0.025384291507721583,0.9574480250652975,0.13445594894198978,0.6443249183516317,1,43,camera
0.5800226144017033,0.8823048140512876,0.8447649008527882,0.381860947688719,0.11736458158068838,0.8121705286256649,0.8310464892676099,0.28045398611607586,1,29,tracker
0.14776541925834888,0.2869468376159348,0.9760788050990556,0.5590929240879277,0.5302275171442103,0.582555267311281,0.5869007605229066,0.37048150211890146,0,16,camera
0.7187113646841251,0.5517565646023961,0.800469113966889,0.8465070394286563,0.03911804170959188,0.6822498292559724,0.6962002419683081,0.525401136335628,1,3,camera
0.3316849320323285,0.7093679286706697,0.8189899769197458,0.5902070019025155,0.01705316928180018,0.717784176394125,0.1518653513777347,0.40046929028503364,1,21,tracker
0.8386394916187795,0.8919327564276499,0.762333437774949,0.38948975207354164,0.17219812541338114,0.6692827201113521,0.684237304880254,0.25546696005000913,1,3,sensor
0.3870022443652539,0.5324873922484012,0.8879919415424923,0.20304925992524914,0.4396644025484022,0.37619972791879563,0.47931872633802064,0.06907590846988754,0,97,tracker
0.8403715077296589,0.08404171172166507,0.965589665191622,0.4850996176040408,0.29281981853609723,0.8850343177680617,0.7236661209184932,0.4213508634151728,1,43,camera
0.5943998744108318,0.10479923605904815,0.7270849909960825,0.6561780308637083,0.27017881867614435,0.7440567402948344,1.0,0.5286342715771308,0,81,actuator
0.6742872617934829,0.8671845802620545,0.7064326394682523,0.7421651788714173,0.19355280218224089,0.9148224579718143,0.3667863106718673,0.6477055644302645,1,22,camera
0.3421374389936332,0.013203735029259471,0.6294725045661151,0.5595118588542379,0.24363632311157443,0.5360827991938989,1.0,0.2375122311213785,0,11,actuator
0.84063154142284,0.42119532073957366,0.7818940181263507,0.5113774782606887,0.15529947903418737,0.9293784691736215,0.614819946337017,0.4789781552906683,1,62,tracker
0.6350072758002397,0.9164800248699069,0.7777167743532242,0.5976639371932012,0.0033254481340784505,0.853560405351693,0.04785810369455499,0.5431107338854295,1,14,camera
0.676806390560111,0.07279976210370444,1.0,0.8250865618850262,0.09225259019378604,0.8661597055331448,0.18567963740620325,0.6522560305354225,1,95,sensor
0.22544270189730645,0.8299267444677694,0.9565096808635556,0.30746268948637534,0.053699614459087705,0.9393716899524931,0.3480607059441015,0.26740621113950097,0,85,camera
0.7642296845434985,0.8892703816594787,0.6727983342857744,0.03638627941211127,0.2375886775992088,0.2869429818527417,0.23910250437953356,0.011515249272900147,0,70,camera
0.5940984009700042,0.4861657756155818,0.7653321513723024,0.9071932972541583,1.0,0.35761640317869925,0.838944388749804,0.2942877834515618,1,89,sensor
0.24552258422258721,0.08731568084574913,0.9912272011690832,0.4025188278787193,0.7874677058079443,0.2932552675554038,0.48787672542464444,0.11394411996557396,0,76,actuator
0.8427371698416551,0.43294725555506813,0.777312184267394,0.6032359844820351,0.569970628872111,0.6741181239329681,0.20129536014862634,0.4539429274187975,0,57,camera
0.7588496860247854,0.8145430309347104,0.7985807489318016,0.5727251246943105,0.44308794304909005,0.5934621174143976,0.6351376944387812,0.35211231989974096,1,88,actuator
0.6813603522291292,0.8109023232148247,0.8145417458560121,0.10350000994225088,0.6282310987143838,0.47261547705355034,1.0,0.0498392279465286,0,36,camera
0.49481090675726624,0.7443040717918102,0.9113507017753538,0.5730749258380683,0.6717120641642043,0.6420250383684136,0.2657468140714166,0.40658195882858245,1,30,tracker
0.6801447542336637,0.9754751323134122,0.9107029260467476,0.49869147290806576,0.784117694697912,0.7398634183664614,0.9484350071763945,0.3969352346382315,1,18,camera
0.9670951553683269,0.37324906998332924,0.731948643779403,0.8752233257856326,0.8733095142383173,0.3429727184946453,0.722649787395959,0.2634178620186911,1,44,camera
0.462650282161548,0.6855132782308346,0.8484369925621955,0.6460872019678785,0.47966086395162383,0.764522735061673,0.5268345046376813,0.5469567639329282,1,24,tracker
0.832000632013674,0.6490494984101595,0.8188162455020092,0.2216075999168092,0.04956745549205584,0.9844007235273644,0.801379762641706,0.21428534765195267,1,91,actuator
0.5035546020791031,0.5380530547086754,0.5887298817907716,0.5108395107211375,0.2425518241027726,0.6901129653369433,0.25184123057141455,0.38499734563901533,1,68,tracker
0.5041560824933038,0.8287287024694657,0.7835232007638857,0.40578595991260485,0.053953508166121954,0.9311763048508718,0.26470002156333794,0.3994689122269978,1,40,sensor
0.7476933025699017,0.6533482150064001,0.8046048971762985,0.3218330867152904,0.29798242331564306,0.603428686140395,0.9447415899943687,0.19957083182983812,1,63,sensor
0.42178753313078754,0.2578427778900793,0.7172556064002339,0.8053459404600439,0.3378123923242743,0.27451260353009244,0.380871454087447,0.2505068634879248,0,66,tracker
0.3931511373757901,0.7276058447282419,0.8299147778492838,0.5175482983042954,0.5772385024058851,0.4534588246582644,1.0,0.22437408276365065,0,76,camera
0.8085286161925169,0.7088873539499668,0.5609169078896088,0.5059961686916015,0.6818449522689027,0.4486104091123344,0.10485503581039861,0.22723243783122848,0,24,sensor
0.91783237607843,0.7983040207055311,0.9218893475381362,0.7146468441895696,0.38114872383712683,0.8042004515540286,0.46754389271158486,0.5466218285645041,1,78,camera
0.6958820870460066,0.5508228686728354,0.6676317206634014,0.21951001069368112,0.11073393126055438,0.9433669192764276,1.0,0.1811305618089868,0,33,sensor
0.7315994049629512,0.38666138912852477,0.8073240319892916,0.33251140543053315,0.009936630928301118,0.6969624497078379,0.8772323649969274,0.24861744684593248,0,97,camera
0.6874325289553348,0.7234956334171748,0.743967378889055,0.492659354009459,0.8784051387684835,0.6351725194013581,0.09139510609111338,0.2799403243706289,0,52,actuator
0.755220844732878,0.433827344138488,0.7364325855740212,0.9651154252855829,0.013287289091684817,0.5674031445279362,0.34771129630865744,0.5974904531199943,1,53,actuator
0.5481179885849924,0.38344507107150116,0.8677238890758451,0.35344120978532273,0.21904416052689837,0.492571641925939,0.3113714214530526,0.17574330289471649,0,90,actuator
0.7051463288098905,0.6366749669176969,1.0,0.3221023450296923,0.7103513813520056,0.6045340341044604,0.7495101783303513,0.2029741491426463,1,65,camera
0.6835341290763509,0.9749722112957385,0.7729581353017067,0.6247157218040484,0.03840425096189746,0.926108565327077,1.0,0.6778616525804481,1,15,camera
0.6287889859993778,0.4479695540570228,0.8938270097750995,0.6267695689709024,0.4889268571650776,0.800859585661255,0.1357449894572932,0.5800732803705605,1,89,actuator
0.5198483409148388,0.5820994826503727,0.813766290264489,0.28139389443152074,0.32770715552780033,0.8447162317593808,0.5913829262262134,0.23193456473694765,1,22,actuator
0.42663194219456263,0.7762828722576728,0.841841786819722,0.4407159061620732,0.012467962862869929,0.9613870205456261,0.9138903517364619,0.43157661202383496,1,69,actuator
0.5183610120672604,0.7591516397922626,0.9540403150144431,0.5130847368439305,0.04303712229595112,0.906576731428171,0.4028778579887415,0.471935415546074,1,81,sensor
0.47517644852298246,0.5850036677584486,0.833244247939189,0.7037994855978467,0.9382999004082647,0.572145465638772,1.0,0.4284024446254539,1,69,actuator
0.9611030772521474,0.6526477437915186,0.8375103746527628,0.2020211699843392,0.08133759603387751,0.8573357637072042,0.30340880515981944,0.18806750481539045,1,20,camera
0.753450053423854,0.9489728626727372,0.9491162212956346,0.5460107348147772,0.41562646898595546,0.6245579667689772,0.6241442634886868,0.3001925030633226,1,47,camera
0.3316125320501309,0.8947157658456876,0.5886661206416202,0.7725213787811186,0.31917051064449015,0.7432721814796744,1.0,0.5295351743875292,1,26,sensor
0.7984328878698828,0.7792640050044932,0.7784201746406547,0.7639554293941476,0.2581104212567345,0.5855429714928991,1.0,0.4539384634515296,1,92,sensor
0.435527174306002,0.497627699819323,0.9637867921072095,0.17737528893232402,0.5435284844912289,0.6017850724948035,0.3266796539087427,0.10810100361628053,0,59,tracker
0.9301891927537933,0.5942494118204212,0.8282071594308398,0.5951512310784682,0.9194892285399071,0.6591571122601961,0.4255069389888995,0.41276618237813334,1,29,camera
0.3132601025212863,0.8348869587526343,0.7716618184843351,0.4471480720672274,0.051973819046757665,0.9531953707720769,0.8124288787357575,0.4959823057031798,1,81,camera
0.9983258964615361,0.9700922328162245,0.7360489643266024,0.3581257210240099,0.30563484892409615,0.7722583978508466,0.2901876893942158,0.277051616361345,1,96,camera
0.47903615865114585,0.7152371207332787,0.796999755223746,0.5176870309066867,0.36830000564462395,0.7021541276292793,0.18844203410649543,0.38657160045069106,0,46,tracker
0.6418563519167223,0.8864819190025052,0.8307843067319552,0.15273806556758576,0.10728704747252324,0.5119634108764124,0.8866059179967055,0.08214195155409253,1,51,camera
0.5155239358005924,0.9070962734046176,0.9434188459196617,0.4485749516833866,0.41858549764565334,0.7852124527127744,0.10959801078603082,0.3299371808589448,0,48,camera
0.748222693536473,0.890755264266828,0.8143858355662537,0.46043254660784644,0.3008312789699014,0.7955679129088108,0.2522773550866037,0.3149778566691138,1,50,camera
0.4989786151882252,0.8889120372667655,0.8835717475262399,0.5956925507891753,0.2000722226873144,0.7009265446446181,0.518243161657557,0.377918613934113,1,8,actuator
0.7536602359948098,0.24688136076923964,0.8618366594816952,0.4712766902374882,0.012616593978742435,0.9909487801795311,0.11704494704953894,0.47323843670328486,1,29,actuator
0.9407584181991109,0.757560530530616,0.801537652676258,0.451303382621862,0.05166372396035057,0.514406959812343,0.5115918152568981,0.22236619576279756,1,32,tracker
0.9957100072765511,0.212295648478998,0.8226793407623965,0.3159528755300047,0.11006562932947081,0.9343020939256107,0.6004824677635797,0.30896520355388507,1,92,actuator
0.12410829759121321,0.7093504090642464,0.8023647778784349,0.4237379694077836,0.18680929415764988,0.5360410259170005,0.7556099380400092,0.2166755257104878,0,42,tracker
0.9806251786043002,0.6095487498976145,1.0,0.4256516496115433,0.2577422557276472,0.7859515620696831,0.43558271086505257,0.3932588443809064,1,51,tracker
0.8762851279057581,0.5565011128562585,0.6766295724070193,0.9583360019336007,0.47563194796359787,0.7846415053115674,0.28282358776310484,0.8135808189024697,1,7,tracker
0.9757844450581113,0.6334682965028549,0.827263254359452,0.36327439230005293,0.28166175292148066,0.8771832843132765,0.2313756265016513,0.3115122609895047,1,16,camera
0.733891437097786,0.9031190953442498,0.9177508921740757,0.30554586044289106,0.5255988902695534,0.8097746218431238,0.8436583344537779,0.234768698036275,1,76,actuator
0.9966307078901824,0.9105341817336722,0.8033505417040054,0.4521522765078903,0.7160201034467628,0.5402113767672461,0.9778217104068485,0.2277859399547127,1,12,actuator
0.4075499626009849,0.16834566120885144,0.6959880496387068,0.4958146847818542,0.09035928536031271,0.8228362842326576,0.7566122425905991,0.48865015705110554,0,32,sensor
0.9059278102740811,0.08820803522795762,0.9015841006110706,0.745613494928262,0.20548175744236094,0.6739994733427613,0.17496955514199405,0.4482421318133805,0,62,actuator
0.7221970181794518,0.8350600527626905,0.8031369399474954,0.3999532200676741,0.03393577133894554,0.6025458818154681,0.1591112601808013,0.22850403366220745,1,66,camera
0.9042621771929805,0.4504990263877247,0.7696414623363457,0.3335705410359275,0.7727977736003288,0.5718568260518037,1.0,0.1824444988202252,1,46,sensor
0.9335322145929074,0.8564428212092192,0.8744216682191166,0.19042988800303765,0.7219278882785074,0.5256216781020538,0.39902182550736304,0.11374664406663422,0,54,camera
0.5631658972911125,0.7628004035800864,0.791579987446615,0.4277459370834561,0.03687062574294584,0.24900331862684097,0.4283853027762164,0.10718908262360832,1,4,sensor
0.9840208687210803,0.559750042244006,0.8572005270648027,0.3220596230634812,0.0746031128640596,0.24666971707992716,0.9403516868212158,0.07547111533760831,1,71,camera
0.9935970090653322,0.24233279494323096,0.8070873437913059,0.6065865214383339,0.15859537186709655,0.6154435762430508,0.44072308714022246,0.3967470519046476,1,43,camera
0.7278244765802024,0.8180631535220252,0.5461843223342836,0.41359287080685947,0.17308034293314395,0.3706064751826363,0.24790941354469004,0.15018526426575055,0,96,actuator
0.9997762601025061,0.5409817945049417,0.8487906436780038,0.5848286678584714,0.04927303116867534,0.7934381658861506,0.3105287392522872,0.4183403889233206,1,5,sensor
0.9113389998759157,0.8619189634077361,0.84298548380264,0.9551297624068148,0.66555972944168,0.6846980707845699,0.29008039062463625,0.7234749989200583,1,19,sensor
0.5419667200738312,0.2868438204704946,0.8220337066251826,0.24692726538580645,0.1334035385054993,0.7198742726958733,1.0,0.16839214276257294,0,62,actuator
0.5501530296302835,0.8418574580979006,0.8598683555553953,0.5411941347013823,0.058114931092740164,0.9805129938378616,0.4400274408627389,0.5000767769325064,1,77,camera
0.5922132553054369,0.847294982494339,0.8666044225065725,0.5280188790331714,0.20062465397202706,0.833545734072456,0.1433786808409086,0.4476128465199154,1,81,camera
0.9310417005706654,0.5616483190202369,0.9594251448260124,0.5766280003434661,0.13060130416269033,0.5109341333262921,1.0,0.277727549597213,1,82,actuator
0.5518705917628426,0.7222896811057797,0.8244168482791256,0.49858779085057875,0.514626501220903,0.4772904782984637,1.0,0.19247485750477972,1,76,actuator
0.878406132315217,0.445691709116424,0.9884138642365023,0.4099745378816902,0.14133180971817239,0.7710745293540133,0.38288728982274955,0.2953026610327925,1,15,camera
0.819822890423028,0.710376203695316,0.8004688225604604,0.619660470697766,0.03988538200125883,0.5256426463093138,0.4205148291494468,0.31735105732313224,1,23,tracker
0.07903461664684519,0.48131421103105243,0.573858308386445,0.5629074949630813,0.3352212059295666,0.7075862419934683,0.19185199203019315,0.41690385457949813,0,84,tracker
0.6042978609625439,0.6553830420855973,0.9596465619570852,0.36686670921715936,0.05006167576265388,0.9130041455663666,0.13841503837349803,0.36916779576456094,1,3,actuator
0.2275469431618415,0.5124741287628489,0.7287204193469435,0.2413372387986154,0.05658639768441874,0.8479685364254782,1.0,0.23833578413134812,0,52,actuator
0.44013679982066684,0.14601354047982518,0.7879825189509436,0.37899222494820295,0.21869708358217416,0.830215273779839,0.8322480509084212,0.269368741398817,0,68,sensor
0.5167516318342493,0.5987301232779361,1.0,0.3416750148930679,0.050977926512482855,0.8359904798447668,0.9643415172349719,0.2626843865417565,1,10,sensor
0.6611375141948621,0.6551727460730966,0.80410040451912,0.5587093977686702,0.47948885734973967,0.778786713811233,0.5823728840830373,0.3724332192481239,1,62,actuator
0.6334281843238992,0.7637281906259077,0.889965233428897,0.6322528800191675,0.10541239182590452,0.624382711237063,0.8885317209047991,0.4091282425193699,1,17,sensor
0.44283834076324885,0.7279994687722849,0.9077719600512582,0.39913832939131805,0.8754673309938523,0.5323449208232349,0.9918289000673457,0.20111683143863268,0,50,actuator
0.8978356278811768,0.9938833599466823,0.8360838061611902,0.378700614292626,0.08099133678463483,0.4392435966070587,0.35899783228927823,0.17325186009241325,1,25,tracker
0.36453993548135993,0.9144791882867103,0.9552723661908596,0.18323766057279314,0.019102758898365844,0.7673532746360119,0.799139265333356,0.14022463799646276,1,89,actuator
0.7508861168775404,0.8993535473505839,0.9342237308391008,0.18256191851331627,0.15439127254113288,0.8756920778866603,0.5576178564302692,0.1751679567776307,1,97,actuator
0.9381262274280188,0.1756673675306321,1.0,0.2387488039147451,0.13278597211448565,0.9051295444797034,1.0,0.22712469430740426,1,70,actuator
0.23254812250168105,0.15803394656320957,0.8378111338890952,0.301750208812815,0.4717826122224885,0.7869397740244218,0.5537086273653666,0.24156548183444465,0,34,camera
0.8841852266317572,0.7539176717083568,0.9979945288679717,0.5107200214186636,0.2226682124278631,0.6877971918222454,0.31258886285943577,0.39194980339284463,1,81,actuator
0.9776794453076723,0.9110000656950534,0.8079454563842334,0.8583393648689307,0.0478367981548478,0.5771226968220229,0.6246246249596453,0.5352193427943551,1,80,tracker
0.8047384674496192,0.4811734617832971,0.6215366567804678,0.6297007157231269,0.669003748419087,0.7449732027731855,0.3727201870321247,0.46598155397275315,0,19,tracker
0.6119340955206592,0.6767237713843806,0.8297221693825492,0.33114809120289423,0.40573260686125,0.6946489381684416,0.014362179187202336,0.252202093225816,0,80,sensor
0.7862733707958427,0.9817617639521501,0.8288336533653704,0.8504759734977853,0.5064706865414842,0.2994611547962043,1.0,0.26128458562387724,1,58,actuator
0.9034359752688998,0.8517084502805959,0.7028287058122199,0.5819001543088242,0.5927435831109584,0.7678655139482093,0.3763102348199005,0.43270795607801,1,71,camera
0.6820618855329732,0.5841379682287222,0.8237013405669885,0.49989395213985793,0.7106390008485345,0.6379100718439653,0.642525216886121,0.3000346848343508,1,95,actuator
0.4984408540238467,0.2726374727194612,0.8780129480510199,0.7845832377556032,0.11644949914385594,0.8822929728941143,0.7641772696117183,0.4911000267613363,1,18,tracker
0.5845474402551294,0.9701054119357395,0.791219170561112,0.33943705931722795,0.1475399664554923,0.8211523091215778,1.0,0.2650143221952893,1,60,tracker
0.9951414280049306,0.946122437404561,0.7564537293472474,0.9131073161208324,0.07806906690827953,0.9342045615764287,0.3783446746805415,0.642648872035798,1,86,tracker
0.5849586453224394,0.359163065164821,0.9307023197734958,0.5521747210780592,0.3094774714945478,0.7680695995031845,0.684688730942227,0.3788858867793682,1,98,sensor
0.8584418542248922,0.620652225255581,0.8502484403854802,0.45807028440169084,0.06591786425450437,0.9591916480201561,0.9003971822304625,0.4592431460015343,1,54,sensor
0.9748286184456827,0.9046449197061369,0.9320791396989176,0.7045198204266596,0.2465456334150659,0.8987650205279343,0.4794793201061032,0.6355348243693153,1,86,actuator
0.908166299047294,0.8117247757665405,0.6723961649685484,0.2768007289756914,0.23493273556179245,0.6724889073196162,0.1951333131082048,0.21100770825514084,1,80,camera
0.8141715352182013,0.7432001728884028,0.7554970731346018,0.7304575558750495,0.3008571290852107,0.16810679831267764,0.7241788221848152,0.12625639724184465,1,84,sensor
0.1924054214776565,0.8264929758191089,0.8994063679442688,0.788799058225652,0.17695516285680143,0.7612979042527616,0.3774878855751226,0.568655182958045,1,71,sensor
0.33013043662458497,0.1432384460298834,0.8401033246770192,0.5960272441161586,1.0,0.3555905575176188,0.7832024805972239,0.21539692185859857,0,49,sensor
0.11491540666754652,0.13661720316490064,0.9129231566625612,0.3801827395862205,0.28833329590380413,0.7673997506860212,0.09056795327530126,0.28738334984280156,0,72,tracker
0.6783403941113572,0.4937771511383003,0.7677783173409132,0.3715715375129112,0.00315307637278068,0.40779031308725805,0.6341507158029736,0.16413769007523332,1,29,tracker
0.973859215199896,0.6385086372614204,0.9224091851658472,0.6089836518410262,0.358537173518402,0.44575229269977185,0.4037944567739354,0.3090923836034392,1,74,actuator
0.41977237852864785,0.601057275667902,1.0,0.5792376066977578,0.7685140459937478,0.7600267513517794,0.3517437235028482,0.42393363342104934,0,57,actuator
0.638404686626343,0.6184559511224584,0.8698801321168084,0.45017189411870023,0.04461363281415921,0.9810804463418247,0.8916228676858603,0.4059105788890195,1,13,camera
0.44379862251457636,0.9631740655389406,0.8781501290633879,0.8130614980923248,0.2530968108491596,0.5571668167282486,0.9836249447732437,0.5418332506353131,1,87,camera
0.9208529174661327,0.11817683103187367,0.7029738538263002,0.6978317432039105,0.09410837569619165,0.5974720053912721,1.0,0.3941133625459006,1,97,camera
0.9453342941110345,0.8681713318587427,0.9250268390381228,0.27711817806129524,0.42287951722730455,0.8296575803759095,0.4156387813802463,0.2059141798367478,1,35,actuator
0.668097787858708,0.4094342685829578,0.7816163002153,0.25316867188214615,0.04517324402505972,0.5760715739288502,0.921507963015731,0.13405128843396655,0,25,camera
0.987665269514548,0.5488349418105287,0.8126209618900049,0.8146545507683639,0.20300930020761448,0.8323546749990798,0.12004344293035903,0.6153310723227199,1,60,tracker
0.6687115596526538,0.5663711486191901,0.8263202896891685,0.5558470600272993,0.0051269295364085084,0.799310965000246,0.27377331713491593,0.47317669522421285,1,91,actuator
0.9860639541997542,0.5425537818236772,0.9699701328080289,0.9427275982253259,0.10689144462884655,0.905791833652484,0.17599676081896057,0.7939042000875093,1,68,camera
0.21059414139877983,0.3825813688454187,0.9204227419886069,0.6579366980432225,1.0,0.6469823161806558,0.24387765493344274,0.3582023938768889,0,51,actuator
0.4068405232150068,0.9756016912015741,0.7640165896080237,0.7107913633079651,0.8048719458433838,0.6217436756630473,1.0,0.44400798468199687,1,30,sensor
0.835072335032711,0.779419600916998,0.9241242396394145,0.743284971812041,0.3325936358619058,0.7439009550400025,0.445699314569708,0.5042016094080917,1,13,actuator
0.8821421686776935,0.997038619025419,0.7879396696712936,0.5468257386035791,0.5699467669084826,0.26840775532082134,0.04877275901015254,0.13265762544896625,1,74,sensor
0.9467062289131366,0.42516122789562516,0.9712172358990356,0.7823139612625302,0.1982390301429271,0.733901351134914,1.0,0.5388531282481606,1,43,actuator
0.5333126519551139,0.6173108684757449,0.7835383769323911,0.6648740355215452,0.3795293986333574,0.7299989358290255,0.8596519509323478,0.5373448358775019,1,75,actuator
0.9232823838329478,0.9298806018300905,0.9775000376233336,0.1894898115325371,0.14598056126064463,0.9442299920977049,0.9889413287958787,0.16566735673283906,1,63,actuator
0.38491142320900906,0.3285839426383693,0.9226754502824837,0.8128315959074383,0.2697312264470242,0.3600768615077975,0.047120961982177474,0.27483010133830554,0,39,camera
0.7022168538486441,0.802085720634439,0.925917210353306,0.6168860210390605,0.032906565618387104,0.9729837870490948,0.6123611433224179,0.48409459708213687,1,81,sensor
0.9226281087806442,0.7628895593124536,0.6437441283620471,0.4270224190265358,0.10451967811326197,0.5225673727039546,0.0659544355205796,0.17944902362908183,0,56,tracker
0.6441245523998304,0.9646281964189912,0.7666677413674237,0.29234608007999213,0.9083597260981966,0.34462570379935625,0.4366273298669048,0.10158457964182062,0,18,sensor
0.7682725742403305,0.692947127949176,1.0,0.13156238691252614,0.2414988799439559,0.9068511663043181,0.6541909706454271,0.13535757435558157,0,25,sensor
0.2091935667111956,0.32800254834733256,0.8908412218882173,0.9235403851475734,0.47665297376879084,0.6963988193381622,0.6744907919606259,0.539393129146275,0,91,sensor
0.8828696216013027,0.9450297049866233,0.65565057230566,0.3502736828083917,0.27755791622316467,0.7511571121348198,0.28557401263588983,0.3134359972614106,1,89,sensor
0.9970813812050806,0.2000947181964721,0.8445877024285396,0.2806357033855826,0.049957037373255506,0.8010079257130688,0.4735257801741375,0.2428708001482692,0,39,camera
0.9461872817202156,0.39284226527488214,0.8669290487807026,0.6384852838671892,0.21924238653788652,0.7706280629266549,0.7320222552397365,0.40304089678010613,1,63,actuator
0.43500259991815826,0.8003571279832356,0.7767941109991904,0.3334227658963161,0.1912272286540299,0.48284813998927617,1.0,0.14612730184563427,0,62,tracker
0.6555262205222945,0.5802611885043951,0.8356486278819788,0.6830558977603451,0.07020510656489562,0.6158332930595197,0.8161257657341755,0.4576622018574532,1,10,tracker
0.3149262507129965,0.43683773813974436,0.5719642292023791,0.544733039194308,0.3233344706195985,0.8013718734553034,0.7215139206526151,0.4031713453059833,0,50,tracker
0.9630752354295631,0.5782439758656084,1.0,0.21349549422411684,0.6021979318190965,0.8037478515794361,0.8520774267142096,0.17634595755653942,1,95,actuator
0.8621784881744468,0.5464365147347623,0.7186035940913426,0.6371127851919616,0.28192501138569703,0.9122463746500015,0.6885937168253824,0.5835485808084031,1,47,actuator
0.5602901798224579,0.5818813498206178,0.908511650863641,0.602415247553454,1.0,0.49390083896435627,0.5322486047535804,0.26873399606741,0,89,tracker
0.8637490072407824,0.76103504306847,0.9258752839764315,0.9555834153197862,0.056311499136689834,0.5931780372040989,1.0,0.5110220147868463,1,46,tracker
0.7475224815655414,0.3344341034944525,0.8448675724120831,0.4686840945264661,0.07848674042448715,0.6947530837151147,0.13018341297771832,0.3316360184509827,0,53,tracker
0.6065460423065149,0.5589620746763734,0.7287028141076237,0.018521880367260615,0.21577820725019356,0.8628442421492323,0.6665341917098283,0.01946381958010377,0,15,actuator
0.834244727046167,0.6667921440890469,1.0,0.8522045223087188,0.07999957084053659,0.8711476253135928,0.4471612126025553,0.7658980978026323,1,20,tracker
0.061193786308991,0.7707841625535164,0.8446808274520022,0.39899029095331967,0.18740406285892922,0.7097636301435286,1.0,0.25877821709962995,0,64,sensor
0.24379909934773714,0.26099020439598275,0.9397177327104062,0.05828290015515295,0.3824098693730333,0.7598698315421886,0.5866823331373908,0.04990754959275321,0,29,sensor
0.8902545899976995,0.2382863547134203,0.7918303918296495,0.6989456051150047,0.7319627511167617,0.6970425304699541,0.8256503779674866,0.524874242235885,1,5,camera
0.9045991330967112,0.44427479011351334,0.9090091511177665,0.48099407066627836,0.16221789952386292,0.7718369914533365,0.612083195320269,0.3474400263459622,1,30,actuator
0.2319113588077621,0.14592991282700069,0.8796675083197132,0.43253430423523465,0.5630590085582174,0.4858789406437888,0.9936632420979817,0.21738784534766575,0,98,tracker
0.8032410442765686,0.9459524484548494,0.7268520306321802,0.20750763682560305,0.12464076935123511,0.4709171093872229,0.4839638123012957,0.09083532998377977,1,42,camera
0.9032088864802171,0.9568868262319474,0.8067697290035806,0.5175899122761284,0.8073123387528772,0.48166213032910576,0.5174209453161112,0.2345932790275796,1,54,camera
0.9467801611247392,0.3991030722163793,0.8391603504148045,0.661467205089503,0.0879351562768526,0.7323446089182636,0.39366654246176597,0.4544536040725012,1,94,sensor
0.74402731469509,0.3298326652604608,0.8704450639440074,0.12535715880112486,0.025332011680770095,0.7015006894508096,0.20692635122213085,0.08949835162673367,0,8,tracker
0.20373091878932786,0.2865001053473892,0.7730093696303275,0.5510695664917983,0.011639555220330658,0.8060024986606532,0.2786346206042185,0.41956118954462723,0,88,sensor
0.6386012957995841,0.8072807246290278,0.8382583060943203,0.544648809943406,0.3065717763172864,0.8797162625679252,0.8027925217706093,0.47774667063208487,1,20,sensor
0.8709164361809928,0.8021647233355658,0.7659928754014074,0.23894239217249702,0.3517083383667269,0.6716072875422832,0.9949303232650071,0.1682867393359859,1,28,tracker
0.5875545811736651,0.6500538870738063,1.0,0.6057897721908575,0.08177949891088342,0.9594562910600039,1.0,0.6224052907770182,1,7,camera
0.7013309000931162,0.6428558379117502,0.7975289760014492,0.4248727855477439,0.24290112431008506,0.6687192590262302,0.49531632357825606,0.24959987900603037,1,8,tracker
0.8650856386140875,0.7853667165109769,0.8605744073373394,0.6552441160443907,0.02590242535103121,0.9665923771893529,0.7950758119206961,0.6546590266453204,1,96,tracker
0.8214141959117028,0.33662659051875976,0.8765115576347744,0.05665604150068545,0.63119107201422,0.6279620135975452,0.2355853302722644,0.03853377721674529,0,42,actuator
0.936586828342216,0.4855102442337815,0.7840455176808278,0.7415675428324018,0.005711149233090395,0.7348267160628346,0.20307477748250827,0.45861245623300734,1,44,camera
0.34584540275184145,0.2556939434427291,1.0,0.4942879423939283,0.023578655519311112,0.7122073804095708,0.39604432083544167,0.4160183784833036,0,5,tracker
0.622608467410068,0.9144708356641589,0.8598579799564333,0.8485192825758202,0.22199092114765673,0.6534016457322693,1.0,0.5514840225289884,1,97,actuator
0.9394660851298796,0.8860988034171083,0.959486279983699,0.19726226301441718,0.20149900745234156,0.7241301922663156,1.0,0.12805949854478074,1,11,actuator
0.955190261301777,0.2628362357381882,0.9657371314833689,0.544261849400057,0.37366917643457126,0.5922184224730026,0.38406016893551537,0.2886056547215441,1,1,camera
0.2822745713083213,0.17854137009177018,1.0,0.8382146514504115,0.03159926997041236,0.6427256262567815,0.5071443330552953,0.5080223214139256,0,25,sensor
0.9316147490029012,0.1936393129114512,0.7861109259405265,0.36784794054527215,0.1230371970175684,0.9487797533568544,0.37321793796478736,0.3287218979275155,1,14,camera
0.5970107770342188,0.7104820748700779,0.8940555371838574,0.31311029766305687,0.1777281606232312,0.5779570833542275,0.913812003596673,0.15986545428679932,1,74,camera
0.8002257935711296,0.9130147643226872,0.7558487919357626,0.5476818518123431,0.3138713985158348,0.6242165866753396,0.3703910825488664,0.3665567728110333,1,10,camera
0.9323939650271392,0.2861816071314764,0.8582584537064462,0.6824841698230447,0.2558626868635417,0.8823077481283,0.6553465256415133,0.6846133379429605,1,26,actuator
0.5689310334674553,0.7229660135498932,0.9221974476341555,0.721145888300584,0.009790502051904354,0.7688343158847477,0.22486609047156875,0.542712178339101,1,82,sensor
0.9612813230868134,0.26402422516703666,0.9285828300564927,0.30915636783436273,0.7814703496664842,0.6421077078177867,0.8703220332699629,0.20802140327819607,1,86,sensor
0.661340340944563,0.6617376245812007,0.8584003522967542,0.39022080300474654,0.24071883118897303,0.8917503890259374,0.30145139224005674,0.30793182026005633,1,76,sensor
0.5770843281969614,0.9919314721831763,0.9719709767186536,0.06493833587262308,0.3216146891083852,0.5092791656304292,1.0,0.03509747835958952,1,16,tracker
0.2830477303324065,0.03198288062387163,0.705030388977747,0.7397704257200316,0.11885946063020772,0.8832173751511049,1.0,0.6206919610628829,0,78,sensor
0.606013714688945,0.9283306349579552,0.7187110706730957,0.3821637034170958,0.657659821864582,0.6127740971927663,0.5743381126192115,0.2706202941754143,1,57,sensor
0.5521057341346808,0.35150479897879305,0.9884033110461746,0.7758813337862015,0.6935834909400732,0.7433312484260314,0.6775395675560169,0.6305671479328571,0,36,sensor
0.9100998539035546,0.7429856038477995,1.0,0.13922718271142304,0.047693758844274695,0.7944715281803378,0.7090032924486339,0.11148505441701329,1,31,actuator
0.2763181994159292,0.4889145536699955,0.9528986617085019,0.7007450489168876,0.18936255988926484,0.663580339842596,0.33164600729796423,0.5394167358847877,0,20,actuator
0.9812154674400287,0.6319270336085163,0.7743696650468331,0.7183541367024472,0.31168117965449593,0.5883682902305026,0.46495621099377216,0.3833980757294609,1,90,sensor
0.6580643247492853,0.7390204323635776,0.7699393646373228,0.8480110152970749,0.03636759300807928,0.9444446251601472,0.8296581039888582,0.7612605109643521,1,96,actuator
0.9995074621181821,0.9448842743005608,0.551909830232169,0.41546930303346513,0.47236451190804996,0.5991092749839563,0.3545883261665916,0.23760628860401348,1,14,sensor
0.690713972471179,0.888996925375026,0.8319659907233626,0.5341654747151705,0.25023689509432234,0.7871618470840235,0.6282654824871013,0.4855435830076874,1,71,tracker
0.5804046087096224,0.6657683365244422,0.9546435548073395,0.2005349538218928,1.0,0.45830024842143907,0.29540167872126,0.10062788809196871,0,61,camera
0.9329630630514522,0.9508065198775424,0.8414755490248609,0.39505103233363525,0.5470040134856242,0.5786378073760233,0.9160600282818399,0.18996426019018478,1,32,camera
0.7030636355735089,0.02309800717831013,0.9223753921565876,0.8358982729029167,0.3097133760376897,0.7723594418937489,0.028403751379967878,0.7618539234170792,0,78,camera
0.7525545180034131,0.4990382622386992,0.8065202077427887,0.7316568834301919,0.6210714538466794,0.6468612793579036,0.19361099870736606,0.5101610210306635,1,84,actuator
0.9447513358743552,0.9395371554402806,0.9695904213154041,0.3359861122686893,0.3168608552609437,0.7986583266301372,0.3954619402694442,0.2678521435478303,1,24,camera
0.5868634446880471,0.40430728164438523,0.970402609954284,0.3138027532868306,0.07334229377806696,0.8137216869018545,0.1591649255889617,0.24848311052640956,0,94,camera
0.4845682174984188,0.2721371361788342,0.7803253376954754,0.4897374598122508,0.11259460417209213,0.7986964348596334,0.7147901911244049,0.35844808890712704,0,83,camera
0.8120055282080838,0.6918475606266608,0.6801069971885202,0.4225215009447883,0.19041012710769753,0.5465908192543071,0.41541998405092295,0.2176979101528885,1,72,tracker
0.6618326423144597,0.9615798645699632,0.8458671193251489,0.5585493371788789,0.5238158364012456,0.6944458286209628,0.15836887627652746,0.39271412511649256,1,5,actuator
0.7363485261729781,0.7850389160022676,0.8708690688056936,0.7606378264219606,0.11266876341107401,0.6638686840856338,0.2959788176402006,0.5109629738599587,1,39,tracker
0.48865842795362135,0.6850128111714626,0.9737706147262063,0.8721630372688698,0.24427600819381756,0.49504699558688287,0.6581913398173219,0.45507043963012245,1,8,camera
0.8638230692346055,0.8560733554535608,0.8697714192997134,0.4519978699805077,0.020859648461771664,0.6148791137965074,0.271882688329311,0.20431301423917936,1,87,camera
0.4922905713728664,0.05293073536526256,0.6346392805163178,0.4392604343927652,0.0035810633080361498,0.6249761201998337,0.09975369960169075,0.23764881771450377,0,87,actuator
0.3180082254359072,0.4757978857667882,0.7341174747996645,0.6431067139268863,0.3575995433988911,0.6545571180282259,1.0,0.3744710563588168,0,47,sensor
0.29483640201430755,0.707879758362105,0.9485278554221103,0.2730395138703115,0.711347232326697,0.5063537263171835,1.0,0.13046603241945295,0,76,tracker
0.5350852973557997,0.10927654010430239,0.8600361430936607,0.21592496582028814,0.11048815634872473,0.2371844626604226,0.5007373514602576,0.05519954326277507,0,99,camera
0.6407745108311867,0.9048756121803909,0.8375812289002801,0.9019193664215522,0.06936261982860252,0.9217142403009109,0.08328948358545894,0.7229658812581569,1,51,tracker
0.3654523119785215,0.8365439176554521,0.931451735711126,0.3109224865141857,0.4308510908284598,0.8583093139922734,0.22820978143796083,0.2698126145455675,0,78,camera
0.7997800011523717,0.41328578700591684,0.8523193707209541,0.6413385416873444,0.03291045963505906,0.38007584280310414,0.23070290396170567,0.24133134282745317,1,55,camera
0.5289434975413588,0.5047774969912119,0.9436170247590485,0.13351381889046915,0.267696136924613,0.8155314149350678,0.28617866595557506,0.10536359052382993,0,10,camera
0.8988364633669237,0.2862663077428676,0.9270746584418487,0.5978524053812078,0.8040537703053436,0.6289859963855949,0.4146590824929255,0.3783884796025476,1,52,actuator
0.7768593537471848,0.7777903927595142,1.0,0.41304090484092415,0.042243385371362754,0.853572603165856,1.0,0.3691226557662417,1,25,tracker
0.9109848907689657,0.35855471352239826,0.9040770842320589,0.3083713274291555,0.11035511802474118,0.28230442354275154,0.335044143210904,0.07756248434039831,0,28,sensor
0.45391285252804464,0.6471078510109362,0.9811904686753896,0.7112241792560312,0.24339163815458315,0.9104821090764758,0.4176087314656007,0.7047088754795764,1,11,camera
0.748804453678111,0.8597165712962919,0.8483834621937479,0.6993628481200184,0.07315697488918971,0.8114123437039601,0.8186654965563385,0.5354944717634813,1,48,actuator
0.9572997806115964,0.8801437741498893,0.8667657513824787,0.6105652121436602,0.025234057717683566,0.7565238150877817,0.40719200483531076,0.4359265029306005,1,60,actuator
0.47036157187905947,0.755557215076789,0.8872926041026395,0.44987496769501006,1.0,0.3296817065689697,0.5999610262482142,0.15038959228654086,0,19,camera
0.3055150595539782,0.5528791338462816,0.9698286504164233,0.7764595354558984,0.7818635229119189,0.4601262227345986,1.0,0.3638464348973582,1,8,tracker
0.9767436731614934,0.9026675951282875,0.8908908981669801,0.25953248198856244,0.23377897708461032,0.7899937090666105,0.5626015499078121,0.20122207901049274,1,65,tracker
0.6025129367657962,0.16641586159095514,0.7993982285720269,0.33089558316512707,0.2812027887153321,0.545097512168134,0.4044603938600724,0.19677213197112428,0,59,actuator
0.47441352143854026,0.23960620124020118,0.9678863420876966,0.42522135449069765,0.13733084659050335,0.4729723106965421,0.3314122226542012,0.19707626716042287,0,74,actuator
0.9388447612225772,0.7766033759299806,0.9161221823692619,0.5650819597829968,0.33495944296162394,0.8678150034862171,0.3079925414716714,0.5333871924432894,1,28,actuator
0.9216346493083272,0.40918589306208086,0.8215151291323504,0.6869124218372995,0.3362844585704173,0.38413411962734545,0.7970583279388065,0.30341283687969317,1,71,actuator
0.972654863703469,0.9790623253164557,0.9208579735282163,0.23583012143285598,0.6873731141428621,0.4346172545712486,0.13954471119897355,0.11634843768464455,1,34,tracker
0.9100790394015541,0.6464888181196636,0.7474826084141266,0.3362158358042204,0.056876056821296275,0.5912998945496196,0.3971714091241194,0.17411312706401308,1,85,sensor
0.5157480088465382,0.253509755400889,0.8664755690759727,0.934268451568176,0.2826593313728335,0.42439179988164816,0.6955492314719015,0.37692207916328047,0,90,actuator
0.9573914052525083,0.8678985144757514,0.8181833131253722,0.7272281900768548,0.10619471961402527,0.8142663486748677,0.45951762156332987,0.5262324981519757,1,65,actuator
0.7457354914890095,0.4165554285908098,0.8335911154482618,0.6292091490184121,0.41738179467093345,0.5992037236363797,0.8953981058924915,0.36557099026011175,1,42,sensor
0.8429919898973106,0.7630535921791879,0.7196888242402397,0.8287429268065909,0.007274964661661262,0.7682632388380838,0.06350894045260572,0.681077089832503,1,95,camera
0.4950875680999202,0.19451062406841818,0.6620681338780992,0.2230070810277271,0.2790767621328067,0.6821026186025103,1.0,0.12696756447689161,0,73,actuator
0.5777028100538631,0.6633669163386344,0.9506387389824416,0.431364984001458,0.2173263170246796,0.4157571735649623,0.611318996601761,0.14013023180462622,1,33,camera
0.504299889443776,0.9336724393303345,1.0,0.4146308431027228,0.011009940693837294,0.9900585945332642,1.0,0.4287035460131788,1,91,actuator
0.7761805590030305,0.30232075146055903,0.8815466198834943,0.26264909806743175,0.22979718913509667,0.6283853931739662,0.4053162776336443,0.17660735031070882,0,32,sensor
0.7316887393653753,0.06544758878922491,0.9329663318894583,0.31486100987179116,0.219488367163403,0.7181487477699728,0.17549482709891187,0.2349511588852816,0,4,camera
0.5806800168130288,0.8298009977113274,0.9242408029576705,0.3003054829427444,0.567035319004598,0.6336748928117175,0.1435765891306761,0.16255564679836368,1,75,actuator
0.7245387002268844,0.9228231857121489,0.9488811891133954,0.42215224718265315,0.5351848766096041,0.5574504795175842,0.8235856617811916,0.21469957208415733,1,47,actuator
0.4678365499979738,0.22637329863442243,0.8674997072732675,0.49453941737150087,0.19041634510964917,0.8939665778318545,0.21002223086702299,0.44407243668400526,0,56,camera
0.8687567854924182,0.939506059504684,0.8118141348931317,0.4819609569721238,1.0,0.6698932091662273,1.0,0.3156856387762404,1,83,actuator
0.2613475849734863,0.17525395068003938,0.7944933871730185,0.7237814098162056,0.3319369561061706,0.7398041283002346,1.0,0.539686064222222,0,2,camera
0.6022892943998417,0.4236083762303093,0.8102506287280887,0.91973584537529,0.29586678010184886,0.881685144901958,0.6458649174025399,0.8170067771489474,1,36,actuator
0.7647919690502648,0.8547847043159232,0.6756478674241572,0.8380443600592622,0.12289172240413826,0.4442144425616016,0.6958769331000277,0.31843512845670446,1,80,camera
0.19351474813246491,0.24480856489397618,0.9503276858406686,0.6599964660827035,0.0031802465102300087,0.6951324424152802,1.0,0.5068522069418926,0,64,tracker
0.8070618410983607,0.7782224430533617,0.9402848990365235,0.14476188625720524,0.47192993453449283,0.7857764505490863,0.4610178723012683,0.11671417473396874,1,16,camera
0.7382485292106655,0.9576060060148073,0.9591375912741009,0.5447753308221973,0.07253420064281696,0.9274886771512744,0.5140433762170735,0.5601368139491347,1,39,camera
0.6830532220255578,0.7651383800096836,0.8327186873710498,0.42262376651060085,0.5464291253072208,0.20453831780530568,0.47580022601978444,0.08909977229434861,1,23,camera
0.29451482296940484,0.30295143340890224,0.9092412779355794,0.20641613501783826,0.0432139688975147,0.39569620123567795,0.9453125672661014,0.08690644512581573,0,99,camera
0.7192665788348435,0.09281987769897039,0.8767360589374118,0.019923014753468703,0.235122979638549,0.880823269975902,0.2992789802957919,0.018781286949660674,0,29,camera
0.845796927916203,0.3294746029844517,0.9174458562373348,0.07820066092533345,0.19390595394029186,0.5355180271552603,0.6685971770752064,0.04206305290325618,0,31,camera
0.8977993716980038,0.0032249897260027017,0.8402512673099668,0.8603418315100115,0.049994549726546635,0.7437011206007978,0.19592350856816712,0.6556319978456487,1,26,sensor
0.544255585924229,0.8432324528636529,0.7797827643041763,0.2313434941127017,0.543287400566807,0.7110980180369203,0.6546275180321837,0.15733185356773374,0,51,tracker
0.8639105866363815,0.21634183446686564,0.8905159273584975,0.2919757377363729,0.021753339516522547,0.4974504354006019,0.7571153366205233,0.1390300743718859,1,55,actuator
0.9443259264715632,0.21401010896884842,1.0,0.0971372063786616,0.12092350601823312,0.8073152610595008,0.2508521327901125,0.06300052633645783,1,40,sensor
0.9517377364635204,0.10930725278467165,0.7279462653224471,0.49576293181760767,0.16152810862512465,0.7251785962938149,0.4622517497225068,0.29038397043515823,0,67,camera
0.9334531312661974,0.3214320144253788,0.8317081846299472,0.5442014044139303,0.623816743342817,0.6210420752136414,0.12047256793246787,0.26915398570272914,0,52,camera
0.2208066065936536,0.49608821306864626,0.8287270458100127,0.38614924602529305,0.06747761038838869,0.887581840685891,0.24070322822493762,0.3347618806074434,0,38,actuator
0.7004975412540524,0.8444060979298891,0.8415390680225583,0.2719730811161281,0.06610173224146355,0.36676793111182426,0.30131529610320956,0.10395622465937897,1,74,tracker
0.9254557589770791,0.7408300882873633,0.8548306145544048,0.45507496398957215,0.2810784484460737,0.9080586440009539,0.2155913966501257,0.41858773268830796,1,83,tracker
0.7750856070021097,0.43132559807217014,0.8319484157328798,0.4745451282632803,0.09141183707368021,0.917698821447232,0.4085360373236908,0.36776064952781706,1,78,tracker
0.6938267337451799,0.8959372142435137,0.6719921201612372,0.29292731204997896,0.03848428044376291,0.5987378876642114,0.6502917085069081,0.18214219703282217,1,23,tracker
0.6427322812519813,0.37025364562827384,0.9863745076053829,0.6214896291855132,0.16863536499928558,0.7024831678414124,0.37569212120075524,0.49036996596426535,1,3,tracker
0.855003839870343,0.8939033014112195,0.885512920816432,0.8894018024258215,0.10436790625236816,0.5793339721767572,0.5036088848011006,0.5302804406952261,1,42,sensor
0.7419564574978685,0.9756518424545092,0.7090716508939363,0.7999065332643915,0.14354602173127184,0.7701910148701828,0.4274769779881967,0.5577034269364689,1,89,actuator
0.7529714411121082,0.6451559702306243,0.8857117995361995,0.6932309247577867,0.2238866970761416,0.7937771040064605,0.7754745523325882,0.5502488169080542,1,2,actuator
0.740853619574456,0.9998995029191388,0.8509950672204482,0.1942999260457779,0.007740679099828246,0.864567715306399,0.29696340489438017,0.1841045867559997,1,67,sensor
0.7510307655040626,0.2531534323075894,0.8231922244937827,0.2854242333811797,0.41526784557250485,0.4572771372086609,0.9461286415355761,0.1274287127502336,0,3,tracker
0.2647937770600186,0.21186695180514897,0.8616830992586045,0.3837022658593312,0.4650255351605887,0.5454432781021028,0.2629302389460836,0.15663275456280942,0,56,sensor
0.2908010864819245,0.14514094032038924,0.8691278258259533,0.4155499504934438,0.37471621217555606,0.12310136591061184,0.6579541010169445,0.05941504748135342,0,72,camera
0.8026976565562715,0.9422205676056082,0.7487549363938228,0.4866519833943932,0.11985189408674779,0.5930076121103995,0.39349702807383685,0.26048832563736884,1,65,camera
0.7499326457592224,0.926692129129499,0.9688484477803715,0.38654681507772526,0.013488228895957086,0.6728050692132465,0.4659080537675466,0.2403994692426117,1,37,actuator
0.37066816923325024,0.9824588615469602,0.9286298253271721,0.04573968826016227,0.3493819935059525,0.677933991119963,0.9122807361237253,0.03182854616231781,0,58,camera
0.5266613569074099,0.3581956512198756,0.9155103456607009,0.6849357703110016,0.4964297845395163,0.6748695290812272,0.31556623032939596,0.4555526448996371,0,62,camera
0.7406013754210528,0.750665461806745,0.8606276856960139,0.6784702049431182,0.004678448527091551,0.9079881241132415,0.25578794694267065,0.6615797532466784,1,25,sensor
0.9909611246842356,0.9335480847638444,0.956392756451916,0.7040598036598564,0.25247632524225655,0.23478946226478345,0.5450718795738111,0.14932569661184503,1,61,actuator
0.9093707356043085,0.38210789856467864,1.0,0.3858021345179103,0.09028171587956438,0.8292105840169933,0.9211301201726059,0.321177982887635,1,53,actuator
0.9944925392652498,0.850712639028337,0.834639073278324,0.7737764002839612,0.05983429821712973,0.7164719075054369,0.8347307293582843,0.5241579498095587,1,53,sensor
0.897047883015364,0.7422187238316332,0.877018905371936,0.4412940426131156,0.14677236402215815,0.9492992133602244,1.0,0.43375384190748645,1,78,sensor
0.7687205194698413,0.3922448100318923,0.9282934210864862,0.11362686532013125,0.0898095950424167,0.5992753786450933,0.02858270150980021,0.07467052021535482,0,99,camera
0.9543075670036516,0.8773474549110767,0.9489216181159302,0.24022558435437086,0.5132421309744658,0.7664289619155601,0.6294128363326829,0.22176673053110219,1,20,tracker
0.7834755389664809,0.8375162848614472,0.8803746371704552,0.4723883398645719,0.03797709108853056,0.910827217276515,0.6236483202250577,0.40572535093629286,1,84,tracker
0.8318340353361023,0.9771133191148451,0.8423784833289657,0.7040750975793103,0.03705956900353899,0.7202493718560925,1.0,0.559020424377687,1,91,tracker
0.8900415045266796,0.7290832524854342,0.8445457962702236,0.7003770241409694,0.07454912750508029,0.45358594871492736,1.0,0.3444900048099683,1,27,tracker
0.7572745700969082,0.9815017481048156,0.8794818670829229,0.6715970261007067,0.4666474993860201,0.6413192473970829,0.14105775830367265,0.39566056507091657,1,91,sensor
0.29400423264749076,0.2804364805026601,0.8934370530622717,0.4259860872033107,0.07942969030314669,0.8628834753864533,0.48564005013693207,0.36375233143954344,0,64,sensor
0.2561983847449323,0.4928912452506951,0.8761684194566441,0.42292030120936963,0.3869364255237448,0.5446539042326978,0.2151361798625887,0.27124229158341223,0,80,tracker
0.4357160501212902,0.8975420237545138,0.8698482045893909,0.6111146858530537,0.1789336309784669,0.7973782631570592,1.0,0.49441108548456564,1,64,sensor
0.9231691261354956,0.26670420245706083,0.8022519957752018,0.8384374695927713,0.16984439435512733,0.40922400548333154,1.0,0.3070085971300939,1,85,camera
0.9263149009331455,0.11903905151427938,0.737152925822239,0.7349381436667124,0.263813966435939,0.7335915173419032,0.14058936976165942,0.516466079939578,1,41,sensor
0.6693414381018788,0.993756210097457,0.7796426792300595,0.36332963218822045,0.006308588905495726,0.7255050388975337,0.31440185700599965,0.2716685778801193,1,11,actuator
0.6087343392869708,0.5502510502433327,0.7346777874061081,0.5300430443045788,0.04591989704445023,0.8498436763228924,0.7644656688836343,0.34494548299580313,1,49,sensor
0.599721172585643,0.6718320806790009,0.8779659029662364,0.8894925654343911,0.10030940061984314,0.9298564401751407,0.06224264722650419,0.8296567551943556,1,41,camera
0.9396807609345301,0.9303884681716733,0.8865540668547512,0.5303832529853857,0.19084151419782308,0.5170900149531505,0.2683466706436671,0.24773573770586688,1,33,tracker
0.8836122241929488,0.8737310690859906,0.7735817971929246,0.7441390575691335,0.6004230440430597,0.7610080582506531,0.05760155521578496,0.5472357308722913,1,93,sensor
0.7508780793825981,0.757385911019072,0.972376132656849,0.4121043918222104,0.13016403699545606,0.3686870246753984,1.0,0.13076214290214774,1,62,tracker
0.6506289446351193,0.6901748537027204,0.8664257515696139,0.30038980741049176,0.04172581002337796,0.5788428076740724,0.8359520709984362,0.16938262542851681,1,27,tracker
0.841962797706916,0.25511204410200183,0.8244031940640819,0.4545724721990655,0.04185944065194176,0.4510270015746657,0.2682675542727486,0.20800662536756467,1,59,actuator
0.7124015739195773,0.4265255390401116,0.7654557315824225,0.14030684637054336,0.23583482696553187,0.5466586868006839,0.5616706159322115,0.07519734489657455,0,96,tracker
0.7741661721531282,0.3392414508875182,0.9453303531537527,0.8393039303867669,0.20573156401709186,0.9321932443688458,0.09325968303269645,0.8088356321530689,1,79,camera
0.7266696727445746,0.6277924151041012,0.892202890658038,0.5153428628594444,0.13621218745210834,0.9418169739595346,1.0,0.47534166829888924,1,44,actuator
0.25939178919957484,0.2680903200986141,0.9284586539771161,0.12096606333327359,1.0,0.4721069551436415,0.040500383139398695,0.05780974316817466,0,70,actuator
0.6536899813049446,0.13131717101948565,0.7596687501828784,0.2427710416696934,0.5995632256102071,0.21193307089977168,0.3216023127484363,0.0529756105738865,0,86,actuator
0.4984670569165109,0.39563466909755574,0.9256305359218175,0.6257301401821245,0.4431998928866099,0.2905905953853506,0.5199338534985807,0.1857747179534909,0,10,tracker
0.6405520922901962,0.47173903839553716,0.6650398278113954,0.6693796123571144,0.14599641241367553,0.7932919161320398,0.2048170471580887,0.5055321125324509,1,14,sensor
0.8035195820955265,0.5088695409933176,0.8011779774187272,0.759119353283657,0.24318366969885016,0.8845940730907518,0.8345310057161598,0.5984865733702284,1,51,camera
0.5417247302575656,0.2433630772073217,0.8368194104425677,0.4541812241959758,0.014434080728226098,0.679146596106544,0.5901919990573632,0.34472712459908494,0,87,actuator
0.32848193079082827,0.6560315658324167,0.8245647049107243,0.9283473570888271,0.11151647384470023,0.9466076890918084,0.5948261165760071,0.7668576493168517,1,93,tracker
0.5822220317407323,0.6766925223894455,0.8604199038117479,0.2708601767274178,0.0835292835731041,0.6987857665559323,1.0,0.1823484749707417,0,97,camera
0.6742237000571428,0.9290453682310512,0.867736329200423,0.4690936945711128,0.013583532035939705,0.961375148729426,1.0,0.4701124674438381,1,76,actuator
0.8410223277135144,0.07557230882539542,0.9930636162455615,0.46758276335698573,0.006899264873914371,0.6631050738873927,0.4584960690825235,0.30849299708852584,1,48,actuator
0.26037445600607734,0.8976501512558972,0.7022736927487687,0.5450068845473415,1.0,0.580558820028644,0.1771429218823615,0.3421559979952454,0,94,camera
0.6805763677093002,0.9704453013749876,1.0,0.43318374120562947,0.11326089909748482,0.6901930993177902,1.0,0.30583319319353036,1,89,sensor
0.8971034862640023,0.38264495016897715,1.0,0.7410717032329199,0.37120251680967425,0.3832739275427828,0.1842282133517993,0.31635429255603054,0,11,camera
0.27145065551870906,0.2635815561409556,0.8833500975926106,0.49845182301086793,0.507471541474326,0.7334552247978173,0.4243048799324178,0.32460094560331193,0,37,tracker
0.8875261594862155,0.7551344927583131,0.6739645664428342,0.3228460953540414,0.29105460233991776,0.8165414648141103,0.6870470851493574,0.25642211960823946,1,77,tracker
0.9695406682815736,0.5201567122212326,0.6886627649518122,0.5897315186072791,0.7599651045257211,0.7013009320404726,0.24831850221804924,0.37050139042802355,1,52,tracker
0.05094430681094591,0.19399566628052434,0.9662400512963958,0.539588995543721,0.2561577164513977,0.7652712962134413,0.7201386581473899,0.38018436181886256,0,14,camera
0.7721834580533816,0.9004053276256355,0.8779099298990901,0.18957859434353028,0.33807216099374005,0.3496053542243035,0.3928923890367928,0.0753096634711201,0,74,camera
0.7392000128205467,0.6378746932015616,0.9997204221013813,0.677574477283566,0.05002074569845092,0.8755827166103598,0.9742915229422686,0.5408044567082464,1,83,camera
0.4334572338662113,0.676288071858507,0.8849676413122176,0.6784565408330323,0.10607445390140388,0.9321124369366832,0.21024968646043352,0.6863498315381944,0,93,camera
0.31888910404632204,0.5061323908187737,1.0,0.14363356591520252,0.01709764521955618,0.7481774175760469,0.7316236367768577,0.10620867642577213,0,56,camera
0.5488042803529893,0.7567953937138466,0.8337073702892338,0.2390084566643052,0.12763804127796674,0.22872144015708004,0.20166873951596878,0.05486702224754747,0,98,sensor
0.5698740938700769,0.5879637806561421,0.8901338317032359,0.7982852417030388,0.1606934170217188,0.9130067466704145,0.7157396937919867,0.836299715646446,1,79,actuator
0.27775366983703237,0.2479357294428387,0.91386387586223,0.7309249923857306,0.47213894761087555,0.3917402827725754,0.13165300731294372,0.2904656145930339,0,80,sensor
0.6448273489604882,0.937235895104937,0.9640653309600951,0.5649488473305215,0.20331315695487678,0.5872337310070914,0.30651218096678073,0.3367026064583317,1,41,tracker
0.2430172897271377,0.28359961152873314,0.7533625001341484,0.802964659173342,0.11353195940280181,0.8273005722555777,0.8279196100766003,0.8397394335759832,0,10,actuator
0.8319768130906607,0.1342999265832453,0.7987635897300652,0.27272843377256994,0.439073490924779,0.778815483401112,1.0,0.22631764013458533,0,57,tracker
0.8433267407826163,0.6235473279918429,0.885650051733948,0.43813314621217014,0.7679042629609139,0.760301944425708,1.0,0.3381717207429804,1,24,sensor
0.22343339488981093,0.275592150915603,0.6933144726552232,0.935119278570086,1.0,0.1989265011432037,0.6005177040123898,0.20240984761200342,0,40,camera
0.9985015538337826,0.8006662958960105,0.8272619845230731,0.6970160704246534,0.20704852128149817,0.6257154208920997,0.6370442035470927,0.35961890291910675,1,24,actuator
0.3807459095612002,0.4086989723075558,0.9703679122575541,0.4264767678591631,0.047658760150384054,0.6988390028516154,0.31048384058508827,0.27062341764423464,0,63,camera
0.8026376182086373,0.25717132760589834,0.7226848235818035,0.6166246556777341,0.015235738401681177,0.5647913152841718,0.9740788048214467,0.39901686430827155,1,90,tracker
0.6367519283443398,0.2227307896797473,0.7410139491674989,0.35716130406735075,0.9390461531906464,0.25823440202515796,0.8327858223720188,0.07252669973229718,0,49,tracker
0.5664844772131913,0.056405732726137706,1.0,0.2966447310423082,0.5573196929322334,0.6081501433689078,0.3200030421743449,0.19871848599250658,0,20,actuator
0.5444744656540611,0.5266549572963886,1.0,0.36244029954967016,0.1853274406313746,0.8076691697926837,0.5222105135506901,0.23146067814935567,0,29,tracker
0.9547368115878586,0.5944865690792768,0.9280665398093952,0.7383744498131548,0.28398858524404175,0.3659943548133691,1.0,0.26419577512642156,1,45,camera
0.6057233075367,0.4423352071282156,0.7812903240302717,0.6037214602940377,0.18777937390147156,0.8088168639355577,1.0,0.48362473247874,1,95,actuator
0.39678145028628375,0.8362223393449886,0.8183411254594262,0.4966910250022668,0.025231387325441123,0.6792930375947023,0.7746198106227943,0.37584407848230245,1,93,tracker
0.6830589910724866,0.14382398359320755,0.6847596284582447,0.6443363224582811,0.039784419517127065,0.9477616509716641,0.8377300641224198,0.6865790550245364,1,61,camera
0.8809528840103915,0.8218303651522134,0.8074661862960564,0.5335146659802124,0.41833870332383627,0.8428984345912499,0.12847025095208342,0.41468518246738206,1,53,camera
0.609256317973936,0.5947000914269772,0.9175069610274799,0.5515630680058601,0.19612200353865794,0.51671006918484,0.45359100998059965,0.24582215204397806,1,97,camera
0.690803241112213,0.7282263870460332,0.8136040751683453,0.7094649801234537,0.3995282504581331,0.8141024968193168,0.05804590344076652,0.5767224546616048,1,44,actuator
0.624725345307802,0.5117586631743094,0.8169218592021181,0.19323161188072194,0.7839031856344284,0.7460387664308549,0.2035553851789685,0.1592075731278344,0,25,camera
0.5580043923924553,0.8307872398821906,0.9366888235403663,0.33331785490732796,0.570935929802368,0.7775378837814934,0.2975999119990595,0.26224574058649625,0,86,tracker
0.9201190868072395,0.36618073990041966,0.7531980763601548,0.3153613665654178,0.01820825152186295,0.8109921474270965,0.6585832662112494,0.27623907534139197,1,69,sensor
0.969985282205317,0.9790480762874278,0.7274687270123492,0.4752528353080103,0.058356852347210955,0.8440859311812963,0.2352335949741255,0.4927070120298687,1,10,actuator
0.7634030696568144,0.7709290837288522,0.7586983099009312,0.7883424935861475,0.3426449037707417,0.6886196713803489,1.0,0.43725820006987964,1,19,camera
0.7498935897925557,0.5756802534658539,0.952178501921667,0.46596140166388433,0.5378368127611278,0.5101085456393949,0.35606324499196174,0.23779085817209988,1,82,tracker
0.4450625836238572,0.9262084216722349,0.9521721397915262,0.22586476432156766,0.7525324017226598,0.44390953295664876,0.8461761463948352,0.11817559744183821,0,13,sensor
0.9051459251909416,0.5908283274212681,0.8867189070870933,0.2896931878521147,0.1407572050472588,0.6821384105224187,0.9825070460089165,0.1934267213840135,1,83,tracker
0.4288279218535904,0.45870116362541385,0.9779812775039849,0.7874637855034367,0.09162973800401057,0.6400295079761321,0.4336161290656308,0.4614948991384901,0,42,camera
0.99306988488594,0.9688138738000152,0.8603543612685567,0.5987641736075744,0.09804234976390498,0.6925608102169158,0.382098914498816,0.386223233025868,1,46,camera
0.719994575078104,0.23857127323609717,1.0,0.058320626604694635,0.017785558534458578,0.511653294340528,1.0,0.030345321250472387,0,81,actuator
0.6200668965819945,0.8178972562890425,0.8073666530583846,0.18527273294900629,0.0268599660321314,0.787956488223998,0.37511978955313324,0.1403645358082519,1,55,sensor
0.632028362586958,0.7274077941710432,0.7123756726124348,0.7433397481959839,0.1965345114927337,0.3500425555922959,1.0,0.2371155794576921,1,47,camera
0.9031733427055505,0.33250711413871487,0.842655492659536,0.7336193763891496,0.0751108091237463,0.6313726323545927,0.10655523928488646,0.48665972849328276,1,41,actuator
0.9908237591067547,0.9443713390658436,0.7676374827105599,0.4662007627219421,0.04048210037669052,0.5696064924992786,0.24070708104609623,0.25972827900427353,1,47,tracker
0.407539636630364,0.9228927858437458,0.7968015890083955,0.1065177293488727,0.5764267552500973,0.5265902434877271,1.0,0.06848440610935895,0,22,tracker
0.7138627333256701,0.23410896148366736,0.7381637219943991,0.6192808047558701,0.011919353343095584,0.6947895388968884,0.5019078008534278,0.39484525020798705,1,79,sensor
0.680625078674147,0.8552707765670294,0.7898528613941478,0.213349197670537,0.3127711017390026,0.8004577913238976,1.0,0.17250978812147588,1,45,sensor
0.868042957431672,0.9379137400303625,0.8721053944443445,0.7779861719176958,0.07441468831980194,0.8622830302233575,0.8446306927986218,0.7118243625516238,1,86,camera
0.7144223321735574,0.6629770559040696,0.9743485919414413,0.4652055666029189,0.6256748680996378,0.6439864377302027,0.5436293312935422,0.2780511444979497,1,69,tracker
0.49596769006980596,0.7270947338314031,0.886259215799818,0.1485848398337854,0.33254744867434843,0.7252504949548164,0.9915953048523088,0.09774650083731423,0,90,camera
0.8641747073237607,0.6960686540692382,0.7891340076578225,0.6617708654046628,0.40387810108943806,0.6986179301287866,0.11594016324088036,0.4667436940676981,1,86,camera
0.9454412569161594,0.7710623803929155,0.8258010918443437,0.7519661203829843,0.1155075223857011,0.9518362323429765,0.2097525807112085,0.7197489003689913,1,12,tracker
0.9567526990559172,0.39043436394577136,0.8656471005629011,0.5336183875528688,0.3898337732886695,0.7816245690847035,0.45541485919399693,0.4263116262994394,1,7,actuator
0.9707161693543093,0.663276782432316,0.9402758428147254,0.8703701659109044,0.26501052334634173,0.8618112506576249,0.2789795521016451,0.7852817958999059,1,96,camera
0.7743904248395863,0.7323256430030197,0.9088848514295892,0.6210184204166795,0.13356659128412796,0.5950577290641373,1.0,0.380216275813987,1,28,actuator
0.6872828582511026,0.4399438770704858,0.9804515754829786,0.5606160144527753,0.007078459626291747,0.7638329815100222,1.0,0.36833373263713903,1,86,camera
0.7236619022906602,0.30944069404295893,0.7865524142129177,0.5247058953240632,0.5982559665048232,0.627245929701963,0.339417753185794,0.3455475297567041,1,32,actuator
0.30030860737780457,0.6025046824051933,0.6728152088819158,0.5855626086298688,0.09447819492050354,0.9117040836763783,0.629126661102338,0.5449829438379368,1,95,camera
0.3272662527793576,0.1119472036198339,0.5832205817466499,0.6068074931098221,0.17957215778890342,0.7432868746826479,0.6936259957862251,0.41115758218481574,0,10,sensor
0.2372520579151554,0.273159255258756,0.7747827565716826,0.30429506464152783,0.07477695042423904,0.39861053526170276,0.34891304876420753,0.12408880648838147,0,48,tracker
0.7949675917778456,0.1302199983459034,0.8945280586406583,0.6878246188204459,0.21851488403312885,0.8381301496741926,0.5086952898316185,0.5333218439326523,1,79,actuator
0.6268827261779767,0.679840824681553,0.9035018175503425,0.09279855234998127,0.3060273506539154,0.6567078126664535,0.23619469597839088,0.0565611376692995,0,15,tracker
0.4508347606702167,0.20951479746038174,0.7061689425792819,0.7684915943588079,0.042473299144676534,0.5992809013609367,0.3096768677311867,0.5095870996126014,1,74,camera
0.8727700446707616,0.2246284175713708,0.7981514893334805,0.8851435173765918,0.1596404018562882,0.8219194158418208,0.3725852400856216,0.6740926620046488,1,69,tracker
0.8334778491601247,0.6352827000061937,0.9118371211155717,0.06984737190783243,0.36922757474071544,0.8023300889487956,0.9006428888959739,0.055620264259100625,1,22,sensor
0.7518879995681156,0.2724919229528953,0.6916216282885111,0.5970177865837772,0.12033000111893896,0.39201470514536896,0.38574468735953066,0.23324520924920333,1,62,actuator
0.6945568396731905,0.03761011565626323,0.8612193571314064,0.787676725489051,0.16745269128627754,0.8923192722411812,0.1336869091525961,0.6964701801016661,1,33,actuator
0.26686228322867683,0.6792577787146247,0.6477678404534175,0.7374872777598016,0.6525442060715282,0.45647324425639235,0.24716820950239543,0.36106812570230984,0,61,actuator
0.8557032828118676,0.7764735665191139,0.7758682720841259,0.3323654819765548,0.545387892417966,0.48123404911008105,0.3163656903898758,0.13082687381456287,1,43,actuator
0.8578608447581139,0.8911259272198848,0.9391743488939546,0.7830737532171153,0.014057774791366776,0.7469944038672436,0.08709165129067786,0.6498255749267288,1,96,camera
0.8850618074389622,0.9995716967343394,0.8947668068187558,0.8413895177827566,1.0,0.6586631261962095,0.34444055352149844,0.4186209642414534,1,67,camera
0.6475992817051247,0.6540988975549828,0.8993343962194827,0.28868589682919404,1.0,0.6693383523274244,1.0,0.1987210983556272,0,98,actuator
0.9190257963939475,0.7414175374676302,0.8907874091776244,0.7942004215772007,0.039129537683650406,0.6796101876324104,0.6281116751977007,0.5955337380205599,1,82,tracker
0.6352080620403378,0.6072508629705518,0.8348281262049579,0.25694122288256005,0.1647177174279551,0.8150869898147095,0.7694983589206897,0.2567269214344009,1,60,tracker
0.8483267613778981,0.48435662894743936,0.9104172570920508,0.22411667141486138,0.02492756997454422,0.795300661048594,0.819969536698447,0.18580453438411146,1,73,camera
0.4969813757613731,0.7774695072967415,0.9724425908116254,0.8540896263732639,0.08358691846492472,0.37058264909726363,0.43951913328733955,0.27441076209806126,1,97,sensor
0.13259955743413368,0.11328146947521801,0.8415423203266316,0.3432697499413995,0.1287241488959408,0.7663305666011887,0.48224187156934517,0.3035951753005018,0,24,sensor
0.4148908784595489,0.8686709144570675,0.7426212150370541,0.6348740322777839,0.37645191280759854,0.827613513365434,0.4995183784576459,0.5410503586956954,1,32,sensor
0.9788162836278961,0.6010076929311592,0.7528459865233711,0.6717532026979683,0.05046883122644254,0.2649037600361632,0.40256305716578017,0.1899179033844277,1,9,actuator
0.9406274775545789,0.6176242043657851,0.6854203222507984,0.4460261810213184,0.2059122198443067,0.7436816345124871,0.6035844464083409,0.35394594682602637,1,82,tracker
0.5392019725784727,0.9808342600065043,0.7175677514324516,0.6502981201042234,0.26240803706896265,0.6793012026307687,0.21876129130391544,0.4270358513835694,1,96,camera
0.9806591157308924,0.9766600028423483,0.7656239799970523,0.44784355436116124,0.12758143152249524,0.7881458992580166,0.8822425617043582,0.36718750822245366,1,91,tracker
0.9011428239941274,0.421515883021405,0.8361095334330144,0.5549603443476864,0.11473017435607417,0.6734809684495476,0.5696903218177514,0.3065745158415773,1,99,tracker
0.7178559926681126,0.9872464052891639,0.9704503135513367,0.7119166368697506,0.07671377562620693,0.9293085597931338,0.394962116824451,0.6557193538055813,1,57,actuator
0.7500214780581546,0.6995109670731479,0.8811159831453217,0.4607428593588358,0.16875185440703558,0.9408744863117889,0.7695250161058256,0.45841428420112207,1,38,camera
0.5132275180016918,0.20879462935993354,0.7991125180300567,0.1940537012174141,0.11461784031780693,0.8798316041523283,0.26968576156150914,0.20043366966966547,0,18,camera
0.7363563698319696,0.5520138546722942,0.8662969109730768,0.9199628150359466,0.0022644139466012885,0.8671757407118459,0.32718282316721675,0.8040648942643027,1,34,actuator
0.5398294982796672,0.5719433757290534,0.9610973429059775,0.3486649586316454,0.2738607880776587,0.7321048702105105,1.0,0.2384194678964087,1,57,actuator
0.9503862338065083,0.802941478100766,0.5450409203241756,0.5835956117313549,0.05976102694148235,0.7525310489486602,0.6798750234308454,0.36401286797982796,1,34,tracker
0.6296061462715397,0.5902543303111012,0.8855592304207425,0.6821336759304096,0.13059470237877244,0.6204465888647642,1.0,0.4985229092769886,1,72,actuator
0.5642645900203591,0.576234136114952,0.7979058660475418,0.8431302106664267,0.020256508171440903,0.9278475446594845,0.5714506334990564,0.8726134843996286,1,44,sensor
0.8851020752425734,0.2058104407023013,1.0,0.8372668657982425,0.6725474150177141,0.5700721428334411,0.623832151384383,0.45868323918119785,1,91,sensor
0.9928368344650995,0.7015718896037737,0.8946411960601965,0.3500126205147872,0.6000667687673531,0.6760496429668053,0.1065840185263628,0.21497351030066453,1,78,actuator
0.5188700260225269,0.6171561085569129,0.9604323156030956,0.5516847113529038,0.27381405326028585,0.5481381445398248,0.6034481843957747,0.30850102797711226,0,61,tracker
0.7018663715495856,0.3066836615214757,0.9572182973145296,0.28018881261385986,0.1345135614194493,0.7198553417189905,0.7567713712769691,0.2270194160347801,1,13,tracker
0.9920575252285935,0.18408687454005854,0.8904921335232884,0.612412822239666,0.05919436765749277,0.9192985113782832,0.6810279960692956,0.4849948571631616,1,63,tracker
0.344643036754733,0.8292540809801869,0.8848858225255027,0.6715849119829828,0.019231620131512632,0.7013632740615051,0.22861606670667117,0.3856367185504477,1,21,sensor
0.37046268403399285,0.9164907052667574,1.0,0.5918340808893073,0.1232918553242042,0.8764165990344761,0.1258267336303262,0.4923329429355125,1,47,sensor
0.14536872852273808,0.8964007721821301,0.8770429555503958,0.6644005594899562,0.01880167479276233,0.9689673188295012,0.2071290918847817,0.6861451041373817,0,55,tracker
0.8637233476905266,0.36966312876623103,0.9450747860132181,0.5845794304015534,0.09086531366018291,0.9636993936473247,0.36037741799368384,0.48928836823622757,1,59,actuator
0.2872298259743587,0.3384791573749048,1.0,0.6873213362830897,0.6092311993025967,0.6849027337386553,0.49452495455231477,0.5876195717518639,0,33,actuator
0.8343497351401574,0.7122910584702256,0.7867140576176773,0.6774188559249902,0.23783341070049038,0.8389961519528878,0.20603959984217823,0.585238041065951,1,66,camera
0.3528640189836928,0.3229313335280169,0.9105755498493402,0.38494905527083856,0.5569828415839314,0.4339612583190123,0.47499603179690775,0.17350178249195616,0,18,actuator
0.8747833987593293,0.6379757895653664,0.6949885877495668,0.5952239585282152,0.03154911771555793,0.9541959058404953,0.07960874268074207,0.5846324679720586,1,68,camera
0.7257577544050898,0.344401264970379,0.7795466113251007,0.9269468900134743,0.06998629109304791,0.6371615052180691,1.0,0.5563489092931108,1,2,sensor
0.7244995784399072,0.5811597015408924,0.6328349394888093,0.3992585777733615,0.10648547650625413,0.5179152680897915,0.20905430733432515,0.19897893945766534,1,1,sensor
0.6611533849100564,0.9368893687035716,0.7708406572645452,0.5299973286236411,0.5913212161172962,0.7703263412734137,0.46535066327983476,0.3999014060334193,1,93,tracker
0.5880295884460539,0.7667937159540695,0.7630758131534785,0.36114153290150663,0.26039148717800914,0.6711054073389469,0.7612481719336613,0.24141392588460256,0,83,camera
0.7678952469635703,0.8745351981180253,0.9431636521676022,0.4963201941160583,0.5141083720570692,0.6235120467769011,0.8680449258355653,0.3313129938317574,1,3,sensor
0.8131275504991736,0.24109803848671477,0.8248051123089346,0.5613231854904845,0.0521977105817769,0.46962892996613176,0.5381973661866846,0.2450277437598476,1,26,camera
0.8089375612419651,0.26155398140195524,0.7436295010936521,0.13308377200946972,0.10411756584743267,0.14119436935543442,0.27820533902792804,0.016661168183274604,0,99,sensor
0.7045718277537394,0.49025275177633754,0.8810117339429775,0.8118865532983416,0.4381510050464274,0.4263415248343913,1.0,0.31691761630068027,1,46,tracker
0.8852701319558829,0.8430309422431711,0.8924350040425271,0.5166581043988189,0.3912572895106491,0.5373931406849327,0.1786721957067599,0.29964791600223833,1,77,tracker
0.7119319885726285,0.6109190674519699,1.0,0.28258584848029356,0.07648754541938366,0.4605734255197578,0.1904782751600236,0.1340439725869115,1,3,tracker
0.37161611045011506,0.9144183473764196,0.732134785975445,0.4472769088911995,0.6097919301114347,0.7496603411219263,0.723024840031917,0.3182477641528909,0,46,sensor
0.5241589214079763,0.5127303086499938,0.8754713754136728,0.1296967877811184,1.0,0.6505326406603934,0.429813523016122,0.08921226225788746,0,70,sensor
0.5482653876142791,0.43273955999557195,0.8381753362435639,0.7639283955694652,0.7133193983088919,0.6343830277951772,0.4123087231937215,0.4817247172609796,0,14,camera
0.7325582995352955,0.2131849175588013,0.8945800774762028,0.3640623509044273,0.02143199821860781,0.9795363217991783,0.20298504095435302,0.3785054040848929,0,96,tracker
0.5913816980003913,0.9603287272235023,1.0,0.4642705357250008,0.0004895626767992056,0.9042996034242659,0.4588811531211964,0.4606481840606309,1,82,actuator
0.34626583597530036,0.40724869409190945,0.7779565633221225,0.574231408372956,0.5548280178371725,0.768183526163375,0.9938446125335012,0.4246505398916812,1,40,camera
0.44368021476141906,0.6334715194866265,0.9551761514399663,0.5701208036846005,0.707574168565703,0.4233594882571574,0.6538632115339994,0.2707866257400395,1,39,actuator
0.9613200395979264,0.043152758003728996,0.8951150013890635,0.5938669696273422,0.03928942075429431,0.9761132880476371,0.30788542681588477,0.5162534707425797,1,46,tracker
0.9543533535086166,0.8617805008141398,0.7652396460128456,0.2915433055389624,0.39023403166166915,0.7370806239862788,0.8768550133118934,0.17640753198201203,1,93,tracker
0.7399614474263074,0.4038313993754213,0.8402749149507845,0.5158397159808272,0.1473059898936219,0.5175858148431991,0.09886402261097864,0.24394558161502297,1,2,actuator
0.9906928871428485,0.11901112265449779,0.9413536529573316,0.5323716270502299,0.1315850984529771,0.5898196539445254,1.0,0.3348448640658225,1,44,actuator
0.9126695347376603,0.6224238437772538,0.875526997813735,0.23795764643579412,0.003880275393470961,0.9181863305218645,0.2749446984807152,0.22435646591250902,1,63,sensor
0.6260003175091634,0.9467342133261254,0.7667527183837624,0.41439794211547226,0.37934604685841855,0.42991102329865927,0.32865221900982594,0.17131435444911322,1,33,actuator
0.9896328130538088,0.9377128052990826,0.7691188169369667,0.0861792845656755,0.34113933508276917,0.671754859571431,0.813347664229413,0.06440142717782522,1,17,camera
0.5034805968439167,0.9502698079791361,0.6656708923956005,0.9504916693587204,0.07147925115779313,0.509835464977512,0.240282085086552,0.5503337192977958,1,78,camera
0.7254239313347411,0.028952325946209792,0.727116319802294,0.5042891518366085,0.6093002291680367,0.7016921997532738,0.5702456952339736,0.39988724631155154,0,81,tracker
0.48066526631382755,0.39861508683637875,1.0,0.20749117842292414,0.2515072000085312,0.5670049352242771,0.7389949131312173,0.10835531891376027,0,26,camera
0.9181059803876356,0.1635411384685603,0.7822047089884642,0.556434888657339,0.2564000655391684,0.3823432319458403,0.6206835100087674,0.20191602027512104,1,66,sensor
0.2094380676484899,0.5666902260118358,0.9468729682158483,0.6210387198281816,0.10950529258632172,0.7417769109450199,0.37770599252377624,0.5303479326352475,1,79,sensor
0.7151916528751004,0.9592134357518349,0.8155248383972769,0.9204187103432359,0.3358449610805684,0.586865820848293,0.3756825217470386,0.6092282857310614,1,56,tracker
0.8442340181562421,0.7363642340395942,0.8947467427939345,0.7561922069937883,0.04476120364251525,0.9465017465152008,1.0,0.7140762557536,1,16,tracker
0.24443140178650855,0.1324847575423236,0.8774398489032242,0.24058866458742148,0.4207960442998509,0.8434567497673293,0.984817642138829,0.22917959120745032,0,92,actuator
0.6236733097277746,0.5441465101778875,0.8509266511799678,0.656579196800875,0.28357951689228045,0.7265599488577927,0.21758776756340933,0.4884566266414616,1,7,sensor
0.938069355617676,0.6367582654824937,0.8024051910576744,0.4709322877417051,0.12262376041590532,0.7223663226985533,0.20166165428093333,0.35364287003809286,1,80,sensor
0.9263020933265619,0.8162866836512703,0.9525296407634364,0.6119181211079135,0.13115184667632157,0.9237430468752406,0.21341808014614722,0.5762974978581676,1,96,camera
0.9039795159331745,0.19902217327605787,0.8674250905785578,0.9526593221058922,0.20924662457712023,0.35380189627456843,0.41319075631548774,0.31249045582293894,1,22,tracker
0.8829172263756738,0.18778043785676812,0.8772836973471274,0.7861185162369081,0.41110558169843003,0.8523322523672737,0.27934724174746356,0.6205967812123574,1,92,camera
0.07615483116544725,0.32930295731872067,0.7814542397371895,0.21879284771278854,0.08391893908799483,0.8639189407594371,0.29311806484122477,0.22952054356880644,0,28,actuator
0.9772403696286875,0.9683777644514974,0.8323150342192129,0.49536623897905724,0.08943720503628631,0.5942777228081989,0.3853285592693892,0.2617761731936191,1,27,sensor
0.7489843324203145,0.032158493939592185,0.9761963859930792,0.5839027231330746,0.07794040461430563,0.6265543409979476,1.0,0.37160604740076597,1,39,actuator
0.9898755256119688,0.7472703036710078,0.8413945483458456,0.5470876695763831,0.14295712768287813,0.35533322194583905,0.37972722967133493,0.178747269289509,1,98,sensor
0.7026142134432649,0.8334997217984285,0.8984857571676806,0.2911681583123035,0.1045788556275579,0.6219889504360794,0.7747789409098035,0.16893938311355708,1,62,camera
0.41885140883441274,0.09623807438247288,0.7770048068186933,0.5364864997188686,0.023874367610320708,0.8783698668381479,0.4242370289731073,0.533465828941809,0,89,camera
0.2803570341459466,0.5300402513915905,0.95375212073113,0.42487568568411394,0.18579597943246115,0.6727549888506837,0.5889884428893144,0.3077789780886959,0,25,camera
0.870297912581277,0.5686096922499831,0.7807544944588036,0.5637247480044094,0.8205081783333806,0.6533323251472684,0.1000180828193214,0.3916780103224453,0,61,tracker
0.9981527094994392,0.7959261620916084,1.0,0.608045136125057,0.17843426082794278,0.7180197911207588,0.18145369972059094,0.45066832513861477,1,78,actuator
0.6642916969635365,0.9582184292733064,0.7547876215588509,0.5074604901341594,0.2776453818973088,0.2826893170279188,0.5096384869845746,0.1450568720628487,1,76,actuator
0.6986583408832452,0.06197760753924806,0.8739985406847732,0.2799589100884797,0.18042393468501797,0.5948650135371099,1.0,0.17174344286572946,0,62,actuator
0.710790089342677,0.5884151524405529,0.8005789792477088,0.2269419593411314,0.24327329855354202,0.38615333169176447,0.44416695927825883,0.0857314421342145,0,25,actuator
0.6302384565051855,0.5162110623597017,0.66220285646861,0.572962815557841,0.017733352347140137,0.9745314658337536,0.49926581155719096,0.6421583046958542,1,68,sensor
0.6483931694631937,0.49275337287373183,0.7983554129406845,0.3597672679570133,0.2333671724748018,0.5304945809413966,1.0,0.19581083376655145,0,10,tracker
0.5917356855861878,0.38828238617027455,0.9592450460584167,0.8019774035584225,0.21488384721433626,0.867571211113189,0.20899323232195524,0.6598211267320963,1,23,sensor
0.4629728772671214,0.7566229418689954,0.9649393808321796,0.6464444429303856,0.2051752129039952,0.903841784366977,0.37778208329786545,0.6045593348240444,1,34,tracker
0.893012712497584,0.37630684910881,0.8009269471550096,0.34632239004055854,0.18378246028480807,0.6340637618566343,0.28663030609796264,0.24399708084149638,0,32,camera
0.7790104926205986,0.9430615457344603,1.0,0.6404701989594683,0.06306971329205277,0.8101381588332213,0.38612404522138477,0.47063962723205116,1,55,actuator
0.31790615619598367,0.674487288071272,0.8037985810926196,0.4288707496210623,0.3522734471918625,0.6267235914567414,0.7135705125638917,0.2253918261309302,1,97,tracker
0.9337886396226369,0.9614181380709036,0.9365905431939184,0.4225833570922021,0.14003743418670164,0.9515096785491306,0.047080925630694805,0.45797356328793115,1,52,camera
0.33693370637935904,0.9826867441118051,0.8529885904584109,0.7325765417582712,0.5062886975622215,0.7554806081274923,0.1932975394325235,0.5907475617418786,1,29,camera
0.7059753400453361,0.9757011083347559,0.9876975156734047,0.5637117992134033,1.0,0.5570339080555352,1.0,0.3575695597162084,1,74,tracker
0.5766931755077565,0.43532487500339445,0.7990007263835196,0.5873348466525887,0.3674061058163936,0.8362029788298919,0.15677309492373373,0.5265988289001965,1,29,camera
0.8995909344637952,0.2946649645439306,0.7373918636077029,0.5665787274995103,0.4430004679782635,0.5324586081714078,0.8488500864888467,0.3366806724330043,1,3,camera
0.7703526809417658,0.9238726358887643,0.9828197816718264,0.6974294785523105,0.18548872260987484,0.8936603591080092,0.4343226890838915,0.5140325257179288,1,78,camera
0.7083178950298424,0.4045014659923992,0.8691158553450817,0.2531165839382542,0.01418450589458678,0.5227989376465023,0.12307443797937608,0.13774624342835384,1,90,actuator
0.262466537242706,0.16330673988801542,1.0,0.6237458832479047,0.7039264272064697,0.5982667606353732,0.5650881447530345,0.4036329926168802,0,91,actuator
0.5132177329413805,0.37345599927747025,0.9357432135609051,0.42483996823221587,0.01223750843147636,0.6192695825237252,0.2264892168627636,0.2702804102434924,0,70,tracker
0.8482265269524493,0.873066874150332,0.9599038168983027,0.4855082282692367,0.24435341938583663,0.8286339670468625,0.696007728788404,0.34210046547589323,1,80,sensor
0.05031818108945592,0.1964065476253144,0.8015512076978439,0.28954725205997545,0.02675914298804085,0.9419616813068967,1.0,0.24745182312227784,0,84,tracker
0.985373440594201,0.9511106444345625,1.0,0.26035990116403135,0.12041283836859681,0.6790957666610736,0.21782059340959561,0.18257931868168203,1,88,camera
0.5052014032220407,0.8754283757686687,0.8085435686431754,0.7001214617990045,0.2804396861365755,0.4627114736300874,1.0,0.39767848379939075,1,90,camera
0.770860134122333,0.041842328996232976,0.9901795895248302,0.4761042718469596,0.10863739124120367,0.8584524220868446,0.4252327486752907,0.4623795692943039,0,38,camera
0.8669947346070259,0.8900234492125481,0.769298469391073,0.9152132921147937,0.04029593974659854,0.9776173362126336,0.13811347089970355,1.0,1,77,sensor
0.5126236209049313,0.5862896871055613,1.0,0.6876712718644022,0.020446532006229902,0.38033075486562,0.41752747944199453,0.3089825808571397,1,37,sensor
0.2716004161270433,0.014313716428619165,0.7933094187707155,0.49380898249919347,0.23433779189268003,0.8340951913415073,0.17605683450591061,0.32305200341992857,0,25,actuator
0.5372769749342068,0.021451156995486952,0.7433932518273189,0.7665234676879729,0.6503159889250846,0.37490319720885673,0.6161557481536128,0.2937762510115461,0,83,tracker
0.7189972795612294,0.21163702294782027,0.8303383320664913,0.37100773552123495,0.03142450768922703,0.9026207426926204,0.3860759843481191,0.37127357117397236,0,80,sensor
0.4515471946641285,0.720304199009192,0.9365952573471832,0.6999520689990607,0.17230511395978435,0.34144789555696453,0.0931413778484985,0.2505107463523191,1,74,tracker
0.7462860980660603,0.8188771611422133,0.796807787172069,0.5476596603947667,0.0811910509548828,0.8150034099156059,0.7580504582506623,0.47005342548153045,1,49,sensor
0.837317931395861,0.42551755252347034,0.7391345513104446,0.6568001523683257,1.0,0.3832614828010966,0.3212094449306919,0.27267744415872097,0,25,sensor
0.6823884519292247,0.8570233314587805,0.8175944905019292,0.3174490758649206,1.0,0.5699038389913174,0.31720775151921354,0.17954384788056924,0,46,actuator
0.7701450001016451,0.45437554031757615,0.8233561119346566,0.5458143673741331,0.0033593929624599313,0.7712268267635298,0.21284022771725655,0.4498773799652349,1,61,actuator
0.8844677900087412,0.20900244815717767,0.6505267928058679,0.90990475061202,0.025211826593519865,0.8140473544203536,0.5911715686848332,0.6868755180602387,1,85,sensor
0.593828371745707,0.9668072173212842,0.9430738526309045,0.423768252785016,0.19345071384771295,0.8453774371440773,0.3059622054578328,0.4327460393992562,1,43,sensor
0.1337361262878206,0.6773472618474029,0.7612309262750827,0.8019324255381504,0.1817824102262536,0.9220598964925293,0.3921406663016933,0.7003126175766254,1,74,sensor
0.5387285891964735,0.9739161396542123,0.6838323052715181,0.4076798895907073,0.4317361625978875,0.8637216475542084,0.8837586701565602,0.40360351326990046,1,85,tracker
0.7029654376958822,0.5552854386074138,0.9183588458119164,0.7398096361912928,0.30209259138673883,0.833632742271195,0.7377741750377823,0.7013675271048605,1,75,sensor
0.5719837087212875,0.551733233382764,0.7955308037396831,0.38169519094758164,0.4012498230235476,0.7596200332311018,0.8731676037710838,0.2774215110409273,1,59,actuator
0.8064921556262179,0.7968438159076496,0.8844352213014848,0.3020228490411568,0.21793952295473784,0.5915492874465836,0.4854989896934656,0.17601428582097575,1,33,actuator
0.648331158630699,0.0069949646501330145,1.0,0.36390916973120735,0.5163134208594562,0.8110002885085058,0.47623575353044056,0.2663462745941081,0,24,sensor
0.4312720925644609,0.6869611418698477,0.7310649389929144,0.2867920283625113,0.044986907415403544,0.9169613867927872,0.4729899466236768,0.2837894840762275,0,46,actuator
0.5928469022158928,0.6987228313716843,0.7739679297402371,0.40209758629358755,0.19898672740410459,0.7088276328336952,0.8569342715144059,0.32397312285492785,1,68,tracker
0.7350281447418149,0.6070771862348271,0.7786101505286215,0.6095206989335138,0.5240939095828009,0.7693322596025394,0.11465563233260027,0.5268466516706708,1,80,actuator
0.3746002961253936,0.9524960812625206,0.6007409124612318,0.5004394869778747,0.06314956125772422,0.765017322796768,0.9035034895478454,0.3524947120070396,1,34,tracker
0.7592845126209012,0.784566595594605,0.6574324792706654,0.745241900534187,0.22519110414951618,0.47274265258691567,0.3305699435950297,0.37597367129086656,1,91,actuator
0.20865140718539113,0.24592156521898378,1.0,0.2976866337749893,0.6518327437575053,0.8042296646559256,0.8161629070889114,0.22514902481145221,0,25,actuator
0.9680964831145012,0.19147968524317124,0.9927563695631103,0.09671579973796468,0.8685894512457057,0.6577621093950654,0.11464358859424822,0.058116688577859156,0,18,tracker
0.3171715708475152,0.7984631517596971,0.910684060319008,0.22848997107876975,0.5793796809286257,0.676934851589076,0.7003995049157092,0.1608628293332473,0,49,sensor
0.9198660016656116,0.7302211140500212,0.7873131570438713,0.5245991916899428,0.09584896588430969,0.4089022277187502,1.0,0.199814200787532,1,53,tracker
0.8957638757478523,0.9580663185875481,0.8678962240199342,0.2934301591334836,0.0492066348418463,0.7864019455164803,0.7957888611613467,0.25590830598926256,1,46,actuator
0.3636774228516328,0.8218047854273935,0.8930492300199919,0.21215508164173466,0.006593790483971384,0.9928705876144032,0.3936385433587382,0.19486906317129468,0,98,sensor
0.39627109872442956,0.4202269033126662,0.8738680127856512,0.7192451655609012,0.3105721355765813,0.8102022827352763,0.46804279340224364,0.5760172357816618,1,8,sensor
0.885951762082758,0.9187947928070966,0.8722395063464725,0.21344400198012256,0.0899904328334064,0.9555184732891869,0.3771794799530926,0.16576629391186545,1,18,camera
0.48098345767930384,0.6327034250657763,0.9109035564617003,0.07452484454438742,0.10306126329454786,0.845946597878702,0.27260997495259404,0.058258605794096245,0,39,actuator
0.8433541540128673,0.9892049915866136,0.6954071975569747,0.39527704164135696,0.2180905774822862,0.8029724573283364,0.20378759470588398,0.3292200036129131,1,44,tracker
0.4824253382404564,0.5953500966145415,0.8004461250172142,0.8515903688015732,0.7546507822381654,0.7505565623902479,0.06949829900767038,0.5239016209245256,1,16,actuator
0.8332329524384344,0.40359757081698505,0.8847806011426395,0.043666401875227065,0.4020146486709109,0.8562410694420228,0.4491820504829436,0.0368768380657756,0,41,sensor
0.7043251462019376,0.43285238785856606,0.985804195270533,0.3114409783783366,0.4405692313318408,0.7894731971874274,0.3253939156851305,0.229883947969422,0,55,camera
0.5754954223274666,0.030848048016026836,0.8502881370850573,0.6013749100055327,0.4897451959334143,0.8004935999724678,0.5879659698368862,0.5039599321206645,0,65,sensor
0.21700577434951865,0.28467661170749686,0.8551284632012476,0.7186150087239157,0.4532140961907447,0.8073683557033474,0.12135359311777782,0.6187594117675361,0,41,camera
0.44914698005021114,0.060781913636261196,0.8272331689424403,0.37798880232510673,0.3004691525766316,0.7350384480709271,0.6299252092048967,0.30499411665552006,0,14,actuator
0.8540611930780415,0.9723633375158761,0.9295259768146611,0.3607543792254703,0.26151948416462184,0.8054460588771054,0.24214321655699755,0.29960243497123124,1,76,camera
0.7438863539114992,0.5794709895142584,0.9781958178084058,0.30363334280080584,0.7794748957451891,0.5140941142661978,0.4271262462553616,0.14860969254125778,0,87,tracker
0.4667702033594029,0.15110035949680117,0.717621942344062,0.571550248435211,0.04566026980295936,0.9014659491030175,0.8024802063558966,0.587926699158555,0,32,camera
0.7985161919633359,0.6098016641736298,0.6786116608151476,0.7163984069855294,0.23457035636270468,0.8681991877254526,1.0,0.6235316129473419,1,41,actuator
0.8175524199762035,0.4576855574613473,0.9472662393392184,0.4721602940453382,0.12803904034393593,0.8916212698340373,1.0,0.36019694024772514,1,11,camera
0.9666702186386632,0.18806685266281845,0.8171601146183037,0.6960572367401971,0.3252869920897351,0.8320278231577871,0.534381797964147,0.48639658364024607,1,57,sensor
0.6412397059141198,0.8262440801472622,0.8745243686934403,0.5248281065235783,0.2810243303828848,0.7993968130543961,0.22596599209637735,0.45563359873088777,1,85,sensor
0.8750576775058845,0.66078047717749,0.7678299185947594,0.5897935443953247,0.06717175068779371,0.9786663245016732,0.5986581003235386,0.6139568582074639,1,7,camera
0.39549582361438906,0.32562748989962875,0.8698636407060439,0.20805192630371078,0.21193490871446627,0.5992651493324442,0.3599820756535232,0.12426892159606251,0,76,tracker
0.8093271975529623,0.6558392153264551,0.9616921197143975,0.2369911166822786,0.3640411405763603,0.7559449950928526,1.0,0.2119680615969231,1,22,sensor
0.48153404961939783,0.9941009595159088,0.8105567681624032,0.3095061787331093,0.23377930119280962,0.4814398594613545,0.49765612352308053,0.17582034295433063,0,94,actuator
0.8955693730083818,0.17294162457066714,0.9177924577896766,0.6083184368082956,0.20900744741199007,0.7009415338204831,1.0,0.45575896594849724,1,63,actuator
0.6141399264687458,0.85497988910279,0.9278591401462848,0.2419536604093179,0.03995097238700268,0.6248997048189721,1.0,0.16015278087796395,1,25,sensor
0.7143748689300081,0.5378423798465177,0.9420615588876677,0.36590478261387444,0.03583563126116613,0.29183013066698604,0.3031269720217277,0.1186468774210341,0,60,actuator
0.9249008514199832,0.78348221393267,0.6462177716740999,0.6287588673172907,0.5002689221419022,0.42541723847913104,0.2630115045171308,0.25183315162181813,1,8,actuator
0.8387497924103124,0.9817668733021713,1.0,0.7728586427867152,0.20087125247025014,0.3233877216454484,0.8077499806299804,0.24005661875000506,1,67,actuator
0.7193465226724939,0.8419218520923555,0.6316547576910827,0.20854705227617823,0.09750534355739572,0.6174521880450888,0.4828001754567468,0.13107063676670402,1,5,sensor
0.8244710555538876,0.8317878604540979,0.851148827522234,0.5247475574419299,0.5601186439612639,0.762904253840534,0.5776628735245678,0.36713490731960985,1,94,actuator
0.9710697497957074,0.7510587521956186,0.7612642076107683,0.23706913517661982,0.5615672427695372,0.3787113057472977,1.0,0.0824709732589186,1,71,sensor
0.7482015601358651,0.6495458880882115,0.7914616662082593,0.8498545635841737,0.05075913790407579,0.8126230923067008,0.678846753615597,0.6365125080614811,1,65,camera
0.9733532973532268,0.37579127644581034,0.7916182719180763,0.5472703217992642,0.7085233747119053,0.5820480851454939,0.22799088845069282,0.34272395672875844,1,85,tracker
0.6633843674281268,0.8573895818736442,1.0,0.7617453130272223,0.03315429008035731,0.7339557586647218,0.7870599030422287,0.5447839373028378,1,39,sensor
0.30860178880117056,0.6260810790833483,1.0,0.2210485204314841,0.7537565996186428,0.5640174481874619,0.11203439203788641,0.11098420094134187,0,41,sensor
0.26205712626444677,0.37593699514605206,0.9146717565997274,0.6957855465637883,0.20709553827468857,0.6482940758242469,1.0,0.44436502253086557,0,24,actuator
0.6715994516252968,0.3697400331439666,0.7179948044761659,0.6767363495264728,0.20514864544437664,0.5183165882423253,0.696945737363485,0.44062526383851075,1,10,tracker
0.6777642317527213,0.3616781003486,0.8897163442617257,0.40285238905693954,0.17851725187590714,0.6868164293694137,0.24189620801029238,0.2620833011199276,0,44,camera
0.9177758059897758,0.2856739102611419,0.8601512986790852,0.738080643860224,0.49052767275107323,0.4951819715351876,0.7555388358852684,0.3748598736060527,1,73,tracker
0.22632931598050376,0.24100708806132093,0.8139709424965981,0.4298583551915897,0.3733749752206593,0.7242605887803433,0.2512768971727232,0.2540294456943314,0,53,actuator
0.46649256913740883,0.47250547111721186,0.870647264754746,0.779694729954325,0.40098703606392433,0.6949012850077774,0.5425294733985803,0.5108209485344167,1,98,camera
0.2786106854833627,0.6950269063129407,0.8683300585410796,0.841795001446498,0.23223074900514198,0.8648099238149353,0.41583623605093745,0.8389717319161804,1,26,tracker
0.751767822796056,0.37389932768556566,0.8706451588099833,0.23274110600707731,0.7014804517601025,0.5560499885287535,0.13448853686799647,0.147675588630225,0,52,tracker
0.14757498621330606,0.43534951846410413,0.8955861296429479,0.8762783631154193,0.2067737977972078,0.7882246590477138,0.4152891648805889,0.8443778196161053,0,49,camera
0.5693348620936145,0.7436213890984367,0.9555861930034218,0.38815344628827164,0.37551239265382147,0.37230508866188305,0.3608020849672928,0.13509617238215657,0,91,sensor
0.6942794671513802,0.9479612887272145,0.9059979636050466,0.4197408093096108,0.4708661989832126,0.6097054489982793,0.5852728930496969,0.2749460678716754,1,12,camera
0.2968672039747043,0.5607563141538777,0.8062722255738045,0.3400758506905236,0.16556286141225113,0.9320318115942151,0.5091900394683491,0.30839457577498663,1,65,camera
0.379231423736193,0.4914139826669484,0.8614612996417081,0.08555926589990447,0.5365996173570291,0.7393850099406538,0.700864909480685,0.06253463810463124,0,96,actuator
0.985745648943366,0.8794441794293317,0.9234097519995392,0.19708788585762604,1.0,0.6414707876875507,0.6278058258834466,0.10027027811690217,1,46,actuator
0.6618499630543142,0.9628554750262018,0.9920707164008714,0.4886638118856635,0.24744996933851904,0.6837222781460534,0.47106280122669847,0.3117510639873087,1,67,camera
0.944295343790289,0.9643670939636099,0.652659798102587,0.38447424104744915,0.5498813132457714,0.6308668568462612,0.5297185827207124,0.22276657463485183,1,70,sensor
0.07325418985916742,0.42882433796191555,0.9048405141377007,0.3307970940553994,0.013524440043285773,0.9132959692552024,0.02800468939909832,0.3011864832026236,0,16,camera
0.7647283863018969,0.6791633042163517,0.7811884167792583,0.7707304685113483,0.1381686672003571,0.8452501645326548,0.9816323505932893,0.7196684024884054,1,79,tracker
0.8972237715229191,0.8324640562106006,0.9315052744723872,0.49748076132128854,0.7946832448428689,0.6060072303277823,0.6598961538498641,0.31771644780792785,1,7,tracker
0.6882807540504408,0.4710754295145856,0.6274830335792714,0.7605999418479584,1.0,0.4691529064273796,0.6097269446756335,0.40831899983275927,0,27,tracker
0.49704125720797177,0.9730419545756259,0.9839196132872586,0.2129652465895885,0.15697035248371166,0.5787361798130769,0.08168245780500358,0.13489300765058623,1,54,camera
0.901974167396852,0.5239000663994335,0.9884567668875218,0.6490056491590059,1.0,0.6317676926564285,1.0,0.35402260556815396,1,41,camera
0.9367244573443426,0.03776254474792692,0.7872054763326287,0.2963181368962372,0.48572135769442254,0.6921854430155497,0.17609647015860247,0.21383859676793282,0,72,sensor
0.8713608576871967,0.600417645944214,0.8800939843756452,0.5051648921784847,0.3608304584970489,0.8740812829305996,0.17522260067864268,0.3872771234374195,1,72,tracker
0.7350332789468832,0.357473004648721,0.9913166822825081,0.7462251865383661,0.2850667421640812,0.23817862234726228,0.2687850861359451,0.21162217181962936,1,75,camera
0.872480893083729,0.7179320363982966,0.7143366945153549,0.8352930453778457,0.027278172266145855,0.9865087286323875,1.0,0.8341370438069473,1,16,actuator
0.6632388258818951,0.6207570595207568,0.7351012820608619,0.5379884060897756,0.038471061329670625,0.6313408554240627,0.47304172761599184,0.2523696939075358,1,90,actuator
0.9769110451504742,0.5637165257964846,0.8350763235958092,0.6868171589049933,0.5849824159411111,0.4347677732134834,1.0,0.3085855186175146,1,43,camera
0.7407491847585285,0.5825997680252981,0.9699747512335887,0.6818354704394549,1.0,0.6536713127085769,0.5464035126724988,0.3525317396923575,0,16,sensor
0.698535771951156,0.3804028990992258,0.7503074963101513,0.595784996714578,0.194573531724104,0.7961491282539025,0.09928355449483967,0.5387622129792269,1,26,actuator
0.15463208016028435,0.4296987120397305,0.8206456854489476,0.32666847951906597,0.13977364551433966,0.4327821872724461,0.5318478861611612,0.13305920410852157,0,84,sensor
0.36873310578250446,0.8139392871943197,0.860123957342716,0.5767614017067324,0.7346504255787896,0.7408190989710888,0.46831329607353045,0.43317731328626186,0,45,actuator
0.7722586625097687,0.7741451088049286,0.7705908647619903,0.26298360743777666,0.056469639261547445,0.9490385551625086,0.7047434000526628,0.24441269575184038,1,61,sensor
0.905483835634009,0.25600741475531513,0.9194861824164176,0.6622559389044332,0.014085207650691151,0.785541685659275,0.28465595914184083,0.5804091017419022,1,92,camera
0.974483495089451,0.8216304998785053,0.6706324723043885,0.04132232232878875,0.34344692671620425,0.8471915319788869,0.6018229974622865,0.03654151365244978,1,23,actuator
0.29582563640346826,0.0704620970857025,0.9992698751231094,0.3848048171326218,0.01802354879378033,0.7529306899241518,0.7211519640207332,0.3412390909977764,0,5,actuator
0.9507033163908613,0.9837331143839104,0.793214596054393,0.4945344611528572,0.4167128657113729,0.7698051155498981,0.7761610464272584,0.3544148301044842,1,52,actuator
0.9280484494741144,0.7655549887628356,0.6354685731505645,0.7857280308438459,0.11279038601753684,0.8497786676497828,0.272869758856574,0.7635938458000571,1,98,tracker
0.8181797646224775,0.8881409354035421,0.8816474173590633,0.4383766731134911,0.3910427403433238,0.5948623774991367,0.7269761447688065,0.29554087346451424,1,47,tracker
0.8750975904673313,0.07604415488770572,0.9016813039557208,0.2537426298314164,0.3116447644842089,0.8333594972935903,0.6158955739666533,0.2391257253188675,1,98,tracker
0.9620340711424286,0.3085753180013522,0.9258539127786908,0.7753838742372399,0.6140227382444874,0.7924671060575672,0.2653012868041092,0.5017652901645184,1,63,camera
0.835517309554761,0.8613862972103745,0.7679072950878882,0.4874702927635393,0.01275025781486257,0.994848748801989,0.9549916914731036,0.49103227743622835,1,74,camera
0.8975588374753244,0.6776826386745333,0.8752663194236157,0.7823655936381271,0.9336512488948703,0.6117965040231714,0.09408780263291994,0.4380542474607308,1,9,tracker
0.985735753120922,0.40780710585285734,0.9181057261442636,0.5716698147502768,0.20654733366207326,0.8024585577593399,0.33656837134598067,0.4337913418319813,1,20,actuator
0.3443269196368934,0.3959174400458958,0.8983413520369511,0.6558066648903277,0.300541278338082,0.7857840506144301,0.2541322396749218,0.37027919954934513,1,72,tracker
0.3878893054377638,0.6136152663981125,0.9803202466420349,0.39678913907145347,0.08422808167519746,0.9403994696646085,1.0,0.34532259060236187,1,45,actuator
0.776148832218134,0.5268607107530972,0.736010285602863,0.6531386036506194,0.23145629944495508,0.39038629006198133,0.18475699262102835,0.2493113205370481,1,58,tracker
0.6308155689232583,0.6470806567095123,1.0,0.6608785207398209,0.21501424541522757,0.47747814160703905,0.6534609867335223,0.3389338887272115,1,30,sensor
0.7419149860271433,0.9643578404189047,0.8554859688250126,0.48344424794487395,0.018993022921943707,0.5394698823991962,0.16904733167740416,0.2770502394932267,1,58,tracker
0.6488851947586857,0.2617035964490739,0.6963636461795971,0.7291789515352806,0.13269835621806397,0.8454002766872268,0.7668177389490737,0.6090572158773989,0,46,camera
0.3716431575764204,0.13013383270217152,0.7842134531460098,0.6591572051683505,0.33144043407928947,0.49829314716997536,0.22604190371519658,0.3261324957649501,0,21,sensor
0.4132795447266991,0.7264317865905351,0.8328766331143314,0.4531107495118079,0.20854043280376766,0.6978182591876174,0.2111436605827239,0.2671768718640785,1,20,actuator
0.8293661419236564,0.6489938908209169,0.8195128608935892,0.8996234409200283,0.17739568357222724,0.9408560211526218,0.5819785826401225,0.8482627260014475,1,52,camera
0.6547157685488171,0.8179185746169787,0.6243277236527044,0.5004398257332635,0.3084301437360137,0.8800841149318075,0.6775826785878722,0.4106954634450233,1,6,camera
0.9627996875612602,0.8712155368811855,0.9140066264930631,0.17980541096018718,0.09836947219572456,0.648054823158582,0.25070643527357145,0.11243214671338983,1,44,actuator
0.9486982605835839,0.5675406994599835,0.9983282325916776,0.5388668018202518,0.12757046110703954,0.9189415132283466,1.0,0.5530809692227272,1,97,tracker
0.5872125197326616,0.9516713810615519,0.8666773171394053,0.3817641791050745,0.7547640546724277,0.21777091367933324,0.14050172725218732,0.09155123356054397,0,90,camera
0.7359017008763463,0.7707341147085346,0.8814942039156806,0.6292726586971187,0.33241408710639375,0.7132723713527329,0.14204878505961677,0.422102104584528,1,74,actuator
0.8791268246711681,0.4151187446973653,0.9627741499887958,0.7204151226241547,0.32008450108783737,0.8011999924420596,1.0,0.5452841346292711,1,24,sensor
0.7111000667088758,0.9316398915595441,0.7956463045446752,0.044668530346074785,0.06463340608907323,0.8185582406338429,0.5734140225439686,0.0403886540607522,1,56,camera
0.7310008598877703,0.9787036605394283,0.7612555475652731,0.848516371753201,0.2574648515528578,0.8277284680947461,0.5534345120740849,0.6648870347754181,1,30,camera
0.8876303997189071,0.007121784768557403,1.0,0.3081190932353212,0.271282652654233,0.5367564132177575,0.2601072924670519,0.15557890816257713,0,61,actuator
0.8751466910146235,0.7392800429160976,0.622722917785437,0.5688505413142315,0.6854288046688662,0.45412319917877586,0.23990418033704491,0.2905453633441333,0,90,actuator
0.9086093013771119,0.9470016758900072,0.8416184032572712,0.6304615266048755,0.1489739930650153,0.6955994813200593,0.43347473907663875,0.4123501915039394,1,22,actuator
0.2600540105441896,0.02411979104298644,0.7792126549936359,0.20334907604596558,0.2788340045110347,0.5248324388930955,0.9150520779100898,0.09720395500201658,0,53,sensor
0.6667316900523743,0.20979846170332178,0.9187112611085404,0.30423718114517917,0.19236813110309808,0.6988580830116295,0.38267764187495984,0.20285052079361396,0,69,tracker
0.3055889830589623,0.9552033218874315,0.7626150098155248,0.09926730163800934,0.4093683289151532,0.7904461896540113,0.4207205748690295,0.07809637623462487,0,32,tracker
0.5803119692280373,0.36193844013709847,0.8708024974712874,0.8329288661971811,0.6741463415120147,0.7962179041450843,0.4936109538132409,0.7390898034009895,1,61,actuator
0.6192187821408341,0.8821920515621563,0.7591738119675502,0.3331273511069073,0.9787722764798623,0.5173133146130245,1.0,0.1852268033103052,0,29,actuator
0.4358599943141175,0.7997862877866548,1.0,0.4382331902390241,0.17830653447278255,0.8403549076927609,0.2080267046752462,0.38156939016644825,1,50,actuator
0.09011936205803092,0.16466488126384965,0.6710795437155589,0.6864631223982587,0.04029641037256135,0.9683314017694069,0.2591502207378983,0.6774632758600002,0,37,sensor
0.5707888562443361,0.6336329720340497,0.9642713776938271,0.2880425554629557,0.05138830888546686,0.8588677541340696,0.9747747761772592,0.2844268443568364,1,68,sensor
0.6366501353015931,0.9106131638080156,0.9098106149995064,0.09757795529941604,0.2083011210186641,0.7529631411905434,0.8890852738137826,0.09057822324475062,1,10,actuator
0.42666960556057665,0.9818846720895296,0.7517526552286347,0.6439462043173303,0.17377885424515682,0.8912914000026477,0.18297887028824036,0.6110495647426785,1,85,camera
0.9889264091040251,0.2718631360320582,0.9919337361954985,0.16228961282480214,0.08770709409339186,0.6750348844944749,0.8221342008794604,0.12999277462327574,0,7,tracker
0.5235167355420545,0.5746684003956053,0.8918603472843412,0.40849332140430394,0.13111613750433884,0.24958094271764422,0.18690959298509993,0.09380305275583255,0,12,sensor
0.9460187222588494,0.9848317531159326,0.8738499292423809,0.6894165915122641,0.15925814444739442,0.7257303596415016,0.2019269785775312,0.5751447229110265,1,51,sensor
0.9551070153433002,0.2112471135912751,0.9688870118967412,0.15129625830287766,0.3246611859743277,0.4457537841786315,0.7595967695531749,0.08001742808772032,1,96,actuator
0.2702516671920065,0.3289657439615349,0.9029881456530428,0.1797474331946201,0.7885385070661355,0.5466925416894929,0.4022162191352508,0.10756187089252307,0,26,sensor
0.9678750234999376,0.15254047249571986,0.8900944735010148,0.7045324890254482,0.04244364432672716,0.6750119167910186,0.8628050612542167,0.4327550434755972,1,94,actuator
0.6142117143882153,0.5651185465598881,0.8577451445333305,0.6496872154562208,0.6677606808834206,0.48753461372752144,0.700368206021223,0.27526423749761725,1,38,camera
0.7751299113809664,0.9693826974731319,0.7047387649678758,0.5390990786017001,0.41873822560338,0.7455424287690953,0.8179422953446635,0.4628058212973783,1,30,tracker
0.8438059536384622,0.6009747100948609,0.8519053781277647,0.18007443041686433,0.6290348547105035,0.6470978285065362,0.73912067650449,0.12207400373535111,0,98,actuator
0.692896389309244,0.7025322605072978,0.7805379654300706,0.38283348675052487,0.02011926188402054,0.7989390128346523,0.30823303908145233,0.3492001942464424,1,71,actuator
0.550750672082955,0.36491915762272203,0.8104664116145812,0.8369203419542754,0.37986206544056095,0.7578041004384785,0.2026781104742235,0.5834383048677229,0,93,camera
0.9067355280339272,0.8764198514905035,0.8533637633659668,0.22873537891487622,0.12889830783528775,0.8069718365471091,0.22835077436754697,0.179304909028432,1,24,sensor
0.8283981924940024,0.2283822018929547,0.820457579422232,0.18789927021504566,0.0011642139318225118,0.37547661416193656,1.0,0.06746128144813755,1,68,tracker
0.717570423045834,0.38762858868059935,0.8858339417884953,0.5323541293606798,0.15041006143902075,0.8286768857663681,0.08970650040353542,0.506899237415608,1,89,camera
0.6227525972284148,0.5132592548154056,0.7403844119108454,0.5733238197550894,0.014793266509990544,0.7335269173030897,0.4122256306863526,0.46853136501751796,1,44,camera
0.83487092794334,0.8466599206533861,0.9367005449721468,0.3585170382161058,0.0865407506816431,0.931716634161593,0.9342277038802442,0.28994283249521036,1,55,tracker
0.36038521439289034,0.7310383042550876,0.8596946191675272,0.8835865834237604,0.009171214439254586,0.9252749217444608,0.5650318719437057,0.7408631994544036,1,69,actuator
0.3661975613748442,0.5899161069086936,0.7977523113924846,0.6535605973870267,0.2713243367474142,0.8994164284217886,0.4319350110661995,0.5897880445886967,0,14,tracker
0.45567668604890377,0.7524079931641647,0.9144336264008293,0.7480626162137773,0.003633622875121809,0.962732036781648,1.0,0.6676484298997424,1,27,actuator
0.82118730103922,0.6839700368964144,0.7927689122432822,0.1175235665980871,0.011192374177092615,0.7373226455206668,0.055164909190155625,0.07900826225220742,0,18,tracker
0.6480327315597303,0.5047759883205886,0.7444333996216994,0.4942369855347176,0.8101629427366944,0.6980533410244805,1.0,0.3830747196293184,0,7,camera
0.8532375525057286,0.33580792892462735,0.8293471616050425,0.4742728008710883,0.1258997447837425,0.8231115590471116,0.15085324497979163,0.405584196060778,1,43,actuator
0.9652883929780801,0.17033538350244293,0.8356909044710014,0.7029854451687513,0.09320687830206917,0.8017385548170706,0.32999698633519836,0.5747911524289088,1,13,sensor
0.7006520583731598,0.7015744474235633,0.8659591526481799,0.6555249972994396,0.5881754882462883,0.5343414272284537,0.225387887470404,0.35365820035149015,1,93,actuator
0.7210357699323428,0.32227312893692567,0.8849587509969188,0.3873782713231335,0.7203831275935961,0.32462649853402836,0.17742143640957792,0.12167252465338815,0,3,tracker
0.10423283121980424,0.7340888042327468,0.9653006416852811,0.9058230364956802,0.1688498209474632,0.47088262202655967,0.6816530978608101,0.47437736761125326,1,22,camera
0.3298014182241036,0.6379555535268211,0.7586187716631136,0.28625106311922455,0.12061870220283706,0.945113825027858,1.0,0.25221473780635517,1,84,camera
0.6212772703247863,0.41771704858046427,0.7301851476199398,0.7727278498805951,0.11448979330650241,0.9595937544199996,0.905673040641411,0.6289463604793994,1,86,tracker
0.9152615731519066,0.5570821916399293,0.9402198744631335,0.3562196230268236,0.04833165345529067,0.9077716598456895,0.650869753246012,0.33018584959743885,1,17,actuator
0.34157728038165236,0.3458603569740376,0.8579643837432595,0.2412417575264308,0.15090263441567156,0.9106612378309049,1.0,0.25162378780028627,0,11,camera
0.9728514461938408,0.6748338452504234,0.7658612663454829,0.10305122973962069,0.3113537741318235,0.6088606254189696,1.0,0.07095268151105222,1,12,camera
0.11211339237363477,0.5672348303707387,0.9346791903231687,0.285764470684289,0.4121127478171435,0.7996032627209704,0.9539442830893011,0.2517784231163607,0,93,sensor
0.9158866335843308,0.8286890757968629,0.8774443121328636,0.32173671541527094,0.4482608141764546,0.35918904461536105,0.18865217684824884,0.11637176565664405,1,11,actuator
0.3511355103463438,0.6052170718973037,1.0,0.5149644375923641,0.301378026309994,0.420729047894983,0.26432618253899637,0.23401729111942782,0,39,camera
0.9237629650601137,0.66323890568328,0.976413721394521,0.13748132542337727,0.11356280262051108,0.9589364598900821,0.22797523494639765,0.10846926882030485,1,98,camera
0.8850153473553479,0.7908010324408503,0.7784018362466126,0.49327798787253935,0.15580258640485325,0.35375269740426435,0.32562196198056753,0.1722118567475673,1,26,tracker
0.24840105361987688,0.0528294527454845,0.8256976037224021,0.908637478128152,0.08153471433478907,0.5724380380776524,0.7378466936255977,0.49337611426884853,0,50,actuator
0.7786135191312639,0.26801708745518166,0.7247597532362424,0.49934917774008397,0.17596593387892037,0.9186832761266592,0.3741969787350269,0.4228862424209035,1,72,camera
0.36127894624085444,0.09296349041610796,0.8564208859166916,0.20901155927455636,0.12804728920445876,0.6875142949181829,0.5460627734378807,0.14438091455576213,0,85,camera
0.9933341084774919,0.3183922708309961,0.7296227491585161,0.35228995689192966,0.083325523661069,0.4962883832114626,0.5429896468008292,0.1609986991810483,1,73,tracker
0.8244708977169672,0.16352688892216513,0.750228315297452,0.6068864573751668,0.13010595331353833,0.6519575776733451,0.5356369319519645,0.42754156215940614,1,55,actuator
0.7584580420405308,0.6704950302250527,0.7519276751282067,0.44821940122656106,0.3064545615632571,0.80319120177753,0.806692434483975,0.41393421929452506,1,29,camera
0.9853834617224557,0.9891441979780973,0.9415671003147398,0.6685207991393284,0.9602471465317773,0.4274960284188563,0.8511557856564506,0.2720625036752436,1,31,sensor
0.9708026647295138,0.18725971882713963,0.8202388327680549,0.7407699810001327,0.1155781767655873,0.6043539979437962,0.9427978130262986,0.45426527404752187,1,88,tracker
0.9075772673080049,0.4766728420012336,0.9748195793676124,0.28441739933695337,0.5913023310182717,0.795450541486429,0.4352852361029551,0.21385825471196437,1,33,actuator
0.11407559390945717,0.9614642413209645,1.0,0.39649172071491073,0.13989955094170364,0.460239198359112,0.654130224686705,0.1714212877678487,0,2,camera
0.9930944099725838,0.8929336236635687,1.0,0.6430920114574713,0.5670804502193534,0.22632592838073523,1.0,0.1675488087556556,1,66,camera
0.6555099588378833,0.9103952997964998,0.8668191229158657,0.2707286960384884,0.40476904102415084,0.5767405426475211,1.0,0.15964426794633424,0,61,actuator
0.4856306497048183,0.8935760102852296,0.8533764022695388,0.3197410349802385,0.23828239545638388,0.6679470860940548,1.0,0.2127528597866618,1,57,sensor
0.42328104800976574,0.5880023261824083,1.0,0.27412184131527584,0.4102072422634733,0.609535905587489,0.6741411410069688,0.17326282213137353,0,43,tracker
0.7127945216782001,0.6275688664370613,0.898993418887156,0.3078813651145445,0.13347536301289692,0.8035297247385103,0.055545899962649824,0.2424260278010945,1,16,sensor
0.2902201352184243,0.37989281471014436,0.7563042257096331,0.9733578386096547,0.03844990310783551,0.6290088626897026,1.0,0.5514409326856459,0,45,camera
0.9248133949304498,0.15041480175177882,0.9140811621280513,0.26581243391249376,0.24380915787042934,0.8153164970674565,0.2416288228638856,0.22320526584533676,0,27,camera
0.3408338512203679,0.8499995698690379,1.0,0.5390126527953404,0.3634263391158586,0.45375269777596555,0.016507145130598845,0.23677753217920783,1,82,actuator
0.4613731409178633,0.5506058764515308,1.0,0.8733316226144119,0.30351854497496067,0.42655153162475784,0.48101758015462015,0.319271480068921,1,65,tracker
0.43832725064213607,0.6002816002888867,0.7451962782959245,0.7011740196147193,0.10211138329004232,0.3431164830823905,0.1367485296588967,0.18222593437242413,0,63,tracker
0.5923449403585688,0.7484412152371824,0.9885559958385894,0.3793008419716519,0.09969821126647789,0.8361798808399905,0.5239195868960397,0.36698047514531895,1,15,camera
0.34449047079530826,0.32877641812345115,0.8102319395798506,0.5226183596814885,0.14255143466511622,0.8772566723441722,0.22690264214110867,0.47109990231768634,0,56,camera
0.6902900229061387,0.5587632960016,0.7545652808194397,0.6975666955236087,0.03760308410453479,0.6859592120447036,1.0,0.4694459435443228,1,75,camera
0.9472208001336065,0.3745071968051879,1.0,0.4287454650234108,0.09056747487986773,0.7128937008754973,0.7076870579400679,0.3229779924598701,1,20,camera
0.8667383785253846,0.18216775452285242,1.0,0.1992659884937399,0.26702545763641694,0.798413446667628,0.507987876414438,0.14552123866818673,0,88,sensor
0.5655001119253256,0.8794618241575065,0.7947157649788362,0.12139557641894812,1.0,0.6604012362650745,0.8483001520081828,0.08229569360445814,0,85,camera
0.2471988827694291,0.2066929635204243,0.9010415685141183,0.5184846182960036,0.3230179383505785,0.8977311172221599,1.0,0.5063958283544702,0,47,actuator
0.9926634757510726,0.8164772797145728,0.8657612605057448,0.7144890162121184,0.23598276398058174,0.4109563105325816,0.9101331213732905,0.2507679375654682,1,68,actuator
0.9003767863591309,0.2189894575205753,1.0,0.8143543173155608,0.25155395000356473,0.903975118079478,0.3287163839323007,0.6622508393473975,1,15,actuator
0.8969544915834251,0.9650714636936053,0.8768512481364189,0.3709563917132704,0.26710794940540455,0.4131273393429122,0.6092925771992316,0.16927587607781514,1,84,camera
0.22257186236834056,0.1130111009700561,0.6925916216497072,0.7749979476351254,0.010203811675813062,0.3373864536142969,0.48300037550482583,0.2877631191162812,0,20,sensor
0.9038094730497361,0.4813220669175468,0.9444996193561881,0.4166351725109145,0.021489211121192113,0.7487426227093826,0.362358076718978,0.2870527034577913,1,15,camera
0.6623715307635131,0.6727666742792733,0.8819071713431328,0.19106523962980124,0.6631736642665761,0.7627087487543669,0.12789996686238256,0.15439722789313778,1,24,actuator
0.8549135168838251,0.4987909545298219,0.7782172814182176,0.6339633389597953,0.07226853861944849,0.8451406926895507,0.45638982176431914,0.47118748728071375,1,74,sensor
0.3902774242196965,0.770875341480562,0.8850935798563951,0.8881645771762863,0.27714674426732266,0.4217878964841468,0.41833141300489013,0.4154924683413672,1,66,tracker
0.7790047378507842,0.3963842481530653,0.9208144512216722,0.7376813119436803,0.3922399933221109,0.5108555869755558,0.660283446139775,0.36126790199789166,1,12,sensor
0.5800837256659018,0.09804675735605133,0.854811564458666,0.09137020638427261,0.16362854388244158,0.930823356338732,0.5516803874725005,0.07696374775727233,0,10,camera
0.9058987686421067,0.6364699517823625,1.0,0.6108705948464707,0.3195123980889797,0.6027386795684786,1.0,0.3503671388745425,1,62,sensor
0.4442067644710709,0.9873288289270209,0.8179102633941043,0.6107767483760016,0.11594024958824219,0.9172812114464458,0.41155452490660605,0.5740745583745073,1,67,sensor
0.6895174063634577,0.7060501582954247,0.8915763214291758,0.9317424156091401,0.39158045115562945,0.7888927848722747,1.0,0.7889074880862856,1,77,sensor
0.8599457032799457,0.691782603133516,0.9514832084794983,0.5020822821064846,0.22479443768511698,0.7917163541297237,0.7445823396106098,0.34583964457440347,1,91,camera
0.5590739257406117,0.3457399836274952,0.7950701386975787,0.25149897922255693,0.2868460633576639,0.5176789065957816,1.0,0.12795112294658234,0,15,sensor
0.3961034860004557,0.8562137991827163,0.8759642887204919,0.4222776066207565,0.14718569087967387,0.36901667893562184,0.20437716438643808,0.13147270756645676,1,93,sensor
0.8999420334775059,0.7363512759958021,0.9450193228434738,0.6314650903916607,0.636745285718581,0.6371287683426788,0.055264853327633895,0.3728706263448607,1,5,tracker
0.7733856486469471,0.9219206284874132,0.7813822593340739,0.2266006315526719,0.03026617442398364,0.7771369694978513,0.4531062006119556,0.16306152099850094,1,62,camera
0.8547867095990666,0.9647946962630833,0.9579800588284115,0.6751553288001706,0.21264765494054644,0.6130113047264836,0.5586318155615724,0.4575776825373546,1,33,tracker
0.6314041623162562,0.6574282632198784,0.7904498319130729,0.31469332908685504,0.27525444114338593,0.8092727371405555,0.39055697702920866,0.23721923666948658,0,34,camera
0.5462731872641877,0.5273682546040684,0.841556145563458,0.39680564337231417,0.22456667265849362,0.7862880959715247,1.0,0.3126450207003788,1,3,sensor
0.10430207722538808,0.6671452755029125,0.720978227594248,0.49583325317944993,0.17605220191340692,0.9062520059337563,0.18027159429225045,0.5264222088427406,0,96,actuator
0.9983623407368053,0.6612277662397615,0.8109686702562203,0.7670264408375843,0.5042333195143,0.7211397252653636,1.0,0.5725381424724307,1,40,camera
0.905261173950479,0.8596684872633537,0.8382159721568732,0.9775881504953022,0.6344212269240599,0.37135380112554495,0.2993572359875953,0.36791576404301657,1,35,sensor
0.396522061307748,0.1818786924690283,0.7199049194567753,0.6697203039375998,0.00878365993803514,0.3182155248920607,0.2842381487813998,0.20629440012594952,0,41,sensor
0.653012038085895,0.3756257607155139,0.9356676353240383,0.260121613086297,0.16230689476350263,0.8069046356002911,0.5178292388027373,0.21906495907771023,0,40,actuator
0.775246560147648,0.6794992934580194,0.8009086176809339,0.7400994509169844,0.26093006026837007,0.7078963407552773,0.5466754038671426,0.5268167256331827,1,28,camera
0.330995605427798,0.4506536334823132,0.8070521716647083,0.4644652707578111,0.1889156762651746,0.782561851890012,0.7350227908453825,0.27171569718867944,0,97,camera
0.2580740584417512,0.17656601591323234,1.0,0.5655424189415109,0.2662260525191217,0.32501309518262983,0.4529481392273339,0.1701610200689308,0,6,camera
0.7609388062212014,0.9833770011466907,0.7378575949119318,0.10189396986147156,1.0,0.1022183548361219,0.5415517695149616,0.010044333570205196,0,38,sensor
0.1815587011954398,0.12119232451520763,0.8858625435076547,0.814168796822508,0.4300494526964422,0.7913428528790231,0.3814318232400755,0.6825008659520275,0,33,actuator
0.6549271264532113,0.42847531523251714,0.6898914383823864,0.30173282062118406,0.27382771831298036,0.8458442024646988,0.23771792401542347,0.2779562460125881,0,93,actuator
0.8828607748608487,0.9571537559592574,1.0,0.5927693673346529,0.23934416981644238,0.6257265461303569,1.0,0.32248308314438157,1,14,actuator
0.37588880426106586,0.33689078155014157,0.8117201541683212,0.5275344109816098,0.22043225648137982,0.8810055219702702,0.3748476046729963,0.42340762403234344,1,92,camera
0.2819884788263599,0.41042904615006526,0.7995650470907202,0.2790027871112513,0.04868270772926854,0.8253255055450002,0.34430989031301656,0.23272564679360538,0,34,tracker
0.8545998830007585,0.7185425943249554,0.8467605835001089,0.259775426461604,0.46991088477140847,0.7001172714826597,0.9184227696813216,0.15491039316259814,1,89,camera
0.8829967971922481,0.6871876793926881,0.9677583407814795,0.3888833509731258,0.132157146471941,0.9283039998825586,1.0,0.3660601636808152,1,56,actuator
0.7200220115373505,0.7544378564692407,0.8499660266228423,0.6672489899792847,0.2212322547287377,0.8419158330673296,0.2731307689866523,0.48813764489068845,0,99,tracker
0.785754613793312,0.40603587622539766,0.9326085097763464,0.7832543672508989,0.13653608041698942,0.7009696919562883,0.39559799885823205,0.5025832544832761,1,95,camera
0.4871793989213882,0.20038468696666945,0.9256193497210621,0.6465523825373506,0.04601487842136395,0.939089095054701,0.4025497743196499,0.6054130874391692,1,84,sensor
0.8987042079661344,0.3068065639699256,0.8550070139415508,0.2654105088193542,0.025704558659998072,0.8036025912943333,0.6843695195505709,0.22234132404702817,1,41,camera
0.7694876160312643,0.30490855403424294,0.8136703471693997,0.7838555736130565,0.9510406027733715,0.6577924651631272,0.21332504395721139,0.4784537848305027,0,82,tracker
0.4527466258215281,0.9140025692137914,0.9560079349826852,0.35504423978052535,0.7778148811709426,0.4774601161576897,0.21750512281039905,0.15206308129264517,1,29,tracker
0.5942133144712022,0.8295728177368985,0.8418697828559674,0.5328355223739261,0.8403526214656342,0.6777196188175539,0.4081915268005039,0.33813029350787277,0,68,tracker
0.8670610505013782,0.8757007324149982,0.9136326836000875,0.3045511624504091,0.1751339222425245,0.2430801278055981,0.2333151256271773,0.06760626502442216,1,23,actuator
0.3763009786674149,0.9228236890812374,0.872994127948209,0.24678896186865387,0.2684983237162168,0.6786146342136165,0.4620112665693209,0.18495203348686187,0,4,tracker
0.8043829902932638,0.8215208484113206,0.7198557624574844,0.5183745348280202,0.31510940607032667,0.8513553714090798,0.15516672870674467,0.3988616120322019,1,80,camera
0.7760349038914849,0.919083239091091,0.697634190297076,0.6366617764701914,0.12388284773202259,0.2588193727977113,1.0,0.14086999116342933,1,34,sensor
0.9127188560288433,0.11577256688663157,1.0,0.6611244526500388,0.2696953650020226,0.8803199585200471,0.25700100643260687,0.5587225464657616,1,42,camera
0.6830172385679162,0.4625891495941244,0.8512872267656597,0.6643421122418323,0.4328012460571714,0.8157297194990735,0.27066042823278036,0.5956009707527532,1,41,sensor
0.7847789211354739,0.15273994367139218,0.799151214566745,0.3410576271935833,0.2702543149532986,0.6201147577717087,0.38126987214863495,0.17786828442567135,0,50,tracker
0.9892238302886147,0.7263371971881241,0.8769129072985403,0.37790028394387626,0.05545172079330478,0.8964566912397185,0.2229933261749926,0.3606927246751552,1,84,camera
0.798779902715175,0.12637033612231785,0.7426245901957482,0.4128109763653001,0.0185750640525014,0.8808147793503355,0.4681351887138331,0.36870829821987045,1,65,sensor
0.9711122851648711,0.8862565879308918,0.8956935469420042,0.2855472104923686,0.21557712929183603,0.3738981134058865,0.6998039938058891,0.10854656986815024,1,97,actuator
0.7181072730781859,0.18478882816256265,0.8014300514446884,0.6699363178678165,0.2521498753683507,0.8174190198545819,0.40970691022339645,0.5521029085085588,1,20,actuator
0.5227656388190675,0.5294143274406521,0.7861836871142233,0.7236983929882974,0.6098735213699824,0.7493050306325926,0.5629057471225891,0.5829984142448369,1,38,camera
0.752376342125864,0.6736055864223784,0.9954368739051884,0.4423093829690982,0.20502582923961432,0.8531805277575143,0.32862912697305807,0.40095114218645184,1,69,actuator
0.24689308876979218,0.1437555049805551,0.8053038789904985,0.48779613954184986,0.6942212818066246,0.6595657806265568,0.33775829060160917,0.2957679535138275,0,7,sensor
0.5711658783220505,0.5277767579336834,0.7866028435185912,0.1450722627105334,0.08581459805924727,0.798321779061525,1.0,0.11084592748560958,0,94,sensor
0.8988985611018562,0.2698801248341106,0.8995907062977829,0.3622077052126385,0.09822059810283286,0.7233536004734701,0.8215050518455107,0.25240963691084695,1,76,actuator
0.6837746192435641,0.8678568003792633,0.804314907894428,0.22468570385114242,0.23770737753778057,0.7695685920364772,0.9569664929504664,0.17689943144825637,1,55,camera
0.34178383668465134,0.41830016183259855,0.7143181163234806,0.4707281382126106,0.06062575434684271,0.9243259473486126,1.0,0.49764582992018913,1,36,tracker
0.7981938076374375,0.276617951350076,0.9334374740800419,0.10193350133803658,0.3607648393173165,0.47978243203023196,0.7046668469304785,0.05162362078247041,0,71,actuator
0.7999194750465908,0.7529804111915651,0.9361653267194249,0.34413921825728594,0.13892076155899796,0.7024275145217515,0.7308615065776108,0.2243966558810175,1,23,camera
0.9077258602069302,0.3597916797204892,0.9847390528914288,0.5733483852267123,0.050693056148521376,0.9502939006597743,0.8024270812114951,0.4992731969566919,1,10,actuator
0.23488702467307643,0.310765439082935,0.8854463690896138,0.329753268232917,0.2571909645985229,0.7959494142953718,0.6139133779677092,0.2565553623446203,0,42,sensor
0.8640197034388422,0.9343264294932887,0.8820446530535759,0.33851209906444873,0.1450179952134259,0.9027029673333944,0.29976045911230115,0.3157780589186911,1,70,tracker
0.9955170148846118,0.7984300442090986,0.7915593793190141,0.737574155786502,0.9429808672698746,0.39465130371079216,1.0,0.27444810348040993,1,51,actuator
0.3786850393944966,0.3544518919335133,0.730944216391749,0.5526773951229619,0.11912464308914786,0.8683721361745651,1.0,0.5222165537304386,0,46,camera
0.7341972204521912,0.06952401802613672,0.9459198414576011,0.18759705388891335,0.09933154503045909,0.7566116460648881,0.7904860057088233,0.15914998355812074,0,39,actuator
0.5596061435060229,0.9152595421001257,0.8588882172613903,0.9648112175980027,0.083226462035579,0.4835623993809137,0.5143798849991184,0.4787055585803681,1,68,tracker
0.9728262424746005,0.13835630906009017,0.6713939934196601,0.4692752221814232,0.3334600492079371,0.8444521851801517,0.23028828177556082,0.37775533968546293,0,16,tracker
0.8512802572159077,0.3238596560477611,0.9560409778790753,0.630524677839709,1.0,0.2180226755409814,0.27561402812153374,0.15045375104509195,0,72,actuator
0.5896323303828066,0.7213989078520783,0.8550160067626215,0.4398652746977336,0.40759527095940806,0.6678125598397184,0.9769078592549034,0.2758898693691909,1,90,camera
0.7049751461760638,0.16858178047457353,0.9288331209783063,0.6098972052789258,0.3641720505416404,0.7081037573307998,0.3555516686653205,0.37265977739394,1,85,tracker
0.7885089931113867,0.5862048131174747,0.7895821864616516,0.5647845890995137,0.20319940037887144,0.3251562715370043,0.14437731501828394,0.17173334391564923,1,77,sensor
0.5911570005330715,0.6271674495103386,0.6672418571106935,0.7329764377431436,1.0,0.5409761309137061,0.21957393806935097,0.35753096848506616,0,72,actuator
0.5591903579270764,0.8835829030632045,0.8686926898095446,0.45089124433556405,0.3880983251774819,0.8779086512852661,0.8646550500025818,0.38538710263026227,1,40,actuator
0.6159255878876866,0.8833097131474473,0.7364126669465747,0.9428310218922368,0.07052588104179307,0.82924219606637,0.14961268193332827,0.7849447689794642,1,72,sensor
0.3906779264985422,0.7174064366458176,0.857257423392694,0.5788581834649755,0.14399756417419976,0.5042779378661605,0.8636770068910148,0.3278549824957814,0,58,tracker
0.7224077919304203,0.0870042803488646,0.8324579567965326,0.7351700597013172,0.8560742266244683,0.5744242874836049,0.159243778257588,0.3866200978121016,0,25,camera
0.6501834722699541,0.7545093855936615,0.8910589298841517,0.5122071827012699,0.17187602433255433,0.5397274010476635,0.4089739729532725,0.310365575854178,1,78,tracker
0.5968962528043026,0.37533821596507916,0.95736470920715,0.3926884326582468,1.0,0.671245071760689,0.15945735900590913,0.291334727739144,0,19,actuator
0.4324980005202617,0.5803987950563311,0.8339879430137173,0.9384799870993695,0.01290999803937406,0.3736804291500997,0.33004388280523833,0.34779512856375405,1,19,sensor
0.6133434195249591,0.1800156368817752,0.7927306089599483,0.46176438418273197,0.45281415761356253,0.7403732662638399,0.6205297815988521,0.3614858983008795,0,4,sensor
0.7453794017819763,0.9262564259113865,0.8632556840729088,0.696570608174012,0.08728386754498582,0.7264122131559854,0.500996956051031,0.5224287224506099,1,73,camera
0.5144616851219618,0.6783756613697194,0.8073118985065484,0.49614397605914984,0.15871325047472293,0.8246358075558102,0.7841291788347929,0.27908864276216333,1,76,actuator
0.5558653749434035,0.7754597465683569,0.9868512597451049,0.9716857526684759,0.31139774679098825,0.8861248543024283,1.0,0.9134560005490097,1,79,actuator
0.5047464532117802,0.8236871648225614,0.8306471716351359,0.6414674549002438,0.2133873052508135,0.785396959371409,0.22991880871492498,0.5845673171180649,1,98,camera
0.7501810757881547,0.41018682453011707,0.7431433833443546,0.7956559393109895,0.14365994141690158,0.4993224311191157,0.20389815368912825,0.4235258837094809,1,3,actuator
0.9192119415031645,0.6610138462281909,0.8359115905644843,0.42163588433440374,0.5616615963597471,0.7774726517354659,0.4240318799829527,0.3279816585387132,1,62,sensor
0.786418181284731,0.5774438623604038,0.767330021367112,0.5643727581316708,0.1157803937099392,0.44495501926151376,0.7713466937882955,0.24567962715939276,1,56,sensor
0.3603190837677862,0.2622389540897538,0.8905073785690334,0.5476988134035987,0.6090109061808594,0.19052482500150553,0.6967915356998637,0.09626494280855935,0,16,sensor
0.9574192795576411,0.6292708170355337,1.0,0.4463377033580156,0.2430378244537214,0.6604526815105114,0.627502548177645,0.30883353326286844,1,13,actuator
0.6112499067953079,0.948015905492854,1.0,0.5174915856051457,0.9712918942238457,0.3125172228203241,0.6656596904230926,0.15364232240205694,0,28,actuator
0.721598189738549,0.9569970466021606,0.8719141273280374,0.4588058381212692,0.8514545842466988,0.5168556128679012,0.47595945776079607,0.23406056988363752,1,13,camera
0.828371900259004,0.5853766684757841,0.8699459907650975,0.49164305951867815,0.6952231216580802,0.772816601726732,0.27578481355069606,0.4141327359589527,0,61,sensor
0.431487711609271,0.39710056344491845,0.7775145797462559,0.29144161050671186,0.2595045017782187,0.8012565857330551,0.08222823324846022,0.2271005448474856,0,4,tracker
0.9903445275431333,0.4110072377323327,1.0,0.6550582761223981,0.8594338315231953,0.4050603996218177,0.09988401617067451,0.2306792938801395,1,83,actuator
0.38984996573801417,0.8735038974905808,0.9428261926144613,0.5048040974086416,0.08677167943272499,0.8524052561061819,0.6823179649451486,0.503177572699501,0,71,actuator
0.8626514496739917,0.3360132921322221,0.8747631375415766,0.729281092067179,0.9822008096518895,0.6372500650963248,0.9619713146150655,0.45565995425993305,1,47,actuator
0.9323580289453485,0.17946391587179847,0.9760473673831677,0.5097985528576409,1.0,0.538936904677955,0.2806842195839358,0.26374519402408775,1,64,sensor
0.39786142202470987,0.6926536940308402,0.8057664948255916,0.4098594580409933,0.09951666570083013,0.2243246931819221,0.5249343485198894,0.09923829995173611,0,23,camera
0.8308133371538897,0.7966645434612227,0.9428844804956025,0.3933685108579871,0.04175199343175504,0.7817169743335981,0.10715932867831758,0.3070246040848669,1,46,sensor
0.7649410228328147,0.363423495639798,0.8796336629261648,0.6569656332540557,0.32151270725174513,0.5512792262004225,0.8113679791261923,0.40488592418000835,1,75,sensor
0.9964624355197449,0.1865345452797595,0.9317675363651102,0.7506433951124769,0.024165860829405587,0.7205754335071999,0.7301932391489979,0.4732556040142026,1,65,actuator
0.7925537427494413,0.9882780373501645,0.8607289534745393,0.43331008932090587,0.15540521831352488,0.7874285796143978,0.5340837061678515,0.30526808566249186,1,11,sensor
0.8125235196546309,0.39422224194261263,0.9000705612812204,0.5088736155820958,0.032358566809271336,0.9461597217102439,0.5739061806419578,0.4149213498689474,1,57,tracker
0.8331085957354106,0.8714442696618793,1.0,0.27994373606891554,0.1337939622537067,0.6204166004278158,1.0,0.17694178383817924,1,92,tracker
0.9873388810553421,0.5398488969955388,0.7347612765951245,0.7578273158281597,0.17186317982780325,0.9057671452846098,0.13760091115220718,0.7346752227365775,1,27,actuator
0.8528859128763387,0.8336687708897567,0.6162360688376816,0.7639355266159843,0.6101966762535698,0.7596583880947818,0.14949598007855613,0.6359544507671971,1,16,sensor
0.9003534094434266,0.58773420779974,0.8591983399671786,0.4397765210972857,0.27117813695746984,0.5932119057092674,1.0,0.30898352014859465,1,86,actuator
0.4671487809288909,0.26893998064049407,0.8921713479310688,0.47320792546574947,0.09494186614657298,0.876836810984539,0.21951125680115083,0.43236541437607906,0,51,actuator
0.9347024852840622,0.39810858359416756,1.0,0.3629703162316672,0.3274046667541496,0.6233429232981242,0.22723612906630725,0.22656832519290587,1,68,tracker
0.5370171400619456,0.3056681260806358,0.8590827668351567,0.26533371503733255,0.06502287872360887,0.7160833626293505,0.21174909456519916,0.18756578375084723,0,16,camera
0.10748323538985002,0.07750395761643186,0.8161303981861072,0.8404481453949308,0.38005997523315227,0.4564842604018957,0.3884116515837607,0.3718769815124396,0,98,actuator
0.39339786615184297,0.6987511751324891,0.7445299540236376,0.3774425505403366,0.2685245782062286,0.9038292181416198,0.1512710017054536,0.3186266678886008,1,25,sensor
0.5225500487509601,0.8112218730451678,0.7065529229507335,0.4872185443161083,0.02845582781055281,0.6527133575025993,1.0,0.33005102672520087,1,77,actuator
0.39716325499696725,0.9968320253938191,0.79467726793682,0.6606115356247177,0.492236346294772,0.7974254930413279,1.0,0.5147296870797823,1,70,tracker
0.9651043816035394,0.9251736166904152,0.8501155908365802,0.3647951787560717,0.14064806572704341,0.9230426391805724,1.0,0.38251381213863567,1,69,sensor
0.9665769042116542,0.8761979569305182,0.9242462923129502,0.6775949316101726,0.2184019405839975,0.9097372972552804,0.2966522240170864,0.7053342134493588,1,81,tracker
0.7491130926399552,0.8997088407358396,0.7807430814478762,0.8800750034306174,0.24050924353185774,0.5729314353264856,0.15875778228876544,0.5454612368514076,1,87,actuator
0.8851118612419556,0.9175782844173912,0.9597404320390074,0.26035924010245154,0.07741266681941053,0.921533116395678,0.490453026914922,0.2459672216499578,1,67,actuator
0.3091598687268346,0.8688236013877556,1.0,0.6471909543918122,0.19673493645106052,0.2813988552236178,0.17210415161267814,0.21394867712887908,0,68,sensor
0.9742395119718111,0.7938269409914083,0.8651844586844069,0.7896921333948164,0.35428144501361014,0.8272606737215227,0.06332454408051208,0.5633810335643503,1,29,camera
0.15094846671748235,0.24654078621497913,0.8218083781779684,0.8247892957033017,0.5614739593107505,0.4352890519786976,0.22322087439780805,0.33661083879235365,0,70,sensor
0.8037027661529422,0.9872898584358366,0.8300884818476882,0.5809719501304998,0.16628952595419183,0.6845864730375315,0.527257168539643,0.34397892982522965,1,63,actuator
0.6383332237586167,0.5297809122290185,0.858565285517588,0.4880061048166611,0.16502529509551914,0.907640443733621,0.05889604222053586,0.4631473349901497,1,81,camera
0.3623800353998578,0.971228384156205,0.765813179693402,0.3393385715999663,0.4325938121548856,0.705359952476396,0.47508002240156166,0.23237129562998804,0,7,camera
0.7402108223223406,0.6382792964339695,0.968810995182012,0.10090580987162877,0.027295294392097054,0.2996828022755615,1.0,0.028634419527949262,1,71,camera
0.7476215412533606,0.7903043277581322,0.8671997114702517,0.7869072222915616,0.30275074673816543,0.9014783015598716,0.5190822505439422,0.6865016002249764,1,11,camera
0.347202701290827,0.9926520986735793,0.6610277275824863,0.4967151474922597,0.4245738912517628,0.7502242862636092,1.0,0.3592570463717987,1,62,sensor
0.9050758178821063,0.5241382590781997,0.8114618913207583,0.04726742983057704,0.21648575665984104,0.9292458184000917,0.7081183447568321,0.04606737433233169,1,12,camera
0.8120568830890591,0.7733661704841274,0.9534731903771831,0.002156240801727481,0.16675335713313238,0.8308172166157599,0.6437570494268978,0.0018395164987477608,1,91,camera
0.9383595601390113,0.33588606869168597,0.6263764920819936,0.5690086191441436,0.3457610823308589,0.27199827538896093,0.8424917936231718,0.14990416154727249,1,86,actuator
0.2857745550193274,0.11796592657289119,0.7215918688635293,0.31635423319841915,0.04353674259009889,0.7910878312561175,0.9095121121680554,0.2607189497999301,0,25,camera
0.9732475029513066,0.05440421595862116,0.764662728617002,0.22043232664370022,0.29189026364716597,0.34025470042068484,0.9321576822667488,0.06501549935049569,1,20,sensor
0.8265514228566438,0.37051118827472634,0.7893906985664559,0.4898626181845139,0.2046320470850039,0.7668572621793494,0.7033291184253174,0.3995800507625904,0,82,sensor
0.49516986375752775,0.9864312375254564,1.0,0.40327749937016794,0.4284023701866653,0.669335693126466,0.960346910509642,0.22408180691845292,1,43,camera
0.8408181385667219,0.6502388415618916,0.9710520966269774,0.37727168044651166,0.05316781938090852,0.6688322144978924,0.620031547207734,0.22239283975767618,1,32,sensor
0.3456873287824483,0.6350544762615846,0.9005353353970642,0.4889566017314161,0.4617511469776236,0.7829764075596267,0.20147489461879756,0.3772038603808586,1,6,tracker
0.8103079664869545,0.6802526552635906,0.5888043660847802,0.3857036177156128,0.15095895647553817,0.6746851414737787,0.5263524250139371,0.2623506737714565,1,39,sensor
0.2549330037545881,0.10820128466457396,0.6655053963883061,0.3263910927790146,0.01912039544031253,0.6839669862662477,0.49329110078821303,0.23217913174734664,0,12,sensor
0.8978039487580933,0.9415065103522406,0.9264223289703367,0.8659209670004505,0.18388254600905152,0.29414426645771163,0.2167938495690637,0.22963189695872502,1,65,sensor
0.16991550785997742,0.6321824133429478,0.8465848732788925,0.8043244373923041,0.14854390083993582,0.7547746951625618,0.4106495670558735,0.6502441445620346,1,64,tracker
0.6316576487657031,0.9715660329123861,0.6222604389521788,0.8793004624493055,0.1588727760730277,0.5714071549976271,0.3515339276375088,0.5734598160108194,1,70,actuator
0.3669430328443131,0.9792100621456359,0.874293802524749,0.6137662668872284,0.3439159949064826,0.8178250752905971,0.3794527192928921,0.5249917973296899,1,59,tracker
0.7049984024030546,0.965755176792163,0.8802681560571242,0.28466385294410496,0.011662364195816797,0.9367890381819562,0.2712625844810999,0.26480320414066194,1,21,camera
0.7010472841829362,0.9980352931065598,0.9201636693901947,0.7684575337077348,0.34380396437625177,0.42893541268745083,0.12333429048421285,0.3333764640590005,1,27,camera
0.7971846012819598,0.3089103356557315,0.7562185959956648,0.39838410404334207,0.17430504564220173,0.260501501834843,0.4701698201320928,0.11136414333674777,0,87,camera
0.7866677414595716,0.4015757753400866,0.8879585908806953,0.18104657437351432,0.06881966163246937,0.20594311524768974,1.0,0.03720014344028273,0,43,camera
0.3615537758404726,0.9100864123046338,0.9146331310200595,0.658457951723801,0.5585442508074964,0.3593231027411082,0.979422297469703,0.19563397768062762,1,50,camera
0.6808428169530031,0.8545469666874281,0.67589531627257,0.3483636881388701,0.028444031169297213,0.6690194814097308,0.324088656418867,0.2981362634365427,0,73,camera
0.9947140586045011,0.9202053234693411,0.927512201648748,0.501337701653392,0.09807789537302893,0.8586906012448777,0.8993030640023073,0.37248296330307623,1,94,sensor
0.8904006464040796,0.969787697334836,0.9583574861964697,0.27434187602204835,1.0,0.6161527961098127,0.6582793875418912,0.1794862102470496,1,55,actuator
0.9745393212507344,0.33757019193046933,0.7553333964976168,0.42787350454421397,0.031183485813782837,0.8923151117154472,0.18472654721921597,0.40649419573550344,1,62,actuator
0.7635610090904488,0.9223895916052066,0.680157419631705,0.76584210182094,0.0742921663033574,0.8646483684732412,0.5554202765858417,0.6721030206077653,1,69,tracker
0.7776209020940993,0.8913227361973312,0.8703881916938768,0.7416853634453845,0.2244836127645935,0.866753400247449,1.0,0.6346293809494868,1,56,camera
0.475318858614447,0.3016499780576853,0.8830959775022449,0.0491175429298275,0.4247991478571005,0.8315783497500737,0.016497402614563696,0.044098547037920356,0,76,camera
0.8885436500352492,0.6460218543376401,0.7748750231485966,0.7919258933601235,0.08179832841044968,0.807417922691593,0.9826151136925683,0.5879992210292565,1,63,actuator
0.5368025388237557,0.7970459901144895,0.7412357921846299,0.37723985290885576,0.3439709159364556,0.5123350672562927,1.0,0.17933062717030426,0,50,tracker
0.6038962319041384,0.46301724428961166,0.7798025127285461,0.8792492897106463,0.0520977173241292,0.8326425950150999,0.08248273861267146,0.611462479316704,1,46,sensor
0.9547920066690935,0.9986018007541028,0.9412774521269998,0.7957114584363474,0.03201992117104492,0.9555297377669281,0.9923868600979813,0.7019952862224893,1,54,tracker
0.3907730845771239,0.07050302775063527,0.6806596996276765,0.7916364467961232,0.1496549865634037,0.7930193702779179,0.5791802246988379,0.643248302489013,0,9,camera
0.8705885991786418,0.8841375371234355,0.7396832754714703,0.48796420354138176,0.030352259502102207,0.7793863529219708,0.27758025186854923,0.39077123408934383,1,6,tracker
0.5310520244026539,0.24267865017064333,0.7892469806796877,0.616923436239237,0.8399895698820441,0.5360838102363199,0.41746845759908274,0.3587614305897685,0,13,tracker
0.587204001421693,0.7678841641623647,0.7497030738564481,0.6016160466664876,0.16444996508076057,0.4852777285581559,0.6027443921780153,0.2828799006915348,1,34,tracker
0.8065320712704603,0.9251038226712639,0.7992935685452673,0.25179694948501397,0.4309865969121147,0.8214885731929013,1.0,0.2421992703470408,1,40,sensor
0.374622736237819,0.5641952088167608,0.9636810853802523,0.7458432752141894,0.17501525088847533,0.9003117381037193,0.4155394981735762,0.7225018668405054,0,56,sensor
0.4483512875923454,0.39199804376222197,0.8845026704859287,0.7409413884030404,0.056203853466708906,0.6984466079318113,0.6421471537846863,0.5354170646102241,1,3,tracker
0.8758291725762789,0.7348430018097075,0.835650727799514,0.9101696163672457,0.17216084505939755,0.7767105724965971,1.0,0.5615414263705134,1,49,camera
0.7366974218872788,0.9706011597099571,0.8588704757283504,0.20297409281502007,0.1421215647105314,0.6565558602665237,0.693881342097753,0.12174678465140558,1,90,sensor
0.0628004419772052,0.14415202819997733,0.8793540045615122,0.2328324000106506,0.09357211895558905,0.7847450267878848,0.707815577371076,0.17636823407734972,0,64,sensor
0.8016360564887518,0.6587719050007325,0.7581413126551377,0.694977840481017,0.21424788989706273,0.8242943128325914,0.3580431330224188,0.6432437759984803,1,30,camera
0.9694085007144231,0.30057120539171345,0.8244680960250124,0.37996087010520097,0.2433017324770832,0.4177608440379885,0.23233409158612045,0.16981926265824054,0,87,camera
0.19464820043673767,0.22879710814529713,1.0,0.5489122815212271,0.03545789950951504,0.6973414521015479,0.5860946641959398,0.3153246482452447,0,11,camera
0.5591657822659466,0.7613711144333074,0.7527705149024623,0.8896913747852896,0.06777657698225877,0.6939651550606998,1.0,0.6198048378043693,1,89,camera
0.25840887408420715,0.6280249527490654,0.985548494573564,0.226827861678638,0.44010703345301155,0.43336723469119887,0.604303357880557,0.10572254496303632,0,26,sensor
0.9265860137079603,0.9737841103462984,0.818925292329346,0.39090819435709573,0.04107407901597811,0.9865782193455085,1.0,0.3505909719011607,1,71,tracker
0.5155178338181722,0.6093047103765047,0.7685198751926517,0.7528121375891819,0.11918457814428371,0.4016946754012181,1.0,0.29565432259810287,0,3,sensor
0.7610233768792124,0.7861808533685939,0.9009168916878033,0.1307580849855762,0.12526504446832049,0.6754662702215578,0.5193148300525716,0.0903020709423845,0,88,actuator
0.5737414178298803,0.19425694418412434,0.7813104940638278,0.7461685909373522,0.05896569127603642,0.9794544122364102,1.0,0.8419578590706672,1,55,camera
0.1258980220339865,0.10632875083091463,0.821607456707224,0.7477930521230586,0.0890504598279186,0.9677174126993583,0.6765725476837577,0.8237196078308989,0,64,sensor
0.8757700729846244,0.7889325126912491,0.7747016496851696,0.444458100343425,0.05753213912593589,0.5652129717217267,1.0,0.24207840146233778,1,14,camera
0.9878556475690817,0.6716551713458455,0.835644101523653,0.24755869733213642,0.1938871622096336,0.9095535196100089,1.0,0.2411114091920896,1,48,tracker
0.7924215622040851,0.5781544077106419,0.8946258488777974,0.41174396607088903,0.3525606246345955,0.19176255790633706,0.18383497273479904,0.06174915843707235,1,83,tracker
0.6777994725161957,0.623778212112282,0.9332340543156596,0.3950002220458002,0.08928472566152726,0.9117504256734493,0.608412670335138,0.38291165955429485,1,76,tracker
0.9910344318595183,0.7713667217425771,0.7869182687364022,0.2554919540794113,0.17726983612183678,0.8694950293100078,1.0,0.19666229817217687,1,46,sensor
0.5819308168873604,0.6804296921648636,0.8730760700079916,0.8765309140893287,0.12593666142628188,0.8776964028362091,0.07894601796423324,0.7802588055073659,1,20,sensor
0.7947906296285584,0.961215319199753,0.8669440115913243,0.0963858409431942,0.2656902589218165,0.18087388768654214,0.3038618581469713,0.017146201130713072,0,32,sensor
0.17959678351957867,0.31950670459188424,0.9714201338864439,0.3032643117994093,1.0,0.6340534794836186,0.7349677399063982,0.2540199063440112,0,53,sensor
0.03398239615896564,0.5658862927586864,0.931990517633884,0.4306652987256781,0.40266311310195235,0.4202117915043342,0.25976489996220464,0.16013352202880982,0,61,actuator
0.6591634274026719,0.03425215933216815,0.8966497945612256,0.8314037332312479,0.018287582206865785,0.39272447225375773,1.0,0.286465028426068,1,3,camera
0.7866018160630835,0.9376685903635635,1.0,0.42049645942383895,0.046015965713054004,0.9571635494721517,0.5849419758289256,0.3802148539110458,1,43,sensor
0.4203778376693546,0.18385767376385304,0.9168224509290287,0.8660412526211378,0.231920587091402,0.772547122121202,0.4629565292581753,0.6934524717460298,1,45,sensor
0.4428348317137453,0.7779165896716103,0.9198441662732872,0.29718529584320336,0.2745405215037574,0.5351291042111374,0.13296321816065498,0.15897489818014673,1,85,sensor
0.8884065559428415,0.8775355573276812,0.8404456738868736,0.760863228353211,0.4300866507353313,0.6751413089517923,0.09817951308241188,0.540230681231723,1,76,sensor
0.34953807832905287,0.9790412811114693,0.8055450386732068,0.3704090436808402,0.005692025649993388,0.7256583531096492,0.38877948123025646,0.30152506088185044,0,25,camera
0.5027054665549782,0.6099328877407962,0.973564472059158,0.5296063382621938,0.06092242733269678,0.15600301772927538,1.0,0.08832967326621993,0,98,actuator
0.5568267684427076,0.7703287954542116,0.8404736931288241,0.3885379193520777,0.06838522805381869,0.8324984001443934,0.5301884539863659,0.33287290227141786,1,37,tracker
0.8768490879649196,0.4561314571378672,0.6981265892438819,0.3600020843644749,0.014025011215754701,0.6755704455544099,0.34520782191527905,0.22525528586556381,1,13,actuator
0.8412381802472512,0.19109812714052943,0.8767237217467203,0.6902443711944866,0.3410796107109143,0.7571015972019102,0.14140831343777027,0.5248174929727827,1,57,camera
0.8155184004209195,0.7342484613536933,0.736660317465176,0.37131950784557816,0.12413425350072313,0.7675092839661276,0.27978249203283273,0.2898695798661769,1,67,actuator
0.9032684164334438,0.8558863396547338,0.9782155090710233,0.8103214063198177,0.11716595404672561,0.8617921581971297,0.08818943153910509,0.6943296171783405,1,9,actuator
0.7217290681566771,0.9057687723463896,1.0,0.8692767300129969,0.2503837111862699,0.9172646843850879,0.6950921175681757,0.8336737155826566,1,77,sensor
0.8841150034927056,0.8707901760674172,0.7863529262364084,0.699034967137991,0.04603236515595318,0.3307274827835629,1.0,0.21442922162759637,1,75,actuator
0.03737370813517672,0.016145363235403647,0.7901757560107485,0.4106676294516984,0.04804770538594486,0.26581897693327255,0.3638124758976718,0.11297123066452364,0,89,tracker
0.7691691187044831,0.9823408256355003,1.0,0.49735605492942736,0.8039841510945165,0.7449265085237393,0.15957551221490626,0.3619463821889417,1,60,actuator
0.7418650625767649,0.8639441059320336,0.8178009281788895,0.4801637208701308,0.15295213288090556,0.7542879052555304,0.07655160632614617,0.3279120535690193,1,90,tracker
0.6450090251180859,0.6623693667594001,1.0,0.2547434067181917,0.46403138943287986,0.85527126228483,0.9416698646526729,0.2135340760141062,1,99,camera
0.8351706606549774,0.9270083955517894,0.8323699400526321,0.2480661573106315,0.06980385268860641,0.7556235698254045,0.2577039603883163,0.16858129989772316,1,8,actuator
0.8975723002749091,0.23330853529545623,0.9566070298987683,0.34018837176902805,0.5112773594831591,0.7169151635945505,0.5037280148332153,0.22227194987082738,1,78,camera
0.45385435104968175,0.8874130612801474,0.9281722195141077,0.42061728249907887,1.0,0.6980247753688174,0.6836594415584055,0.28832015959557417,0,96,sensor
0.4056899855604592,0.13924573639935872,0.7504319224591793,0.48291288611040334,0.5227535432376111,0.8010281343798403,0.5592746700918777,0.3345957038211441,0,10,camera
0.2100570798251663,0.29539996803059787,0.680222399111307,0.3134120707981798,0.0564262404197732,0.8876110882341793,0.643706824874657,0.27987945872959424,0,93,sensor
0.9947219336989698,0.28984879371132194,0.8630325515702614,0.24804282577091255,0.11915157712618932,0.6595485616424588,0.3804658055139038,0.1700128957803169,1,19,tracker
0.6503637924509941,0.6551355557702871,0.8111739054744918,0.49807492350350074,0.07887415847238108,0.6744132982469235,0.22570069289347255,0.38163354342060984,1,86,actuator
0.32592775149516723,0.5946951161223595,0.6600564209840403,0.5796531316591226,0.07651804703003232,0.7137681564494814,0.1530660835044651,0.4311652776226106,0,55,sensor
0.8677139503166506,0.6407052508302056,0.8914407533613655,0.7146622165564279,0.0244691186595391,0.7885571145089211,0.5923004107535695,0.5812051430542492,1,68,actuator
0.6395192793681244,0.2777818730459691,1.0,0.18804188505005356,0.025802596686442837,0.6432340049813989,0.2756038604159781,0.10545651809565519,0,90,actuator
0.940028382142588,0.9447451351124807,0.7707640959299393,0.6755126445977544,0.4636315024755559,0.4190683438770486,0.2690407723688744,0.30249282634198427,1,66,tracker
0.3682240878361393,0.6924057190281337,0.8353471104733025,0.5512260331120963,0.5190593009788861,0.6442602633872513,0.4486510282569605,0.41664986824326083,0,67,actuator
0.9003110056744502,0.5057465007796168,0.939610865992264,0.26984167482567883,0.06440360492474898,0.8125585418050846,0.475107195662005,0.2263267339833859,1,39,sensor
0.41506613769702283,0.8847872767788518,0.8093022178558248,0.017745804452477736,0.4805536167443988,0.5466030629274372,1.0,0.009397680347893659,0,74,sensor
0.6702848833055421,0.413656007925973,0.8282929877497908,0.8573229066840568,0.27041279064012597,0.9141304922468666,1.0,0.754671964912591,1,6,actuator
0.8533709914812282,0.792400889336757,0.7336542730403064,0.553545903684928,0.08049593812064992,0.5832071544824593,0.12329278602596455,0.35048852582488416,1,2,camera
0.46604039299671923,0.6177732349517074,0.7429572253193623,0.35999678334368335,0.16133009474471977,0.8546053028005228,0.28941653140757334,0.3044064466830149,0,90,sensor
0.7852351086822744,0.620550966170072,0.8448204237505015,0.5063749243890099,0.1815184845095488,0.8078128690628869,1.0,0.46645090586923643,1,85,tracker
0.7746388644109464,0.5397725730840436,0.8862352021431488,0.43982577509823273,0.19737210626682042,0.8838630835930877,0.5059851742666696,0.3678690662159057,1,84,camera
0.10512313183810656,0.7883105069715824,0.90693231464902,0.16801045070778298,0.42679043004325673,0.815628819862682,1.0,0.13112493258490174,0,26,tracker
0.6758471348422248,0.5857335678630408,0.923105960857102,0.5194646755401215,0.4581950862827435,0.6445423794938326,0.11972747097526472,0.29252520848164104,0,40,sensor
0.4901920129054173,0.9477375291035035,0.8214294083479206,0.4683394483101843,0.11446099177290511,0.870604864265831,0.44273964966067053,0.41417100570514154,1,27,sensor
0.9509827708882985,0.14975096329864626,0.7592992453980428,0.12961906055807482,0.36715993872890706,0.6832640745107591,0.14380311042757532,0.08616521964844685,1,43,tracker
0.7588004497564964,0.36305448040615423,0.6628922307644165,0.4635066231043671,0.4001264106104575,0.6821485014976656,0.19290366415129198,0.2906242024069388,1,62,tracker
0.7344447081051229,0.657654337055483,0.9002233325183402,0.870766438548496,0.057183580619665705,0.6047423778072806,1.0,0.5277684713429165,1,26,actuator
0.7869880506726888,0.8200849029132958,0.8520898758641675,0.7082504519698318,0.045216012147996455,0.6870868260420622,0.22313097752323877,0.4984636487331106,1,20,actuator
0.974967774703947,0.355694434662814,0.816660548569268,0.7299432024791006,0.0033553958210544776,0.5929773579635698,0.3078510242752713,0.45234746235209294,1,87,sensor
0.7451589872356886,0.8202617740275319,0.8621767721559952,0.133306014429612,0.1886010222757275,0.4819277190497643,0.04079366071378171,0.07759870652669235,0,36,camera
0.9384254103419774,0.48104163909602127,0.9097078448610934,0.797561200386549,0.08227616915793853,0.5886610499015447,0.044285822328835565,0.42712063389581445,1,67,camera
0.7355982541354315,0.6519928982427134,1.0,0.4289041548378633,0.08536968611738645,0.7222705142709721,0.698307591206943,0.2271998684371895,1,60,sensor
0.8665249851341199,0.8802722083362708,0.8024935942265253,0.5377947866899717,0.47509252499536203,0.7839240875115142,0.25371375545182195,0.4004005752929343,1,91,tracker
0.46186518471624055,0.5851198946942974,0.9834593427403563,0.235333363106171,0.11985743151142994,0.40711553990318927,0.19205281086836437,0.08867342456725678,0,16,camera
0.41163527026776714,0.8575968205344804,1.0,0.2636363869658999,0.1558264616756882,0.752934824596983,0.026108956351766424,0.15698376157210722,0,69,actuator
0.5129062597537916,0.6020650020747514,0.7241963113021407,0.5654695521839734,0.22963917584990554,0.579091567320448,0.3505269856124705,0.295577480427327,1,78,sensor
0.9308384632470252,0.9089448770082529,0.9454273229682677,0.4120693700155049,0.3926267547920104,0.2930580890271595,0.0823110366273596,0.11068243933460956,1,33,camera
0.6150687599343293,0.5540828953792284,0.9800969603177374,0.2671917356964818,0.5223300764767569,0.6881972375688842,0.266452614557336,0.20960841959555404,0,69,sensor
0.9561318353298194,0.6029537248429697,0.8919537832210939,0.2541053850862008,0.3635533480121117,0.740671182289295,0.08173278779134723,0.1609856663987325,1,85,sensor
0.8431717701426272,0.9645962417338829,0.8329696169553839,0.42826866799833335,0.31937737883431494,0.8187971973556545,0.33253789693972163,0.32211751925735455,1,64,actuator
0.9786652174544535,0.36945596045089596,0.8476955609294854,0.05375210331769161,0.45383908919915283,0.8317569761650259,0.419088742653255,0.0479383743863731,0,61,actuator
0.19599730622470046,0.14435145888603312,0.8398926908378352,0.5742886574245111,0.027637074385409993,0.9317663179231471,0.49692524097229285,0.47876899645384596,0,44,tracker
0.6889044559519207,0.7646430341743983,0.7392846236728192,0.4693431443434325,0.002259341284364048,0.8209936842672484,0.38992446303762157,0.40844115167915984,1,58,sensor
0.8085604373037875,0.9593351885458089,0.8537821064181217,0.6725169645013614,0.40265012396214467,0.6049618463285016,0.178665225066758,0.4774263250298346,1,56,camera
0.3407280315241493,0.6590702017864364,0.7077777239959839,0.4527502241451894,0.08165555772348773,0.5948488575572712,0.7211119298412899,0.3129902980845581,0,89,sensor
0.9714793198092736,0.6587568008455004,0.9222608864467189,0.3746822066887845,0.021209834277681236,0.8956272780120671,0.9501696371000318,0.33054350532009746,1,18,actuator
0.5293650960628672,0.785911380431096,0.7561322661518423,0.39417099636520414,0.4928023464329767,0.7695151898751458,0.17198074801011265,0.29953677085256586,1,60,actuator
0.7669603143049719,0.8469858591055479,0.8509341524441263,0.947354176541159,0.348995803252691,0.7606996834362604,1.0,0.7256395381111928,1,53,actuator
0.6735232050997602,0.8863881997529443,0.8767843193058449,0.2809933463663337,0.3907934656077153,0.7534374341352765,0.2711370762813233,0.17865501876909212,1,86,tracker
0.6657475646312564,0.9157596965655018,0.831697959876977,0.7830602870018167,0.6973218883136203,0.6727949572684585,0.785859297666845,0.5573904867533682,1,38,camera
0.9474844880025237,0.5024201751514141,0.8377624114623947,0.36635600426804277,0.06948657733822404,0.8300026047265269,0.8500381523968016,0.31938749246328424,1,70,sensor
0.9152201321262057,0.3687182068366291,0.7238158096599957,0.5574899035379286,0.5732323710774512,0.4683458157154785,0.36098261046588354,0.25600890602765963,1,80,sensor
0.7986429734996618,0.8002954896759605,0.9618457460041577,0.5799545454770775,0.0261746039731875,0.39295494802817116,0.6997880629702281,0.2515837678409193,1,47,sensor
0.9631467062096717,0.5614786535804946,0.5995572591533019,0.33835190262283416,0.7627787304655331,0.38243029448380345,1.0,0.15044277836463876,1,6,actuator
0.8517137098301882,0.33500840074293486,0.8281446297342191,0.5559843060779415,0.21279585412259525,0.6635281178385963,0.6533875735065685,0.29996415469262766,1,3,actuator
0.9592866997924685,0.8978314843350413,0.8193750522318118,0.19091910884435384,0.05892884060615191,0.7956461217345918,0.4027730649026047,0.13807880892108293,1,59,camera
0.7292892746063284,0.7740933427217382,0.6534384042138812,0.44852796366204156,0.18476081712058331,0.9229960989429409,0.635567842461857,0.4002180173882435,1,22,sensor
0.16919420769866494,0.3844909870286573,0.7459970587941123,0.464384268325066,0.1415568389739967,0.7837854256227776,0.9044674329080675,0.36383768883916223,1,76,tracker
0.5861067534393675,0.562238295857875,0.8633644233256468,0.3796219589858355,0.3823994296983823,0.6067931942029967,0.3502673860364865,0.22895161261590635,1,52,sensor
0.6865387760822,0.6614275598100076,0.762678296912104,0.3614177356175748,0.619901281794226,0.44954109684375565,0.2948698660831119,0.1548429992784234,0,5,actuator
0.7229066188759651,0.5377310403107919,0.8910182179931058,0.2535788910575398,0.6319742830520598,0.5453494009632542,0.23589361454039237,0.1370164089918637,0,85,camera
0.9196336962038185,0.7314622088382552,0.9279655189547501,0.7282114776671135,0.07368510398160898,0.6710194700132239,0.4465077796142381,0.5892355375590621,1,77,actuator
0.45642994804585146,0.9095400831876015,1.0,0.44520613648042034,0.06492477446341463,0.9331474722416011,0.37632705756476564,0.41021603149417785,1,42,tracker
0.6777226599191865,0.874807658195595,0.9421367300022916,0.3826997222278049,0.6537967737327112,0.6315966079762174,0.404344549081137,0.27674762966129834,1,67,camera
0.8242937801580982,0.1540294008521206,0.8314658807352044,0.3404883087593425,0.3182556067821104,0.872599695428357,0.44405727642463516,0.24714784917001445,0,91,camera
0.7682507352708505,0.1411163844627169,0.892043023488654,0.2077430513968144,1.0,0.6844108140786955,0.600873280053103,0.14070279744853925,0,24,sensor
0.1796560212155084,0.4705405964063733,0.6584477061235805,0.35707676283424983,0.27324626580082534,0.5672569547941825,0.5338636992997058,0.1996567381327499,0,16,sensor
0.9434421282010798,0.8373383558286772,0.7861835723683496,0.6779309554453012,0.05487035015353847,0.765688498664796,0.07659504057842431,0.5149687335270567,1,34,actuator
0.8281148190542535,0.17531694415845955,0.8921133055510502,0.6393103804678327,0.9375905390913035,0.6710320728689592,0.5851418910649052,0.4389230265288757,1,84,tracker
0.1709882313470086,0.014087234909976118,0.8861172397927202,0.6886524647469356,0.025338652481068043,0.8432308785755183,0.20102438815286575,0.49470172578220484,0,22,camera
0.5286213664728879,0.5680197337359598,0.8958127225146505,0.014590874762585821,0.07858215538621001,0.7904232004390014,0.5208998700285141,0.011339919700350398,0,35,sensor
0.6311443652378043,0.4630667394662729,1.0,0.42705505291105006,0.27187010370427467,0.7572786096233615,0.3342653680437822,0.3104737514507307,1,13,sensor
0.7301579539842056,0.3038344652966252,0.7530931577334866,0.2212147149972825,0.5543711334721172,0.47184135723938503,0.2825601222519121,0.08609839612451729,0,70,actuator
0.8597004410009028,0.5081634220807029,0.8566919581907751,0.2621258162024622,0.03309680622755349,0.9855156930440484,0.1309225114179376,0.270848634345212,1,82,camera
0.7046606216952978,0.3344646825732901,0.9565809629471903,0.6746291136058012,0.2891679741351064,0.9016110318888803,0.4787368939261514,0.6041908135316655,1,40,camera
0.8721279910679793,0.8877176428450931,0.8511031567206537,0.37368188331645763,0.12092653694706575,0.7111857033555669,1.0,0.2718970524196431,1,26,sensor
0.9444340511050725,0.9593062414039524,0.8342771123462309,0.7818241727923442,0.6661077989159818,0.7399500609534276,0.9766994239182152,0.5811709438596988,1,64,actuator
0.278004309677016,0.23931840933347479,0.816799917968465,0.4683126365207468,0.14923605964831,0.5497781962596718,0.0814896280714698,0.2560588060977015,0,35,camera
0.5755525346921585,0.28737577456301233,0.7491050122614598,0.184924663887511,0.38038031465624833,0.3740423164332379,0.11243375367974993,0.06883087257245543,0,24,sensor
0.4665037240773682,0.503954067309538,0.9491241682810024,0.5369732480876207,0.07157484019364782,0.6377834122720267,0.11463011109863999,0.35130353903360384,0,18,actuator
0.9956429625763865,0.7779093856103078,0.858162033198739,0.9053588678133386,1.0,0.6280467752165906,0.5762033926670146,0.4838795947193119,1,10,tracker
0.9383421660259279,0.8613198675069498,0.9411563636092163,0.19932815732524958,0.21602160159747535,0.18812072730559035,0.5154708160519552,0.03639585279041751,1,73,sensor
0.9170732213848615,0.12131698679703176,0.9372108394974583,0.6658172687112976,0.005720001878507294,0.5782949818989515,0.8993949001773734,0.3991256821395774,1,37,sensor
0.800991051612941,0.5568847124984629,0.7105553704513539,0.6576090727237279,0.19870818577503077,0.7832608219999886,0.7227270873625796,0.5524426248779029,1,47,actuator
0.7363526799272995,0.7019170958583079,0.9730565318002745,0.884190715223078,0.06601120969208786,0.548455602164909,1.0,0.5220582318758954,1,73,actuator
0.1867398036289096,0.3056757811707527,1.0,0.08073386267847878,0.11127839004203141,0.9309204240089177,1.0,0.07636803776106978,0,84,actuator
0.7794799264017593,0.7000202894343952,0.9966713798860709,0.2195284001795264,0.0341710791519857,0.9064069657273548,0.5473023314037812,0.2084390098801923,1,94,sensor
0.6813493454822175,0.7538543147676153,0.7633754481113245,0.3570211080483649,0.010846201302141104,0.2877928975541553,0.07520414654106695,0.13281747338244665,0,43,actuator
0.9080061857038116,0.3517917554028783,0.8231071171804317,0.5575684647701632,0.5337123337511221,0.5445273751047981,0.39234227668048444,0.32303505346740774,0,7,actuator
0.9597429496550982,0.8061513095759814,1.0,0.6994244886740183,0.13325369791091185,0.5690122703709845,1.0,0.4193827870305261,1,72,camera
0.9694373290138272,0.5232825848941577,0.7208231180407941,0.15492478650334074,0.04586978217586796,0.15939522753849833,0.48388795655854544,0.02326636987233877,1,85,sensor
0.3257326321167853,0.23315181767873985,0.7722943367039338,0.672500917526609,0.40688593775291987,0.8758503650135778,0.076143018426548,0.6415778579083379,0,59,camera
0.9712834977984939,0.7207026955258766,0.7958592788517319,0.7042759679389089,0.026525609798439133,0.9212052783442718,0.6092990574837664,0.7209963078017476,1,40,camera
0.7845963374270866,0.935482379066263,0.7934693533859736,0.3175320960218844,0.04456880273057514,0.7561312504682304,0.0962461163657019,0.24880232464837881,1,55,sensor
0.8611279268586932,0.9017044068843098,0.8420558428683311,0.4806596043021031,0.23194924417986246,0.4616023151460235,0.2068161085689131,0.20532971287280952,1,14,actuator
0.7233275146207075,0.5867434720264703,0.6299786440012625,0.16608807993868205,0.29695827920058504,0.41963743595701136,1.0,0.06712489192156429,0,88,camera
0.5393099199068557,0.9820686538792912,0.7921061220581028,0.2679941845803748,0.045149367332209346,0.9109144102317983,1.0,0.2780676795644953,1,25,camera
0.5243844547011971,0.4770138828887994,0.7681728959740075,0.25210964400498936,0.7402894936802824,0.7099563132922001,1.0,0.2096354952712567,0,93,actuator
0.5515218551038791,0.8172440037871056,0.7137550342640034,0.5994598078827191,0.20790874778184681,0.8459718969196842,0.7356121628252509,0.4877802631339913,1,7,actuator
0.9243769510866797,0.5243522190631478,0.9795228599984154,0.6561841324615648,0.10208211686001645,0.8998892105935327,0.6556866080485929,0.5224755941874956,1,53,actuator
0.7789670192692159,0.5678698763685566,0.8866381858903063,0.68786812499718,0.17697360923623262,0.3321904368641889,0.2720517699161734,0.20553236968660232,1,82,sensor
0.87296126001413,0.5769334084851764,0.9477608908433928,0.4708768704877261,0.28414475226385444,0.7663519115361423,0.9753109929088734,0.36668756101545597,1,33,sensor
0.9071937856598941,0.8669008823616046,1.0,0.2220263509892344,0.003319764668731211,0.6543172857396825,0.2994412504896951,0.14546048867409583,1,96,tracker
0.9248235188761007,0.513561057712134,0.9773159922869596,0.22793362041649948,0.3317817192595566,0.7787241602448366,0.19535487816594482,0.19669087184113426,1,17,sensor
0.6043093887278908,0.9833929454589804,0.9645533033275535,0.4961892476891811,0.38138214876728505,0.7237859463272965,1.0,0.3321636404883907,1,14,actuator
0.8785832535449405,0.9228681601841213,0.7166584252833407,0.2217867747195018,0.4738313819492813,0.7852512673840164,0.3020874187763902,0.15093504097577348,1,46,sensor
0.6464193256286542,0.23793979543225435,0.8386905803914512,0.6502227218589912,0.07457824144965934,0.9290323839576778,0.4538661916570331,0.5861181107419414,1,97,actuator
0.9043823370267373,0.9888976358537772,0.7892979541022722,0.23068626526562422,0.29325763823658374,0.8997647926997009,0.7866247309870661,0.21240906558749398,1,45,tracker
0.8006126412110766,0.5797404147412355,0.8760379007019834,0.20485064122023608,0.27643309322040316,0.26835671350963797,0.4750177318697987,0.0550951677840933,0,40,sensor
0.5566636199178981,0.41767623338468024,0.5687193446229983,0.6721238051685525,0.11707991837589646,0.9399303358143263,0.11579996032610573,0.6133808321236873,1,81,camera
0.5483020334725612,0.5118253113098535,0.9175505584085665,0.1468526275147381,0.407758218000177,0.7236480238470817,0.10617256066466134,0.11997841991090731,0,21,camera
0.8066485871254581,0.6939081055742449,0.7765222014233231,0.491000292337015,0.0638386494047369,0.925837371907309,0.1453920697104989,0.43832461613772766,1,85,tracker
0.6016064818040888,0.2518494132156517,0.834354725485943,0.5283754080312398,0.4430261461543844,0.4925288442641932,1.0,0.2787809591353509,0,19,tracker
0.3819984293391377,0.2056652049228302,1.0,0.6186233614770552,0.2168338418291947,0.7739143723957673,1.0,0.5016743723281929,0,49,sensor
0.21212277628897924,0.11040167253586745,0.8913839420598527,0.7359537937511695,0.03340805208820985,0.9022962357297883,0.4376934345737787,0.67432678355314,0,93,sensor
0.5617962716704892,0.8074403793644048,0.7948166159520893,0.42495507691776624,0.23704980990179245,0.34973163680051533,1.0,0.1477055769868113,1,56,actuator
0.6458244478877297,0.30207022740118744,1.0,0.9185060344465149,0.08852172140666023,0.8062420504207365,0.08039129110286462,0.8622224084262735,1,52,tracker
0.4489937729669253,0.798157798434497,0.7625207457834378,0.537027962213489,0.38033476045605996,0.5737313486234704,0.6303917664203872,0.29634133845606847,0,57,actuator
0.6382666223470849,0.32454698760210704,0.9608900540441296,0.3880822966609141,0.0010853844509579266,0.691968925808959,0.7422693325082318,0.25996757871201337,1,16,tracker
0.6806200169192822,0.5432355997405868,0.9264774687976991,0.2062699504915242,0.10711237295201351,0.4630261591690998,1.0,0.09801742619783117,1,17,camera
0.317959773495753,0.7480357138044922,0.8408708004783674,0.5974084913013165,0.1714441134696053,0.5095047481453997,0.27520994256694287,0.2876471599079785,0,12,actuator
0.5808590316876187,0.33495797733234006,0.8733721110314518,0.5312687963055037,0.7466991445128611,0.4497138630979141,0.9474216091853455,0.25316185159105786,0,41,camera
0.9300016993595464,0.6202597428621596,0.7921275699482354,0.7575035971964587,0.17932292125141033,0.6483351222422177,1.0,0.5531952817033671,1,34,tracker
0.9760326796328382,0.7454784500178907,0.7658862087121631,0.751353169183934,0.23649164449538862,0.4507711377085292,0.6424260351128389,0.41597704805034463,1,5,actuator
0.9382119236444656,0.4824081706843146,0.9114889583762639,0.6316383879656615,0.07242492842751193,0.6086874866553651,1.0,0.34721235740260326,1,74,sensor
0.8415731553362304,0.7712253689194838,0.7183498483416341,0.47972802390507113,0.2910882018449654,0.8343424253212783,0.5802191804017489,0.42561814187852115,1,6,camera
0.31827953703353556,0.6200677415452389,0.8003028160472136,0.7944293128794016,0.20367814881629856,0.9117022689480309,0.9396822427498495,0.7640505248313254,1,70,tracker
0.9623598222108117,0.2528788845789138,0.8818560323552174,0.8133951589668799,0.005392976254078185,0.9655669609760055,0.5293211047697989,0.7782411956300774,1,73,actuator
0.9827582468078625,0.6145909926776978,0.8501393111121508,0.42080053148901986,0.1820872829181673,0.7498824617524975,0.07386318538447356,0.28027948126009594,1,88,actuator
0.669035413353557,0.9661834197662176,0.7835982098763574,0.530682375330291,0.468461972064471,0.7468354986587868,0.7515562021299679,0.4090963692675639,1,93,tracker
0.4638587079095874,0.8161119690205952,0.8047363589419063,0.544298921594248,0.19633409029511206,0.624916331931201,0.16633945626487082,0.3104611275815261,1,34,tracker
0.7652039572723882,0.20755644811318724,0.8022037886623063,0.6374780859459905,0.7464252351331284,0.6146462237785877,1.0,0.3492560100246952,1,49,camera
0.7585901311769567,0.599099589452146,0.8208803273458524,0.48952664470571405,0.08875881936384761,0.7558934672838219,0.0853315219450573,0.3656715283786569,1,90,actuator
0.7915582043167275,0.2865383521780127,0.8587745507684029,0.18935783468969145,0.21616648343464603,0.8998190893609569,0.8798813728077457,0.1885774117475051,0,7,tracker
0.5478700062196166,0.10889738142270479,1.0,0.28182664668155527,0.1485759598676184,0.853601788047264,0.3801663969422156,0.2055150161196959,0,1,camera
0.9491311953601874,0.16441783347864197,0.8092112725657801,0.6806038404102657,0.21904829061618108,0.9070507624499272,0.12070216099315684,0.6512400678668987,1,90,tracker
0.46902125913566206,0.9677135658914162,0.7909357933268211,0.6976827403081312,0.09187389615618566,0.9381432517562837,0.25107160055973243,0.6491185152331048,1,13,tracker
0.8292471437132711,0.8491445345451321,0.7823010997686054,0.4248704827419275,0.3476186007875608,0.6639279996287893,0.4031160529446858,0.2740057987725003,1,33,camera
0.6932147736657063,0.6372967821720426,0.8162103485604243,0.47870523790225344,0.25761124129698587,0.4444973595447433,0.29300760486897104,0.22093099778091954,1,15,sensor
0.8229108356667454,0.6543813877454681,0.700679108636036,0.3647740470815048,0.010746001474230627,0.7670479128365678,1.0,0.25086094104819306,1,70,sensor
0.4078113832546883,0.9362890224269562,0.874211645213438,0.4056167109779091,0.10025153924049426,0.548660667937891,0.4109256605124333,0.25596652008295767,1,87,sensor
0.9892040530607106,0.3817997665465699,0.9203629178631952,0.6937326922363247,0.10078114644051554,0.8210355176184778,0.690940907825596,0.49755228943043417,1,24,camera
0.9705689444451757,0.639802093856419,0.9440454867556765,0.6671242573740845,0.01493710754797232,0.5161490303436945,0.15430983342528024,0.35199608480613664,1,24,camera
0.3558943757510305,0.5943077830634764,0.9596206286789024,0.7853306792234976,0.6200721451471838,0.6102791042743071,0.6095256457670648,0.47783504939962823,1,44,actuator
0.25465457918403006,0.18245912364868055,0.7520510600089818,0.5301876582149523,0.9045200991577481,0.4431539510903235,0.5952090447636275,0.22039345811948013,0,26,tracker
0.4214834284628692,0.7286527861276285,0.7830792333659502,0.7430546403837072,0.09621516203049855,0.5892080329289597,1.0,0.4270365401989153,1,87,tracker
0.778009482626488,0.793712018061352,1.0,0.34906983475808634,0.5094874531814517,0.8405179419461554,0.404940672458035,0.29678679102163685,1,84,actuator
0.6032283385467887,0.2368655960223753,0.8601105089677609,0.8022491425385188,0.07154129640510734,0.6523412906466864,0.35027222718136314,0.5877795118841075,1,40,sensor
0.851895704186067,0.8555766113542471,0.7561251439581083,0.4736905399047764,0.023057784959680902,0.4783885510138653,0.10481810242745415,0.23086671084375798,1,85,tracker
0.8810039136233601,0.9657313638006372,0.844259370292042,0.47196259749607977,0.4776507644947989,0.6735724193576027,0.7417877433012273,0.33920105953236185,1,44,tracker
0.605206195934533,0.750693422923478,0.9234255458496058,0.6935425837461704,0.1342565793640295,0.6239830396494709,0.1658845328084478,0.4442909720071376,1,2,tracker
0.9358015672529655,0.9359655763695044,0.7779729302704833,0.2322860777873611,0.11990334533768894,0.874344150017006,0.3570622074842578,0.21338455103147644,1,83,actuator
0.7249568908415911,0.5664499941220648,0.9308045267664027,0.6975700750968589,0.06653269597670897,0.6000526616971696,0.38266230301995724,0.28784399317979875,1,61,sensor
0.7829172813643709,0.6975690967960334,0.7934596584070083,0.302819908254477,0.04935108720433923,0.9096740186551561,0.02029540487810914,0.30138435553772197,1,65,sensor
0.2137944905501652,0.32751300154367424,0.9468150274308541,0.13388818397802066,1.0,0.6368681004724532,0.44139500628992584,0.07581593709286946,0,18,camera
0.4844269257319714,0.9342101057123547,0.7023358271168179,0.44939022302422993,0.14371315086556408,0.538498198213833,0.4232731679028015,0.23581038588815176,1,33,actuator
0.8719503394798944,0.6960756355552955,0.8331460559446526,0.17231213432880213,0.06502860001732105,0.4592667851559323,1.0,0.0707491851165303,1,70,actuator
0.5861916612016824,0.9753205846973797,0.8588240469453664,0.2438464604328643,0.036575760038791226,0.5444371243182735,0.4430341214370464,0.13928716144611827,1,63,camera
0.46296852575472364,0.5636920151853011,0.8568974535365591,0.5306001597304665,0.10802890733903885,0.817810596159169,0.46892955947189774,0.4491514229479122,1,71,tracker
0.9416262777355128,0.46787325951269065,0.9186408652069961,0.7579566983739181,0.05216153204182761,0.9035295465123178,0.3084263795138996,0.7251507094816039,1,29,sensor
0.9500525514317384,0.8103845976244589,0.6575355276284064,0.6736563081927086,0.019824956637262043,0.5291221419060708,0.3279774025590379,0.28302080955612174,1,50,actuator
0.7533848042809366,0.1142378152524768,0.8027607912084314,0.5680846147178268,0.23873412716968612,0.914053416484986,1.0,0.4792190599880396,1,7,tracker
0.9733507967789329,0.6127848336009016,0.8361000258598439,0.6205391911031287,0.9603591056058469,0.384148839040508,0.8627467871565806,0.24966519348953123,1,19,sensor
0.7693196785084291,0.8120428378404786,0.8566646301879383,0.3636187003527268,0.6868541937592193,0.6729183536534536,1.0,0.20321846993548076,0,71,tracker
0.41490317468145355,0.9906988945262898,0.8149178098825802,0.692510810274947,0.16363131785372648,0.8359674405842019,0.20745885779471349,0.4941255793590659,1,55,tracker
0.9267778993150921,0.5954018735732848,0.8478210018883275,0.36028979955636187,0.12570435562089802,0.7928769625755938,0.7486373112554687,0.28646016371289496,1,64,sensor
0.6051398838989891,0.4322166356016341,1.0,0.6519313566147902,0.09455141363606959,0.5827233370869185,0.8298088840593983,0.3378774706653778,1,24,tracker
0.8719511836228276,0.9281846611690053,1.0,0.1224611457055796,0.4254182016353658,0.48177926402085747,1.0,0.048076213779519796,1,43,tracker
0.6250199581707173,0.5984453880585119,0.711393117912279,0.6493925896022248,0.004129938908471799,0.9477682558131431,0.4771277534175339,0.5646394609801942,1,60,sensor
0.3830160199697175,0.3889980894183975,0.7144431997287155,0.7925874188218615,0.11422594541855975,0.8200928701456665,0.6256517485891471,0.7169149792767087,1,90,sensor
0.5661256719772398,0.8828080913425445,0.7735752365624673,0.6848703037912782,0.1903666088706788,0.8198285990045494,0.28277295698765137,0.6289140580336359,1,12,sensor
0.5778449014750554,0.5417006831519947,0.6118840017840121,0.03278121802123114,0.00017082118055768662,0.9132922268218875,0.1526831869658233,0.03165160169010559,0,20,sensor
0.7564992427775845,0.8382534601111158,0.6437632277938742,0.36721262791480747,1.0,0.6827888626061619,0.29396544556151527,0.27630947446868337,1,46,tracker
0.7807189681167663,0.9018333111909489,0.8778990757396996,0.23029223657627096,1.0,0.5779668737776491,0.6522913440541234,0.11963356846958717,0,39,actuator
0.9274143921129969,0.4258698321579596,0.6235176715620916,0.6117706937037773,0.740688481108981,0.7415319452233798,0.4130061701447043,0.4786997584562129,1,74,sensor
0.6618306422335086,0.671323649902475,0.7883629672099166,0.06296905320198362,0.16075720491828807,0.6689099550801079,0.7468153831160607,0.04970177176533701,1,50,sensor
0.6411663453085236,0.9463435527392279,0.9465269729721011,0.6084465189709409,0.26261854628913517,0.7929754469658081,0.8570670489487905,0.46773077604131874,1,31,actuator
0.7265929630334491,0.18765131346939198,0.9206782121860319,0.2415295387293701,0.011345889456915899,0.9569409263635303,0.017041847869996424,0.20873076297667933,1,5,sensor
0.7419031011751671,0.7606075509847514,0.8231479172833172,0.2982405348761232,1.0,0.43747825308342236,0.44478944956413236,0.12751761903805597,0,31,actuator
0.40860622658069246,0.662486270523958,0.9237213037397424,0.4419572244537802,0.131194019392271,0.5191215154150909,1.0,0.26811941059773303,0,27,sensor
0.5892332382939203,0.3549559269760548,0.7772394489466157,0.3686822395157062,0.3625861609589224,0.7227213703329666,1.0,0.29167324640458975,0,2,camera
0.6372816044676617,0.2385825988185303,0.9405719411433779,0.646906289589476,0.6693609631957809,0.7703769045099371,0.4040264300480761,0.391007616304719,1,3,camera
0.8780615703474465,0.8289949209650347,0.8371052893036842,0.727391657348672,0.5356510178213937,0.8297420748258245,1.0,0.6984376977425476,1,35,sensor
0.5259155941395487,0.24688336568362884,0.7336194815119568,0.3315991297957639,0.29752969799323237,0.7171769671252336,0.8268977947358674,0.2407188141741275,1,71,sensor
0.9225425506335474,0.38286928900099154,1.0,0.6317581366822664,0.03678978608167521,0.6717740383394584,0.39707956938243516,0.4023266010965627,1,56,sensor
0.3170050371100042,0.5312575436758672,0.7470738764290512,0.10858743235972816,0.11133721285511362,0.8742041665758525,1.0,0.09225569952665477,0,50,camera
0.42448807389540655,0.4791834560872448,0.7463018705040242,0.6321281506096149,0.039949498249385,0.9126434896133389,1.0,0.5707103109324042,1,64,sensor
0.9656639458896608,0.9928037862358225,0.726957454415794,0.4751178598459429,0.08102769171742102,0.5361373061014018,0.6037936934671239,0.23872782023906017,1,3,camera
0.9186957133287038,0.6007901396628467,1.0,0.8712199559106043,0.13774603573470007,0.7650086113589628,0.5746109720628683,0.6514117169474838,1,9,sensor
0.7239555529892152,0.9335779690501645,0.5115185307051374,0.15304890500992177,0.07791142496177561,0.8291488510774511,0.1204671259783369,0.13015191696187203,1,13,sensor
0.3586690327858978,0.8156138515841231,0.8142725863604797,0.09337979607439247,0.05391971757994163,0.9315883201446653,0.7690924296810732,0.08132755516951352,1,67,sensor
0.5878029558770513,0.7383767129257675,0.7064489060247856,0.7336139298880332,0.15452309678971626,0.9076279647718432,0.3246670347567923,0.6146492743329312,1,25,camera
0.6320156422262991,0.7405761145764003,0.7790605313436011,0.7166019756867826,0.008319145299109966,0.6407642896668445,0.7014794164625112,0.44445701627675843,1,13,actuator
0.6175829786030369,0.35857379444893694,0.7862312187741498,0.4038592463791001,0.17239268166261176,0.34471202096569753,0.39142454018381323,0.14121596501414563,0,95,camera
0.15654811824990766,0.3044330089161968,0.8042251100050617,0.8404948657660163,0.012267953081182188,0.9419707146440899,1.0,0.8538747071151233,0,7,sensor
0.9155087513084751,0.5645822472443085,0.8487064325447382,0.7351287430808989,0.10105631013826147,0.8642982936299393,0.4480880799890607,0.5618946701353401,1,96,actuator
0.6791930769942343,0.7923247851313237,0.8491833373088125,0.019466770889749577,0.9077370291718211,0.6966566163762545,0.8692883892661241,0.014489872629755774,0,9,camera
0.8603735665297937,0.7448113386495339,0.9256921394235342,0.22373692589496752,0.09337444572354717,0.6287903832280219,0.5702440662655578,0.1494696174811941,1,46,tracker
0.661757850559893,0.8312903938092635,0.5670746708938517,0.6776833010539433,0.02382134860477477,0.7906022437493615,0.43948204708738486,0.5212804857176233,1,79,tracker
0.5747723236372851,0.18679488193937513,0.7045799856866981,0.677554386609533,0.22350465905690867,0.8647247830359215,0.8335838990471847,0.5545516438911239,0,99,camera
0.9477238395035044,0.07801657262659932,0.7815142966838536,0.39161405598405213,0.2028399799987813,0.8135190548998711,0.1728335796821044,0.3113217855243881,1,98,sensor
0.5225956412032882,0.5267710308999316,0.9284322031237547,0.07828601173303643,0.47154511611148653,0.8460627865087923,0.5179234688602417,0.06540556561669768,0,26,tracker
0.5244615343513028,0.1380873572607769,0.8308373897498845,0.03993167542438731,0.14748036244449095,0.47304446858203275,0.39793936959491333,0.0181430445595978,0,58,actuator
0.7387719903227343,0.8237322258566786,0.8225503890491185,0.4597445715247828,0.27195518558845605,0.4185343201712115,1.0,0.18037720399286913,1,14,sensor
0.0864864647567352,0.012678783891344489,1.0,0.5176274444304206,0.5632140259524682,0.7107799807397077,0.8793627311504515,0.3453524446701115,0,85,sensor
0.4760936240292827,0.2620954632860409,0.9197441496361243,0.24281540991615835,0.07170763661730795,0.8348365793723082,0.35869605135060406,0.1895394963506292,0,12,tracker
0.4191079870136496,0.29765188861120545,0.9462061163655,0.8398882705630407,0.9136833156404777,0.6523123572830267,0.4543844653716939,0.5694112641929991,0,25,camera
0.30489609787214517,0.7752836475954357,0.892736354597681,0.4293382864608084,0.5605656018558356,0.7300098983077499,0.3780459743535063,0.3339980706742599,0,76,tracker
0.4543939883138517,0.13269267391462208,0.7273007728777954,0.3231350508202286,0.12266505224859503,0.45276880126372593,0.35960918891756727,0.12101178529039378,0,20,tracker
0.5761057787375801,0.16630439619695578,0.9295186737320419,0.43830402971413984,0.14672194967511043,0.8002257825860256,0.09532283546869016,0.3456740297613356,1,86,camera
0.9807325799220763,0.5838213312488587,0.7994403398302612,0.7879048050774465,0.03179773645157745,0.9565251891747978,0.7528867255029349,0.7947108640934379,1,63,tracker
0.9692409735732576,0.916714344401808,0.7413497176612956,0.08904959297788745,0.09511834767058214,0.7497097361829629,0.5878757382345825,0.06122399891913184,1,36,actuator
0.49539987708850547,0.8775051489234293,0.8541096607183128,0.5033009867008251,0.00018799231287717954,0.31740271698294936,0.4329934844727307,0.13613687758295828,1,33,tracker
0.8137933258711137,0.6169936106813176,0.8366042069733379,0.5637396563098352,0.019450871385931524,0.3967849521834791,0.031429237953747885,0.22579788028121725,1,44,tracker
0.8939887825857221,0.8505885634924552,0.840933791658318,0.5515945847397334,0.4804232457030787,0.8130005673299062,1.0,0.4308560176586082,1,9,camera
0.9775662695825221,0.5007270864269527,0.8154377091472074,0.6870324544147227,0.4447876288015841,0.6431895312727508,0.5343792041142413,0.5223009393895698,1,42,tracker
0.29908476189437355,0.5647409142015865,0.8980083715511097,0.21169720505485695,0.5841579858616608,0.6429916187383558,1.0,0.149427371596221,0,15,camera
0.9217904970838348,0.13779223396031295,0.7509530589535955,0.8789518865879352,0.2361471935900301,0.9153564102232963,0.031940962211287345,0.75890715654117,1,74,tracker
0.7329560563380921,0.5502426682333543,0.8616978714624093,0.4947101634079083,0.08193154343741088,0.8654690063467964,0.9488323664061946,0.43479106716492366,1,72,sensor
0.9947341625073444,0.915173553094685,0.9585761764489446,0.5604807815198867,0.26302714253415893,0.8368615071420928,0.31765987547635577,0.4826520601305226,1,82,actuator
0.6335768363541787,0.541792879827681,0.9877868907393,0.3788511416143885,0.3169378663952419,0.6959774972707574,0.399390125233827,0.28532539828200815,0,60,sensor
0.906476072092881,0.9555988745453784,0.9470660655938692,0.21274973237816633,0.22637261147255416,0.5791099370852653,0.4095350528499075,0.11371680702134362,1,61,sensor
0.5806105278542776,0.9150919235774969,0.9322252584061167,0.5833491569577263,0.1730501880919551,0.8800620661906998,0.2078219378121144,0.5798870490184698,1,11,actuator
0.9938637306177729,0.5769141987328854,0.6257880581004793,0.6211807678977155,0.39029141382928556,0.6100449318211499,1.0,0.43232104705967506,1,33,sensor
0.26793087895786605,0.19157298558769378,0.9033182438859717,0.7999056147061179,0.8680214520835673,0.7189778032107315,0.5528062017830627,0.5923737601331949,0,33,actuator
0.38822858839091823,0.18912553020388864,0.8699561441729315,0.3605754367937974,0.0002917368344324445,0.9118279847070352,0.18571961328728762,0.3491324034042446,0,15,tracker
0.8694178907237903,0.8738399596160442,0.8721366430035234,0.7159320692446851,0.1279956835442118,0.9205983846595219,0.4147266891156391,0.664047733979956,1,28,sensor
0.5733871003974595,0.12408223346512744,0.8276836610086709,0.3136857072481432,0.078498562167535,0.7975124479189681,0.5691981247389698,0.274557426082306,1,68,actuator
0.7197345514876728,0.3640202866286483,0.728753854827043,0.7673465760197936,0.009402873253653115,0.5109755413230128,0.5570754755776487,0.43693846564599154,1,78,tracker
0.32491502663555644,0.7801088072624698,0.8849457279291385,0.026981937629944573,0.5671858607629187,0.32716428395744057,0.6115070687747911,0.008006710661218096,0,82,tracker
0.9610073117301805,0.6173112253676084,0.8011437102099457,0.6712843098530539,0.12484328540772086,0.3682263557203666,0.6020637434835249,0.24004365052354995,1,28,sensor
0.48054124551849514,0.6387558718529458,0.7574144447664464,0.5499521276698899,0.08721302700899232,0.7292724616674362,0.1988008091754114,0.392502434239885,1,50,camera
0.8586639881166741,0.7732776117239071,0.7809442862578734,0.463236466771819,0.1914838292362778,0.417695672312794,0.9648751651688967,0.21742830481967448,1,84,sensor
0.579668148433865,0.8176204798799186,0.7895871687740218,0.563075714186683,0.38869182809993785,0.8346366170530641,0.6190348092110848,0.46827886160932375,0,59,tracker
0.8270201154141367,0.40506036289399305,0.9055841680309121,0.2733533699431426,0.01831136840614337,0.9489861920619972,0.19864128526017813,0.22212598028274796,1,88,camera
0.5105817301903008,0.5196053498029578,0.7752873929734998,0.18029287848446657,0.09606638553055498,0.743174239823774,1.0,0.13790681603720809,0,88,tracker
0.5735918299483055,0.14043263539067563,0.9236818326175953,0.17952726277327935,0.07787844516534186,0.7409965209066834,0.7946811707727842,0.10344462680224356,1,70,sensor
0.832083616838228,0.6228075261911156,0.8459788836071952,0.535629771399198,0.6286926460251221,0.7001687648836173,0.4528141759840896,0.3702192937166558,1,45,actuator
0.8596518788244345,0.5317724153549365,0.7997371179171323,0.3834089382262978,0.0761313811073877,0.3943352498688752,1.0,0.12090028644524407,0,71,sensor
0.908658351262425,0.11569078659036018,0.7826502369574484,0.7206105841396397,0.10648610478344885,0.9355298223160184,1.0,0.7279651505695294,1,2,actuator
0.7302083028958883,0.20593209093149,0.8740623771150584,0.36577867298607375,0.27485176579545256,0.8586659376981806,0.2787904066437039,0.2527853704800498,0,93,actuator
0.7913716802188974,0.5158309722529847,0.963297535745578,0.8523206024049725,1.0,0.5338810737618835,0.2515343237078136,0.43885978589302077,1,14,sensor
0.3008968519571875,0.3726564376945587,1.0,0.4480941747125455,0.11256028118301158,0.7911144309260063,0.928970197688847,0.31824424294358405,0,9,actuator
0.6107455496962022,0.5453035992939461,0.7838299191572871,0.7278950053189666,0.3918117058419276,0.8511224249543069,0.5633093518906988,0.6014565947641419,1,22,camera
0.4978737705869343,0.9259416518271069,0.850951353412618,0.4240856663279382,0.4040733056646288,0.7903671092434723,0.8821441372384858,0.33507514078700656,0,98,sensor
0.8870072955081453,0.67933194912077,0.7712935919721242,0.3146427116978317,0.19778002548112644,0.5151365002139305,0.27319891200086427,0.18157472268877128,1,57,sensor
0.8651421444166465,0.6420405931098987,0.8035502836270509,0.18658016834949287,1.0,0.6618098815637463,0.5589839093759986,0.11843895393186737,0,19,actuator
0.8716613707445097,0.35548488098826386,0.8694247426452797,0.4271807133143004,0.47648306924648065,0.36407986720848656,0.9733983663220239,0.17424654513297366,1,61,actuator
0.37529310841343777,0.44466178996782935,0.9711064025966063,0.8150797239877419,0.3597073131632789,0.7937678702239296,0.45484344184102987,0.6680087339470699,1,64,actuator
0.28822437999342015,0.30777491428688464,0.8293501116653025,0.40814301099392947,0.5281525540423543,0.7960873882896833,0.7419476157631545,0.37282134901567976,0,35,tracker
0.5835312192440365,0.644110997058542,0.9681448597170503,0.20791843557902015,0.21847588699223158,0.7931840565971817,0.1867364610248255,0.15958493229036005,0,45,tracker
0.24931347465726192,0.3087305759504383,0.8783104236426101,0.6114713702527935,0.23902108014171822,0.474179301062812,0.5936858292494933,0.2493980090634721,0,37,sensor
0.9685699314983701,0.7237214211302573,0.7529018518083657,0.45444026622603445,0.8840689526597079,0.5654981022846309,0.5257545867464315,0.2741503849295532,1,68,actuator
0.9203786688729751,0.8691467722902745,0.8482429223156532,0.6554449533139887,0.12384711732612105,0.7643436740765994,0.5834694346192227,0.5198369815073207,1,29,sensor
0.8527836488414832,0.8979340996626903,0.8872282767603256,0.20666646539640354,0.3454813106108733,0.7825794710529097,0.1689050576649159,0.17740125673529714,1,92,actuator
0.7521879196738847,0.5007159661277572,0.9599907794585016,0.6272885925594508,0.6911370419142482,0.5982755213453855,0.27576657649688924,0.4003749081766033,1,83,camera
0.5301382750551079,0.48288392716513634,0.959858187326512,0.04740878051681053,0.03347892279655177,0.8910130112362037,0.07115535406852648,0.045268860562524216,0,32,actuator
0.7868426471785762,0.10799107245562597,0.9685404894058806,0.506849428374639,0.7272615968707098,0.5622474147472437,0.09113270363695629,0.2586112782487731,1,62,sensor
0.43296968450870454,0.5452612836929157,0.9783528285985815,0.620631144977356,0.02150294899238847,0.20465980145820187,0.44691051280088884,0.13161406662263905,1,10,tracker
0.45020760785393943,0.6551476802288664,0.8373519365115794,0.6502406206436151,0.32352680055134087,0.6691516764177513,0.889979728230275,0.43270176999327037,1,63,sensor
0.704795147038253,0.3777598471827426,0.8367051871012591,0.596557753864856,1.0,0.19153969556756537,0.3359388346239317,0.11747176117396813,0,55,sensor
0.5146463450630268,0.7321914291541495,0.9095561488947419,0.5298465757004939,0.5232432021635823,0.669059253660432,0.9910198369793167,0.30926328139014003,1,12,actuator
0.7476329006681061,0.8340454181405692,0.9285673940681167,0.6495481936136343,0.1645253332057965,0.7892413315297866,0.9190320599706092,0.5237514350351808,1,82,tracker
0.7363258201629757,0.44272820119084666,0.8507998198440557,0.4436006809311372,0.14834462120932082,0.8912173010627229,0.3698209964054992,0.3688098782649467,1,45,actuator
0.5613468839206688,0.6060152169553495,1.0,0.4210603850474619,0.4980050804512867,0.7351624893781346,0.36444636911059386,0.2649902357651066,1,12,actuator
0.32662884513825935,0.993560004108009,0.7771715194043489,0.234067565249326,0.14319331074864383,0.42087820267802956,0.439100056943918,0.0971187664506131,0,82,sensor
0.3859020484550063,0.1311014138648725,0.8411250325639269,0.6649796855841035,0.08655934656851338,0.7122189423895391,0.1255762722329196,0.43561044057753334,0,16,actuator
0.9933140531809516,0.6858754031516114,0.8839050780241975,0.3375537866232749,0.14964826153010619,0.8327344464234839,1.0,0.25423017127274633,1,19,actuator
0.8408368015051303,0.08177729210460882,0.8968698918392511,0.4057741468506415,0.31741496046572104,0.7788909326000049,0.8586598386632495,0.2887711183401262,0,80,sensor
0.7690882154320441,0.30694862673632034,0.8258118568246866,0.8589717132432652,0.24781940988622395,0.4116460730049125,1.0,0.3470082309896739,1,84,tracker
0.9413543784721977,0.1659148991336421,0.743613320296308,0.5065270434829992,0.18256021147548837,0.8065215691403863,0.046775453868741906,0.38547052499942047,0,86,camera
0.9929829841567845,0.8012980970670679,0.7520574607409156,0.9096316420965402,0.24701521493612094,0.6503525986592333,0.7044729298069644,0.5245976627817684,1,41,sensor
0.5170585226444371,0.7183117716145807,0.5422993342559628,0.27268115824132627,0.4530433546407375,0.7649261132998755,0.21746095022409126,0.21405035627495408,0,31,camera
0.6165494737681729,0.775397787009425,0.9235972251032097,0.5576260571009839,0.12754689913871126,0.6769205900385094,0.8337271199227047,0.3810401190159232,1,21,tracker
0.7823161968119654,0.38888478467353965,0.7758059231878827,0.059304117598881746,0.5360322956831158,0.6914401899072529,0.10752926741947251,0.04234285808099422,0,9,sensor
0.9029556343885743,0.48329779464064826,0.8059905576352865,0.6780967297880098,0.1531126107449643,0.8574164680968915,0.3289508101282718,0.5463600093001139,1,85,actuator
0.7556798025968621,0.9410683621503844,0.9177996953516493,0.4321250850575417,0.40989976088138036,0.506395996591835,0.1748440296387237,0.23555255088302482,1,10,camera
0.9010324733869618,0.8831492454191008,0.8152979121447205,0.3833927778261257,0.028502936716494974,0.8972576373139399,1.0,0.3378650365157395,1,70,tracker
0.7701604747739059,0.7597596174779513,0.838169836752453,0.38874867514039163,0.24196884416821002,0.7840428354243001,0.05433912010154315,0.3570724850095705,1,37,camera
0.6657851870411717,0.9542732763675886,0.8289257409476466,0.6121502772720564,0.1673295275196225,0.31955959626761027,0.8179882094763301,0.2239080210126243,1,12,tracker
0.6517587193815016,0.4425393707855438,0.8727386284811335,0.976760606498565,0.3443541535975051,0.5931680491250225,0.6364421220437398,0.6264301482201236,1,42,camera
0.4464609469901227,0.26371191710358033,0.8128525511160641,0.5822252787595489,0.07360473025260797,0.709259451220742,1.0,0.3944249524325341,0,65,sensor
0.7167158166685788,0.22421111154822315,0.9403605008981722,0.17215200086394467,0.13975331502105215,0.5164092961615842,0.8070646612367253,0.08506889070699208,0,17,sensor
0.5536635762020137,0.7461254911416634,0.8488389396489502,0.4532051711116173,0.41539111600213624,0.3645784560083039,0.6667031013538164,0.173384431594101,0,99,tracker
0.60906861236154,0.744326144115193,0.8001065400330706,0.5690612606786338,0.026227951222887978,0.7930698025432056,0.8496337378362651,0.3944099214241573,1,64,sensor
0.6961270074894704,0.6698110277822105,0.8320248501472663,0.932793290795231,0.36387475497646565,0.5482882263845484,0.45096427377123005,0.43461020910294595,1,85,sensor
0.7173490887838455,0.6715017934498088,1.0,0.9458751265948887,0.299028358968661,0.6328819908998526,0.865834661158287,0.6241280873199012,1,36,sensor
0.6758647487844248,0.7808342273997508,1.0,0.33681515935254847,0.7700431306656421,0.4841209885888775,0.6139026322678662,0.16097217220065754,1,14,tracker
0.3381415342090387,0.5233747861069875,0.885227625799427,0.6419404460361647,0.12468953920629175,0.6281600225270788,0.8015263224133,0.34808954245284607,1,95,sensor
0.9845230154001688,0.2641717334475832,0.8493036548565898,0.2505145720814049,0.6330750960859072,0.417660403381003,0.8485644587186972,0.0754847428729152,1,64,actuator
0.1881478990625153,0.06459822239326639,0.8728914512316757,0.34867376168710085,0.07979314692446673,0.8418431285128274,0.7326468094797922,0.30933341162548494,0,59,actuator
0.9539301729700566,0.07729706500127001,0.9493038959338151,0.40177902663847403,0.6823436833284691,0.6671668148196065,0.6620355074747855,0.27731826988902153,0,53,tracker
0.5650047524963563,0.5338136325327287,0.8076137211835732,0.3081424861311244,0.0021528206425402265,0.9672667270371887,0.2691495969546034,0.31573371736694267,1,47,tracker
0.5925534870802706,0.5463227380225578,0.7716221834086837,0.32714022872466864,0.3401302131916849,0.7945316469671265,0.21886542005877127,0.19866648582381774,0,24,actuator
0.5238413246111773,0.4851029687028515,0.9026206126511944,0.4235632896230182,0.10925497702654483,0.36678460614883873,0.07429439448490013,0.15492908667020872,0,34,tracker
0.6174040662842993,0.9310943283815022,0.6823521503715096,0.2509372193401077,0.2586702547108943,0.8345427111306041,0.8698819687942005,0.19287008811346604,0,69,camera
0.9761653951078013,0.6891756964195614,0.7202620129027082,0.2520889884833185,0.14924765289406366,0.8175930330327613,0.307704047078931,0.20202904636465813,1,12,sensor
0.36206199169710807,0.9523409471586209,0.8120190459541731,0.323102059794237,0.22367502888958052,0.7024827638248614,0.5995589796130893,0.20552941229368607,1,45,tracker
0.5332035856343547,0.9377605471077032,0.6221259034861518,0.4612237352314095,0.3409198812703219,0.8772771127780288,0.19742956440025713,0.32947460659135014,1,46,actuator
0.8813431213250037,0.9926549579314089,0.8677868103708443,0.42101004008151544,0.38312038675797794,0.8536630825177813,0.8008470077687395,0.32508962246933304,1,24,actuator
0.852962370583811,0.3856798760567571,0.6749900813722145,0.3807478796513314,0.3386257942908257,0.4519084020252483,1.0,0.17547151872174072,0,78,actuator
0.8867872275689048,0.689073252347777,0.8194122763558969,0.9308632686303543,0.009651569607604781,0.7395704701487055,0.19647181031043667,0.6297991589203218,1,78,camera
0.7340815874742854,0.7930208859042528,0.8693199058954338,0.4872972152853907,0.2048280473258311,0.7652025713622999,0.2664810988949936,0.3761962128450641,1,74,camera
0.9606505766057645,0.17645146488884086,0.8773646383607147,0.004216107141619855,0.12431776817906148,0.736485648678418,0.1375212760531164,0.0035750762851817787,0,8,camera
0.9901457386546643,0.2896865117376587,0.8494911517129493,0.25509157919359693,0.3236018395019765,0.8385738807723223,0.4738013429368032,0.2313419396863665,0,17,camera
0.5623861836223562,0.2568586175059717,0.6489761782984875,0.9586632368771785,0.04873810947068175,0.745167635866615,0.02074984827168655,0.7705946347891787,1,95,camera
0.8152701522035679,0.8896042545047333,0.7361374273434853,0.3300774313170397,0.1919154273338449,0.9285018861227252,0.23721832178589763,0.30089279823612397,1,51,tracker
0.6341082713770625,0.9714948851598281,0.9857970836112775,0.9841894123780592,0.5120865173972218,0.27618359427138506,0.39761099452352805,0.21427938601085014,1,50,camera
0.8760745116901107,0.4637345386586671,0.8073129814394673,0.6947392532720079,0.27388079125429343,0.7779002102606705,0.127567343658855,0.5743350226393039,1,28,tracker
0.4654614335852578,0.22739993245027978,0.8285047895051325,0.36898951601775803,0.4643174163809912,0.745356593164669,0.35676618976577934,0.26788851061198704,0,39,tracker
0.49664314553948263,0.8313870805199788,1.0,0.3913748428784283,0.08278041353610821,0.8909729329878897,0.8398212393489531,0.3288044320733893,1,36,sensor
0.7799275153471342,0.737550461315263,0.9168850880867813,0.20539505968218186,0.10279571748812533,0.5457594765413277,1.0,0.11522966507257275,0,42,actuator
0.4842080247345841,0.7192879345622901,0.7287327968617141,0.7283771844015772,0.21941364028157445,0.7385457665557862,0.09865066528950098,0.5177259432342336,1,9,camera
0.41484456147829396,0.47841142120370966,1.0,0.18233066900012806,0.3236905140554426,0.7884015620866904,0.8571909704380979,0.14692111239312933,0,12,tracker
0.5309057146184769,0.6024032428654718,0.9608180581085344,0.5599515112496717,0.4261031310672145,0.5084706722850019,0.5301573051167415,0.31267938816919694,0,95,sensor
0.9224581520608476,0.9102647245471672,0.8550997926582472,0.9224116294755706,0.24283507921077133,0.5239449418628714,0.70180893334051,0.49567311059108127,1,1,actuator
0.4005585959174315,0.7030912851410692,0.8587112439235771,0.12833140087809797,0.025987900796224168,0.7799290447879541,0.5336268682901459,0.09804121106879,0,79,tracker
0.11838670028665074,0.46003028733547296,0.9284124413721461,0.46044967071133186,0.0008970392420922334,0.6066482725116361,0.05719024777022745,0.3108809044060666,0,64,actuator
0.19668944418434328,0.10511327323356992,0.8755361716656301,0.6198459384352977,0.05324455360713866,0.3970177537084228,1.0,0.25581022336243403,0,74,sensor
0.6322730823347831,0.7998001160986706,0.8450315421927811,0.44199745360463566,0.2542896280719317,0.8735546010014867,0.811343220593247,0.41230319452381026,1,80,sensor
0.8084557836160555,0.01188999740972564,0.8693872232129712,0.6776546297318929,0.13537374046765094,0.8122061001580525,0.5952908718821961,0.5968320616632757,1,28,actuator
0.604356770080917,0.6373093010896435,0.8989163647883801,0.11261566101193274,0.16340372366068306,0.9169173598640757,0.23640187581456318,0.12390221871825906,0,78,sensor
0.9575877086992982,0.695446340266342,0.7384394970310892,0.03818282032814768,0.1349520242018552,0.7435863579751814,0.5666962699842841,0.02293425146315884,1,78,actuator
0.8413681885764548,0.17378901786317824,0.988482454300577,0.7449093504476866,0.047508414894921656,0.9762542473332799,0.268328190008104,0.7807420095658874,1,39,actuator
0.9589290450238557,0.7080059991569478,0.7532991106785671,0.594541590711203,0.25763999161928713,0.8980866101260658,0.9098252949871987,0.4793277609478201,1,90,actuator
0.838924497517807,0.8724842269896355,0.5250981331071192,0.5123357023486739,0.8654423926758262,0.6150961880014141,1.0,0.3362107383446619,1,10,tracker
0.6023079542879763,0.8652873639627974,0.8414777845168128,0.6565136008102388,0.9399534126306761,0.5090485123343775,1.0,0.34211127603801306,0,73,camera
0.9715227453267269,0.5858605918334462,0.8560092961796515,0.7093222381763773,0.24190594777709254,0.5973331292371351,0.4689992064766447,0.49568405655138204,1,83,tracker
0.9102463483553007,0.6539864296191857,0.6499199536663862,0.9254285728309539,0.023641107195578614,0.7093154320225162,0.46643126337509544,0.7024337113289097,1,60,tracker
0.5396014884901612,0.35336563320430303,0.8760494940675099,0.6895775226805695,0.10632728754047757,0.7218650662773899,0.6677757547553703,0.5971363286113163,1,44,tracker
0.4801110130209365,0.9647673496634935,0.7936072818785106,0.20538434214789333,0.011286272540361929,0.5611750861185999,1.0,0.0952536519274012,1,3,sensor
0.5689912138056777,0.9958988343819983,0.8950084007870205,0.42085104788006594,0.26795515675017356,0.7315153129960519,0.43587029799192156,0.31669185182552867,1,13,tracker
0.5984921739652607,0.5335691079562096,0.8879312216933953,0.6932742260592666,0.9514729333647823,0.44094971289895507,1.0,0.2927254649478737,0,11,tracker
0.7654319121989862,0.39084967917721497,0.9364479811004278,0.4072729384906598,0.08841216793435706,0.7897846606487893,0.46156770788184215,0.31419663913718676,0,72,tracker
0.330369533879519,0.30741412456694606,0.5787718150390944,0.39366340076035916,0.31382718638239815,0.4185380119460934,0.5453019573868642,0.17223397012718186,0,67,tracker
0.7132785724831361,0.12311953324028875,0.7990854271316334,0.6321684119093552,0.07326658764856002,0.6276381914717674,0.3043103053548312,0.3725967313254547,1,67,actuator
0.5267895189934215,0.7553495339685479,0.886524644892551,0.5227647564159229,0.16827525482891156,0.7538799943125898,1.0,0.4053902382668356,1,73,camera
0.5613024404966304,0.5534230095291516,0.8567467004664739,0.27618033395767483,0.004217824358985248,0.7746453994197924,0.11210586424755344,0.21524878363227476,1,58,camera
0.8998638173242792,0.4749941292328325,0.7015200834903117,0.02754439118982076,1.0,0.6475503528483073,0.27838178602039476,0.020143126731575204,0,39,tracker
0.5672086510822472,0.8435416946566194,0.8875455120400975,0.1608572654635293,0.18612946426932578,0.8375874615407368,0.04299126562935684,0.1227121391479226,1,78,tracker
0.9700648461195521,0.8370733467322642,0.7500637562912623,0.5088771915723501,0.24159909426046075,0.7494884253131626,0.22839322250809174,0.4538384591083312,1,54,tracker
0.42302268570383667,0.939438253063337,0.9544103261332526,0.807695795852636,0.035797441010172536,0.7960819320948914,0.6768015149542128,0.6648562069187741,1,10,tracker
0.5839633242198066,0.9871243374859409,0.8658771298577567,0.5289537219362053,0.05001037276970993,0.8702542243547258,0.4472709589036789,0.44154245446745516,1,86,actuator
0.6427089771292402,0.7241804613185671,0.9213260671986009,0.39597190141182337,0.459788444298,0.21052917141893235,0.7587472703477571,0.060672333551768626,1,7,tracker
0.5810656823239148,0.5404863266343055,0.7521550028554762,0.33311904455465824,0.19631997702265452,0.8550064970403327,0.06280072631467087,0.30162052354741115,1,10,actuator
0.7132275810966746,0.5103471497272376,0.9421149694717156,0.4904519983888556,0.009013611906272218,0.6653343558740087,0.6421788060794094,0.3486288314274525,0,17,camera
0.822948375922064,0.6549272968697023,0.7285830894682555,0.6335571394467989,0.022561132113770626,0.8181880977936388,0.9223934155389768,0.49025084981509376,1,58,tracker
0.6826974777201112,0.9085588701319821,0.865141163284131,0.17227883476392256,0.010003753141536221,0.9620758629663861,0.05050171787010294,0.16766231037472742,1,25,tracker
0.4921508379934829,0.6886721363327724,0.8022096441966505,0.15678774149429722,0.09104410445226155,0.9592205238340873,1.0,0.15527094465253946,0,1,camera
0.12710026680371883,0.659999583170524,0.8043712728935954,0.3785157076523023,0.2533401443907133,0.5964604901137396,0.5595409430815481,0.18730863276190288,0,19,sensor
0.1061738106323278,0.4432538845089462,1.0,0.1479827322462332,0.3883345616609928,0.858844137551146,0.5494106997188851,0.13895481442330662,0,45,tracker
0.2878164773599337,0.11998264197816533,0.8759773169096837,0.46881295454802036,0.05495014133802305,0.8623928923890958,0.4653430331346483,0.5543946474160691,0,5,camera
0.9807450933946286,0.7700324169368827,0.9402139974999009,0.44555730829579526,0.17634507148448234,0.9230436609875712,0.2850660199812067,0.3857466319737299,1,19,camera
0.8854050053535361,0.8201887920709152,0.6850652221461089,0.10769306408421021,0.0025640394594974225,0.7479193968947487,0.18769607336016395,0.07533117961125435,1,23,sensor
0.37154017623756014,0.48623247762819855,0.8877264356553293,0.6624398476152604,0.17436229128799333,0.9157254691904981,0.12470337549220144,0.5612264423626762,1,16,sensor
0.8817017430362367,0.4579846627027748,0.8137241039238006,0.4599348510467511,0.05145755352875621,0.5783691529623289,0.3538030528082357,0.27852999482551166,1,64,tracker
0.84887690426456,0.4134373361786175,0.8386795040903896,0.6621284886135966,0.3281902132925614,0.8000280121398565,0.5177627226115558,0.5352081731860769,1,40,camera
0.19829356619112315,0.08941378819381976,0.5904340905746233,0.796711145606747,0.09554300220254194,0.8271322226232815,0.6928442459615076,0.6535679247212354,0,66,sensor
0.7086041272302107,0.8041690499580532,0.94029967284301,0.39582011169818226,0.7585408329692186,0.3440101151635287,0.21950771702972605,0.1406766728261387,0,73,tracker
0.672737478287913,0.8708365813779163,0.8099353935666427,0.9355318808689735,0.7467781449156162,0.6076886500596106,1.0,0.6007585571728365,1,75,sensor
0.8737530146388559,0.19728635924525864,0.8885623257853973,0.18478193001341847,1.0,0.6962902617209312,0.3342887497244593,0.133770097144896,0,76,tracker
0.9929270125631172,0.5723967966069855,0.8839874704174882,0.8192583257721958,0.31346172192055893,0.2919786730703232,0.7839200452364429,0.20602882190396607,1,2,sensor
0.7271361463483693,0.33095019697725686,0.827116281043408,0.38870161270016523,0.34810779987557466,0.6154432398042263,0.6763466275055093,0.2584129172993174,0,49,tracker
0.7884409189534679,0.463844131517635,0.825705425329402,0.41035574931224905,0.439889182407773,0.6590177385761082,0.7961174437301964,0.2643396686782006,1,13,sensor
0.3254139292551401,0.8078852828495005,0.7606358958747163,0.506056041597059,0.3061134586559139,0.8030043176050785,0.4447459645416412,0.4269432749687809,0,7,tracker
0.9729266740055492,0.9194649813561496,0.8597011283121296,0.8392016505444262,0.21781340329507665,0.9194418269593668,1.0,0.7122897820990886,1,29,actuator
0.6292154164218591,0.3091247611570085,0.880918110437339,0.5039334263276822,0.45306207355929456,0.5920887824210679,0.24267871706657115,0.308705722006134,0,86,actuator
0.5145218994203867,0.891225514227204,0.7530064176614393,0.7112842124129447,0.03104987291713197,0.7074288203887336,0.10962411039947587,0.4638503381732443,1,67,tracker
0.5868242281274925,0.9161915971348562,0.5659180448122936,0.20556875786511342,0.4432271487438123,0.5996982446107649,0.4603772821975659,0.11711485292854266,0,19,actuator
0.2949634014379285,0.09664773409545427,0.8684170388612675,0.4152568837378918,0.3788407515174067,0.7757984818683967,1.0,0.3867085685363341,0,61,actuator
0.6997972035099729,0.30063959793642087,0.8684929664808612,0.5116967021934438,0.30082317444652784,0.6323688147068156,0.20497751406314865,0.31274985367268,1,73,sensor
0.46109183281710214,0.7728074333795274,0.806236082061353,0.41608469437481416,0.05617989609849437,0.3433861409978784,0.7335542290555904,0.15500638159899416,1,57,tracker
0.44123204232141283,0.47419746882296077,0.9282880496497297,0.7821732097499026,0.9610761498232829,0.49331727459029817,0.7947025051025305,0.37991191600135893,1,25,camera
0.9082626485550113,0.3795376263842789,0.9218216286227795,0.7060645213974099,0.15179126021112083,0.7926154395520304,0.4697742937535045,0.5919322491453018,1,10,tracker
0.7807880519854412,0.612295055302182,0.8579269133824108,0.21043439937474548,0.16342376871688197,0.9281462877889665,0.8272143397447694,0.19555293005751087,1,62,tracker
0.6578043489349118,0.807976976725781,0.7862670319409397,0.447180223917193,0.03166633969141527,0.2592049276351884,0.4816290387630811,0.12512734079525642,1,77,actuator
0.8179741384920286,0.24321548015347363,0.967590743382415,0.6256179828626999,0.23042930903152956,0.7206400657230437,1.0,0.5165104446805492,1,26,tracker
0.40881980186918293,0.7702763739072486,1.0,0.7373374118665282,0.2095512801759078,0.8559962413627485,0.2530902498364358,0.49716616968193267,1,23,sensor
0.7467754562118742,0.9794597065579788,0.7956344409343397,0.060175909798845316,0.6864458872881645,0.40101398726731025,0.1585876654010836,0.025143270683331168,0,31,actuator
0.8038904864106179,0.6889125802910173,0.7242928211950428,0.7981518015154075,0.7063443966341241,0.6087894303137898,1.0,0.47601566552652497,1,59,camera
0.4827752471579101,0.8063450562786826,0.834870700498064,0.4653699652796809,0.16223305849931863,0.4839569925763485,0.31120848228086523,0.23718272798053933,0,54,tracker
0.6605525866959502,0.12193141800977567,0.9294696027897977,0.3611498588121087,0.3071053120881929,0.858936099169902,0.919245008755075,0.34444552713534426,1,48,sensor
0.9643468311042732,0.387202470265754,0.8225118414076931,0.44323822553605075,0.4849605093379366,0.5898800091957757,0.5760714286841442,0.2383830565438117,1,21,actuator
0.8928349369267701,0.3077187397283139,0.918337506857696,0.3916352890666278,0.42081634334569795,0.8362972073914761,0.18380721312183657,0.42720269294196683,1,74,tracker
0.2246257062791247,0.2619764763737963,0.8532259031677412,0.392192463806665,0.9261540293193461,0.2977504238314889,0.36598467111853356,0.10903755391318995,0,23,actuator
0.2154867347387415,0.815646171740468,0.7839344141632386,0.8520881021955586,0.21562943156349573,0.4177423379299752,0.6181409443642257,0.3400853714294532,0,53,actuator
0.9759272666060934,0.514269931122572,1.0,0.4062399347165518,0.5147417322334469,0.46326598127271357,0.4347264428274044,0.19845488711595038,1,12,actuator
0.5302383725625281,0.9742637797325012,0.8822764638095568,0.7612405411501372,0.01861390366213488,0.7703203187896991,0.6928679720690996,0.6431705307301187,1,22,sensor
